0; 0; 0; 
0,0017453292519943294; 1,5936105365902224E-08; 2,737961300112205E-05; 
0,0034906585039886587; 1,1136810990163738E-07; 8,190934758072357E-05; 
0,005235987755982988; 2,5383321090573857E-07; 0,00013599568397723385; 
0,0069813170079773175; 3,9506912253055915E-07; 0,00018952500162302394; 
0,008726646259971646; 5,347105761686887E-07; 0,00024230651343327362; 
0,010471975511965975; 6,722420685193954E-07; 0,0002941317670035552; 
0,012217304763960303; 8,071205543434883E-07; 0,000344796216689442; 
0,013962634015954632; 9,388137037612698E-07; 0,00039409991321977505; 
0,01570796326794896; 1,066801784374983E-06; 0,0004418482774399251; 
0,01745329251994329; 1,1905796857214495E-06; 0,00048785286837030377; 
0,019198621771937617; 1,3096589129725054E-06; 0,0005319321269079998; 
0,020943951023931946; 1,4235695148203029E-06; 0,0005739120923574627; 
0,022689280275926274; 1,5318619381601518E-06; 0,0006136270889738852; 
0,024434609527920603; 1,634108802271232E-06; 0,0006509203798096783; 
0,02617993877991493; 1,7299065854930462E-06; 0,0006856447852835973; 
0,02792526803190926; 1,818877217741062E-06; 0,0007176632640313084; 
0,029670597283903588; 1,9006695725766122E-06; 0,0007468494537450457; 
0,03141592653589792; 1,974960852942533E-06; 0,0007730881698679112; 
0,03316125578789225; 2,0414578650956777E-06; 0,0007962758601746968; 
0,034906585039886584; 2,099898175708673E-06; 0,0008163210134452094; 
0,036651914291880916; 2,150051147574367E-06; 0,0008331445206172506; 
0,03839724354387525; 2,19171884982552E-06; 0,0008466799869939406; 
0,04014257279586958; 2,2247368390775094E-06; 0,0008568739942732581; 
0,04188790204786391; 2,2489748084112418E-06; 0,0008636863113656694; 
0,043633231299858244; 2,2643371016350306E-06; 0,0008670900531678631; 
0,045378560551852576; 2,270763090795887E-06; 0,0008670717866659677; 
0,04712388980384691; 2,2682274154503485E-06; 0,0008636315839495206; 
0,04886921905584124; 2,256740082750563E-06; 0,0008567830219269649; 
0,05061454830783557; 2,236346427950634E-06; 0,000846553128743793; 
0,052359877559829904; 2,207126935489082E-06; 0,0008329822771148051; 
0,054105206811824236; 2,1691969213535364E-06; 0,0008161240249914487; 
0,05585053606381857; 2,122706077981215E-06; 0,000796044904193052; 
0,0575958653158129; 2,067837883491263E-06; 0,0007728241578361285; 
0,05934119456780723; 2,0048088775804384E-06; 0,0007465534275979986; 
0,061086523819801564; 1,9338678069398565E-06; 0,000717336392048958; 
0,0628318530717959; 1,8552946435654449E-06; 0,0006852883574803245; 
0,06457718232379023; 1,7693994798363778E-06; 0,000650535802843186; 
0,06632251157578456; 1,676521304722126E-06; 0,0006132158805937635; 
0,06806784082777889; 1,5770266659478633E-06; 0,0005734758754153248; 
0,06981317007977322; 1,4713082233980558E-06; 0,0005314726229528278; 
0,07155849933176756; 1,3597831994672848E-06; 0,00048737189085428146; 
0,07330382858376189; 1,2428917324740685E-06; 0,0004413477245615704; 
0,07504915783575622; 1,1210951396359974E-06; 0,00039358176043261054; 
0,07679448708775055; 9,94874096461433E-07; 0,00034426250890562567; 
0,07853981633974488; 8,647267397428756E-07; 0,0002935846105345701; 
0,08028514559173922; 7,311667016386225E-07; 0,00024174806783178486; 
0,08203047484373355; 5,947210826012932E-07; 0,00018895745594945412; 
0,08377580409572788; 4,5592837115315473E-07; 0,00013542111531494096; 
0,08552113334772221; 3,1533631871793406E-07; 8,135032940630238E-05; 
0,08726646259971654; 1,7349977789619445E-07; 2,6958490912927386E-05; 
0,08901179185171088; 3,097851271560709E-08; -2,753974042791796E-05; 
0,09075712110370521; -1,116650105019323E-07; -8,192928499500491E-05; 
0,09250245035569954; -2,5386784293791147E-07; -0,00013599549210414652; 
0,09424777960769387; -3,950687749789997E-07; -0,00018952498713638348; 
0,0959931088596882; -5,347105510550007E-07; -0,0002423065136301235; 
0,09773843811168254; -6,722420688720013E-07; -0,0002941317670138817; 
0,09948376736367687; -8,071205543613523E-07; -0,0003447962166892584; 
0,1012290966156712; -9,388137037609449E-07; -0,0003940999132197702; 
0,10297442586766553; -1,0668017843749768E-06; -0,00044184827743992764; 
0,10471975511965986; -1,1905796857214558E-06; -0,0004878528683703062; 
0,1064650843716542; -1,309658912972512E-06; -0,0005319321269080022; 
0,10821041362364853; -1,4235695148203088E-06; -0,000573912092357465; 
0,10995574287564286; -1,5318619381601577E-06; -0,0006136270889738873; 
0,11170107212763719; -1,6341088022712374E-06; -0,0006509203798096804; 
0,11344640137963152; -1,7299065854930517E-06; -0,0006856447852835994; 
0,11519173063162585; -1,8188772177410678E-06; -0,0007176632640313102; 
0,11693705988362019; -1,9006695725766173E-06; -0,0007468494537450477; 
0,11868238913561452; -1,9749608529425376E-06; -0,0007730881698679129; 
0,12042771838760885; -2,0414578650956823E-06; -0,0007962758601746982; 
0,12217304763960318; -2,0998981757086763E-06; -0,0008163210134452107; 
0,12391837689159751; -2,1500511475743704E-06; -0,0008331445206172516; 
0,12566370614359185; -2,1917188498255236E-06; -0,0008466799869939417; 
0,12740903539558618; -2,224736839077512E-06; -0,0008568739942732585; 
0,1291543646475805; -2,248974808411243E-06; -0,0008636863113656698; 
0,13089969389957484; -2,2643371016350315E-06; -0,0008670900531678632; 
0,13264502315156917; -2,270763090795887E-06; -0,0008670717866659675; 
0,1343903524035635; -2,2682274154503477E-06; -0,0008636315839495203; 
0,13613568165555784; -2,2567400827505617E-06; -0,0008567830219269644; 
0,13788101090755217; -2,2363464279506323E-06; -0,0008465531287437922; 
0,1396263401595465; -2,2071269354890798E-06; -0,000832982277114804; 
0,14137166941154083; -2,1691969213535334E-06; -0,0008161240249914474; 
0,14311699866353517; -2,122706077981212E-06; -0,0007960449041930507; 
0,1448623279155295; -2,0678378834912594E-06; -0,0007728241578361268; 
0,14660765716752383; -2,0048088775804337E-06; -0,0007465534275979967; 
0,14835298641951816; -1,9338678069398514E-06; -0,000717336392048956; 
0,1500983156715125; -1,8552946435654398E-06; -0,0006852883574803223; 
0,15184364492350683; -1,7693994798363716E-06; -0,0006505358028431834; 
0,15358897417550116; -1,6765213047221188E-06; -0,0006132158805937606; 
0,1553343034274955; -1,5770266659478559E-06; -0,000573475875415322; 
0,15707963267948982; -1,4713082233980486E-06; -0,0005314726229528251; 
0,15882496193148415; -1,3597831994672776E-06; -0,0004873718908542783; 
0,1605702911834785; -1,2428917324740603E-06; -0,0004413477245615669; 
0,16231562043547282; -1,1210951396359883E-06; -0,0003935817604326072; 
0,16406094968746715; -9,948740964614242E-07; -0,00034426250890562247; 
0,16580627893946148; -8,647267397428669E-07; -0,00029358461053456653; 
0,16755160819145581; -7,311667016386129E-07; -0,00024174806783178095; 
0,16929693744345015; -5,947210826012832E-07; -0,00018895745594945044; 
0,17104226669544448; -4,5592837115314536E-07; -0,0001354211153149375; 
0,1727875959474388; -3,1533631871792475E-07; -8,135032940629864E-05; 
0,17453292519943314; -1,734997778961844E-07; -2,6958490912923385E-05; 
0,17627825445142747; -3,097851271559684E-08; 2,75397404279217E-05; 
0,1780235837034218; 1,1166501050194188E-07; 8,192928499500838E-05; 
0,17976891295541614; 2,5386784293792074E-07; 0,00013599549210415024; 
0,18151424220741047; 3,950687749790096E-07; 0,00018952498713638736; 
0,1832595714594048; 5,347105510550106E-07; 0,00024230651363012714; 
0,18500490071139913; 6,722420688720105E-07; 0,000294131767013885; 
0,18675022996339347; 8,07120554361361E-07; 0,0003447962166892618; 
0,1884955592153878; 9,388137037609541E-07; 0,0003940999132197738; 
0,19024088846738213; 1,066801784374986E-06; 0,00044184827743993084; 
0,19198621771937646; 1,1905796857214639E-06; 0,0004878528683703091; 
0,1937315469713708; 1,3096589129725194E-06; 0,0005319321269080052; 
0,19547687622336513; 1,4235695148203166E-06; 0,000573912092357468; 
0,19722220547535946; 1,5318619381601656E-06; 0,00061362708897389; 
0,1989675347273538; 1,6341088022712446E-06; 0,0006509203798096829; 
0,20071286397934812; 1,729906585493058E-06; 0,0006856447852836017; 
0,20245819323134245; 1,8188772177410737E-06; 0,0007176632640313126; 
0,20420352248333679; 1,9006695725766232E-06; 0,0007468494537450496; 
0,20594885173533112; 1,9749608529425427E-06; 0,0007730881698679144; 
0,20769418098732545; 2,041457865095686E-06; 0,0007962758601746997; 
0,20943951023931978; 2,09989817570868E-06; 0,0008163210134452121; 
0,2111848394913141; 2,1500511475743734E-06; 0,0008331445206172525; 
0,21293016874330845; 2,1917188498255253E-06; 0,0008466799869939423; 
0,21467549799530278; 2,2247368390775136E-06; 0,0008568739942732592; 
0,2164208272472971; 2,2489748084112443E-06; 0,0008636863113656701; 
0,21816615649929144; 2,2643371016350323E-06; 0,0008670900531678633; 
0,21991148575128577; 2,270763090795887E-06; 0,0008670717866659675; 
0,2216568150032801; 2,2682274154503477E-06; 0,0008636315839495199; 
0,22340214425527444; 2,256740082750561E-06; 0,0008567830219269636; 
0,22514747350726877; 2,23634642795063E-06; 0,0008465531287437914; 
0,2268928027592631; 2,207126935489078E-06; 0,000832982277114803; 
0,22863813201125743; 2,169196921353531E-06; 0,0008161240249914464; 
0,23038346126325177; 2,1227060779812084E-06; 0,0007960449041930491; 
0,2321287905152461; 2,067837883491255E-06; 0,0007728241578361251; 
0,23387411976724043; 2,0048088775804295E-06; 0,0007465534275979952; 
0,23561944901923476; 1,9338678069398467E-06; 0,0007173363920489534; 
0,2373647782712291; 1,8552946435654328E-06; 0,0006852883574803196; 
0,23911010752322343; 1,769399479836365E-06; 0,000650535802843181; 
0,24085543677521776; 1,676521304722113E-06; 0,0006132158805937585; 
0,2426007660272121; 1,5770266659478501E-06; 0,0005734758754153196; 
0,24434609527920642; 1,4713082233980414E-06; 0,0005314726229528217; 
0,24609142453120075; 1,3597831994672687E-06; 0,00048737189085427523; 
0,24783675378319509; 1,2428917324740524E-06; 0,0004413477245615642; 
0,24958208303518942; 1,1210951396359807E-06; 0,00039358176043260333; 
0,25132741228718375; 9,948740964614138E-07; 0,00034426250890561846; 
0,2530727415391781; 8,647267397428571E-07; 0,00029358461053456306; 
0,2548180707911724; 7,311667016386041E-07; 0,00024174806783177805; 
0,25656340004316674; 5,947210826012756E-07; 0,00018895745594944727; 
0,2583087292951611; 4,5592837115313593E-07; 0,00013542111531493318; 
0,2600540585471554; 3,1533631871791395E-07; 8,135032940629492E-05; 
0,26179938779914974; 1,7349977789617512E-07; 2,6958490912920288E-05; 
0,2635447170511441; 3,097851271558794E-08; -2,753974042792596E-05; 
0,2652900463031384; -1,1166501050195323E-07; -8,192928499501276E-05; 
0,26703537555513274; -2,5386784293793164E-07; -0,00013599549210415392; 
0,26878070480712707; -3,9506877497901874E-07; -0,0001895249871363904; 
0,2705260340591214; -5,347105510550185E-07; -0,0002423065136301302; 
0,27227136331111573; -6,722420688720196E-07; -0,0002941317670138892; 
0,27401669256311006; -8,071205543613712E-07; -0,00034479621668926524; 
0,2757620218151044; -9,388137037609625E-07; -0,00039409991321977657; 
0,27750735106709873; -1,0668017843749936E-06; -0,0004418482774399344; 
0,27925268031909306; -1,1905796857214734E-06; -0,00048785286837031266; 
0,2809980095710874; -1,3096589129725283E-06; -0,0005319321269080081; 
0,2827433388230817; -1,423569514820324E-06; -0,0005739120923574703; 
0,28448866807507606; -1,5318619381601713E-06; -0,0006136270889738922; 
0,2862339973270704; -1,6341088022712512E-06; -0,0006509203798096858; 
0,2879793265790647; -1,7299065854930655E-06; -0,000685644785283604; 
0,28972465583105905; -1,818877217741079E-06; -0,0007176632640313144; 
0,2914699850830534; -1,9006695725766283E-06; -0,0007468494537450518; 
0,2932153143350477; -1,9749608529425482E-06; -0,0007730881698679164; 
0,29496064358704205; -2,041457865095691E-06; -0,0007962758601747013; 
0,2967059728390364; -2,099898175708684E-06; -0,0008163210134452133; 
0,2984513020910307; -2,1500511475743763E-06; -0,0008331445206172536; 
0,30019663134302504; -2,1917188498255283E-06; -0,0008466799869939433; 
0,3019419605950194; -2,2247368390775158E-06; -0,0008568739942732597; 
0,3036872898470137; -2,248974808411246E-06; -0,0008636863113656705; 
0,30543261909900804; -2,2643371016350328E-06; -0,0008670900531678635; 
0,3071779483510024; -2,270763090795888E-06; -0,0008670717866659673; 
0,3089232776029967; -2,268227415450347E-06; -0,0008636315839495196; 
0,31066860685499104; -2,2567400827505596E-06; -0,000856783021926963; 
0,31241393610698537; -2,236346427950629E-06; -0,0008465531287437905; 
0,3141592653589797; -2,2071269354890747E-06; -0,0008329822771148017; 
0,31590459461097403; -2,169196921353527E-06; -0,000816124024991445; 
0,31764992386296836; -2,122706077981205E-06; -0,0007960449041930479; 
0,3193952531149627; -2,067837883491252E-06; -0,0007728241578361233; 
0,32114058236695703; -2,0048088775804244E-06; -0,0007465534275979929; 
0,32288591161895136; -1,9338678069398408E-06; -0,0007173363920489517; 
0,3246312408709457; -1,8552946435654284E-06; -0,0006852883574803177; 
0,32637657012294; -1,7693994798363602E-06; -0,0006505358028431789; 
0,32812189937493436; -1,6765213047221065E-06; -0,0006132158805937552; 
0,3298672286269287; -1,5770266659478415E-06; -0,0005734758754153163; 
0,331612557878923; -1,4713082233980336E-06; -0,0005314726229528194; 
0,33335788713091735; -1,359783199467262E-06; -0,00048737189085427165; 
0,3351032163829117; -1,242891732474043E-06; -0,0004413477245615603; 
0,336848545634906; -1,121095139635971E-06; -0,00039358176043260046; 
0,33859387488690035; -9,948740964614064E-07; -0,00034426250890561575; 
0,3403392041388947; -8,647267397428497E-07; -0,00029358461053456; 
0,342084533390889; -7,31166701638595E-07; -0,00024174806783177364; 
0,34382986264288334; -5,94721082601264E-07; -0,00018895745594944312; 
0,3455751918948777; -4,559283711531261E-07; -0,00013542111531493023; 
0,347320521146872; -3,153363187179053E-07; -8,135032940629067E-05; 
0,34906585039886634; -1,7349977789616377E-07; -2,6958490912915775E-05; 
0,35081117965086067; -3,097851271557702E-08; 2,753974042792919E-05; 
0,352556508902855; 1,1166501050196146E-07; 8,192928499501573E-05; 
0,35430183815484934; 2,5386784293793937E-07; 0,00013599549210415712; 
0,35604716740684367; 3,9506877497902816E-07; 0,00018952498713639484; 
0,357792496658838; 5,3471055105503E-07; 0,00024230651363013435; 
0,35953782591083233; 6,722420688720293E-07; 0,0002941317670138919; 
0,36128315516282666; 8,071205543613793E-07; 0,0003447962166892692; 
0,363028484414821; 9,388137037609731E-07; 0,00039409991321978047; 
0,3647738136668153; 1,066801784375003E-06; 0,0004418482774399373; 
0,36651914291880966; 1,1905796857214804E-06; 0,0004878528683703152; 
0,368264472170804; 1,3096589129725348E-06; 0,0005319321269080106; 
0,3700098014227983; 1,4235695148203313E-06; 0,0005739120923574737; 
0,37175513067479266; 1,53186193816018E-06; 0,0006136270889738954; 
0,373500459926787; 1,6341088022712582E-06; 0,0006509203798096878; 
0,3752457891787813; 1,729906585493071E-06; 0,0006856447852836066; 
0,37699111843077565; 1,8188772177410862E-06; 0,0007176632640313168; 
0,37873644768277; 1,9006695725766336E-06; 0,0007468494537450532; 
0,3804817769347643; 1,974960852942552E-06; 0,0007730881698679177; 
0,38222710618675865; 2,041457865095694E-06; 0,0007962758601747023; 
0,383972435438753; 2,0998981757086873E-06; 0,0008163210134452147; 
0,3857177646907473; 2,15005114757438E-06; 0,0008331445206172546; 
0,38746309394274164; 2,1917188498255304E-06; 0,000846679986993944; 
0,389208423194736; 2,2247368390775175E-06; 0,0008568739942732604; 
0,3909537524467303; 2,2489748084112473E-06; 0,0008636863113656708; 
0,39269908169872464; 2,2643371016350336E-06; 0,0008670900531678636; 
0,39444441095071897; 2,270763090795888E-06; 0,0008670717866659673; 
0,3961897402027133; 2,2682274154503464E-06; 0,0008636315839495192; 
0,39793506945470764; 2,2567400827505583E-06; 0,0008567830219269624; 
0,39968039870670197; 2,2363464279506264E-06; 0,0008465531287437896; 
0,4014257279586963; 2,2071269354890726E-06; 0,0008329822771148012; 
0,40317105721069063; 2,169196921353525E-06; 0,0008161240249914436; 
0,40491638646268496; 2,122706077981201E-06; 0,0007960449041930459; 
0,4066617157146793; 2,0678378834912467E-06; 0,0007728241578361217; 
0,4084070449666736; 2,00480887758042E-06; 0,0007465534275979914; 
0,41015237421866796; 1,933867806939837E-06; 0,00071733639204895; 
0,4118977034706623; 1,8552946435654226E-06; 0,0006852883574803149; 
0,4136430327226566; 1,7693994798363526E-06; 0,0006505358028431762; 
0,41538836197465095; 1,6765213047220998E-06; 0,0006132158805937532; 
0,4171336912266453; 1,5770266659478355E-06; 0,0005734758754153132; 
0,4188790204786396; 1,4713082233980249E-06; 0,0005314726229528157; 
0,42062434973063395; 1,359783199467253E-06; 0,00048737189085426894; 
0,4223696789826283; 1,2428917324740357E-06; 0,0004413477245615577; 
0,4241150082346226; 1,1210951396359642E-06; 0,00039358176043259764; 
0,42586033748661695; 9,94874096461398E-07; 0,0003442625089056116; 
0,4276056667386113; 8,647267397428389E-07; 0,000293584610534556; 
0,4293509959906056; 7,311667016385855E-07; 0,00024174806783177082; 
0,43109632524259994; 5,947210826012558E-07; 0,00018895745594943894; 
0,4328416544945943; 4,559283711531149E-07; 0,00013542111531492578; 
0,4345869837465886; 3,153363187178945E-07; 8,135032940628747E-05; 
0,43633231299858294; 1,734997778961556E-07; 2,69584909129128E-05; 
0,43807764225057727; 3,0978512715569224E-08; -2,7539740427932415E-05; 
0,4398229715025716; -1,1166501050197103E-07; -8,192928499502021E-05; 
0,44156830075456593; -2,5386784293795107E-07; -0,00013599549210416132; 
0,44331363000656027; -3,9506877497903806E-07; -0,00018952498713639769; 
0,4450589592585546; -5,347105510550384E-07; -0,00024230651363013823; 
0,44680428851054893; -6,722420688720395E-07; -0,00029413176701389575; 
0,44854961776254326; -8,071205543613884E-07; -0,0003447962166892722; 
0,4502949470145376; -9,38813703760981E-07; -0,0003940999132197838; 
0,4520402762665319; -1,0668017843750116E-06; -0,0004418482774399404; 
0,45378560551852626; -1,1905796857214887E-06; -0,000487852868370318; 
0,4555309347705206; -1,3096589129725437E-06; -0,0005319321269080148; 
0,4572762640225149; -1,4235695148203414E-06; -0,0005739120923574767; 
0,45902159327450925; -1,5318619381601874E-06; -0,0006136270889738983; 
0,4607669225265036; -1,6341088022712654E-06; -0,0006509203798096904; 
0,4625122517784979; -1,729906585493077E-06; -0,0006856447852836087; 
0,46425758103049225; -1,8188772177410915E-06; -0,0007176632640313188; 
0,4660029102824866; -1,900669572576639E-06; -0,000746849453745055; 
0,4677482395344809; -1,9749608529425567E-06; -0,0007730881698679193; 
0,46949356878647525; -2,0414578650956984E-06; -0,0007962758601747036; 
0,4712388980384696; -2,0998981757086907E-06; -0,0008163210134452161; 
0,4729842272904639; -2,150051147574383E-06; -0,0008331445206172558; 
0,47472955654245824; -2,1917188498255333E-06; -0,0008466799869939448; 
0,4764748857944526; -2,2247368390775196E-06; -0,0008568739942732609; 
0,4782202150464469; -2,2489748084112485E-06; -0,0008636863113656713; 
0,47996554429844124; -2,264337101635035E-06; -0,0008670900531678638; 
0,48171087355043557; -2,2707630907958883E-06; -0,0008670717866659673; 
0,4834562028024299; -2,2682274154503464E-06; -0,0008636315839495189; 
0,48520153205442423; -2,2567400827505574E-06; -0,0008567830219269618; 
0,48694686130641857; -2,236346427950625E-06; -0,0008465531287437887; 
0,4886921905584129; -2,2071269354890705E-06; -0,0008329822771148; 
0,49043751981040723; -2,169196921353522E-06; -0,0008161240249914424; 
0,49218284906240156; -2,122706077981198E-06; -0,0007960449041930446; 
0,4939281783143959; -2,0678378834912433E-06; -0,0007728241578361201; 
0,4956735075663902; -2,004808877580416E-06; -0,0007465534275979896; 
0,49741883681838456; -1,9338678069398323E-06; -0,0007173363920489479; 
0,4991641660703789; -1,8552946435654171E-06; -0,0006852883574803124; 
0,5009094953223732; -1,769399479836346E-06; -0,0006505358028431733; 
0,5026548245743675; -1,6765213047220936E-06; -0,0006132158805937519; 
0,5044001538263618; -1,5770266659478328E-06; -0,0005734758754153127; 
0,5061454830783562; -1,471308223398024E-06; -0,0005314726229528154; 
0,5078908123303505; -1,359783199467252E-06; -0,0004873718908542687; 
0,5096361415823448; -1,2428917324740353E-06; -0,00044134772456155743; 
0,5113814708343392; -1,1210951396359633E-06; -0,00039358176043259753; 
0,5131268000863335; -9,948740964613971E-07; -0,00034426250890561027; 
0,5148721293383278; -8,647267397428348E-07; -0,00029358461053455423; 
0,5166174585903222; -7,311667016385809E-07; -0,00024174806783176895; 
0,5183627878423165; -5,947210826012516E-07; -0,00018895745594943832; 
0,5201081170943108; -4,559283711531135E-07; -0,00013542111531492538; 
0,5218534463463051; -3,153363187178935E-07; -8,135032940628705E-05; 
0,5235987755982995; -1,734997778961545E-07; -2,695849091291239E-05; 
0,5253441048502938; -3,097851271556815E-08; 2,7539740427933086E-05; 
0,5270894341022881; 1,116650105019721E-07; 8,19292849950201E-05; 
0,5288347633542825; 2,538678429379526E-07; 0,00013599549210416325; 
0,5305800926062768; 3,9506877497904303E-07; 0,00018952498713639958; 
0,5323254218582711; 5,347105510550424E-07; 0,0002423065136301391; 
0,5340707511102655; 6,722420688720416E-07; 0,00029413176701389656; 
0,5358160803622598; 8,071205543613905E-07; 0,00034479621668927256; 
0,5375614096142541; 9,388137037609813E-07; 0,00039409991321978356; 
0,5393067388662485; 1,0668017843750111E-06; 0,0004418482774399402; 
0,5410520681182428; 1,1905796857214895E-06; 0,00048785286837032003; 
0,5427973973702371; 1,3096589129725477E-06; 0,0005319321269080156; 
0,5445427266222315; 1,4235695148203433E-06; 0,0005739120923574774; 
0,5462880558742258; 1,5318619381601895E-06; 0,0006136270889738988; 
0,5480333851262201; 1,6341088022712673E-06; 0,0006509203798096909; 
0,5497787143782145; 1,7299065854930786E-06; 0,0006856447852836089; 
0,5515240436302088; 1,818877217741092E-06; 0,0007176632640313187; 
0,5532693728822031; 1,9006695725766385E-06; 0,0007468494537450553; 
0,5550147021341975; 1,9749608529425575E-06; 0,0007730881698679198; 
0,5567600313861918; 2,0414578650957E-06; 0,0007962758601747049; 
0,5585053606381861; 2,0998981757086933E-06; 0,0008163210134452166; 
0,5602506898901805; 2,1500511475743844E-06; 0,000833144520617256; 
0,5619960191421748; 2,191718849825534E-06; 0,000846679986993945; 
0,5637413483941691; 2,22473683907752E-06; 0,000856873994273261; 
0,5654866776461634; 2,248974808411249E-06; 0,0008636863113656713; 
0,5672320068981578; 2,264337101635035E-06; 0,0008670900531678637; 
0,5689773361501521; 2,270763090795888E-06; 0,0008670717866659668; 
0,5707226654021464; 2,2682274154503456E-06; 0,0008636315839495186; 
0,5724679946541408; 2,256740082750557E-06; 0,0008567830219269616; 
0,5742133239061351; 2,2363464279506247E-06; 0,0008465531287437885; 
0,5759586531581294; 2,2071269354890696E-06; 0,0008329822771147995; 
0,5777039824101238; 2,169196921353521E-06; 0,0008161240249914424; 
0,5794493116621181; 2,122706077981198E-06; 0,0007960449041930446; 
0,5811946409141124; 2,0678378834912433E-06; 0,0007728241578361199; 
0,5829399701661068; 2,0048088775804155E-06; 0,0007465534275979892; 
0,5846852994181011; 1,93386780693983E-06; 0,0007173363920489464; 
0,5864306286700954; 1,855294643565414E-06; 0,0006852883574803121; 
0,5881759579220898; 1,7693994798363445E-06; 0,0006505358028431728; 
0,5899212871740841; 1,676521304722091E-06; 0,0006132158805937498; 
0,5916666164260784; 1,577026665947827E-06; 0,0005734758754153104; 
0,5934119456780728; 1,4713082233980177E-06; 0,000531472622952813; 
0,5951572749300671; 1,3597831994672458E-06; 0,00048737189085426623; 
0,5969026041820614; 1,242891732474027E-06; 0,0004413477245615526; 
0,5986479334340558; 1,1210951396359504E-06; 0,00039358176043259216; 
0,6003932626860501; 9,948740964613846E-07; 0,00034426250890560707; 
0,6021385919380444; 8,647267397428268E-07; 0,00029358461053455135; 
0,6038839211900388; 7,311667016385734E-07; 0,00024174806783176605; 
0,6056292504420331; 5,947210826012441E-07; 0,00018895745594943545; 
0,6073745796940274; 4,559283711531059E-07; 0,00013542111531492245; 
0,6091199089460217; 3,1533631871788583E-07; 8,135032940628358E-05; 
0,6108652381980161; 1,7349977789614495E-07; 2,695849091290839E-05; 
0,6126105674500104; 3,097851271555588E-08; -2,7539740427938632E-05; 
0,6143558967020047; -1,1166501050198616E-07; -8,192928499502512E-05; 
0,6161012259539991; -2,5386784293796394E-07; -0,00013599549210416617; 
0,6178465552059934; -3,950687749790507E-07; -0,00018952498713640248; 
0,6195918844579877; -5,3471055105505E-07; -0,00024230651363014197; 
0,6213372137099821; -6,722420688720491E-07; -0,00029413176701389933; 
0,6230825429619764; -8,071205543613977E-07; -0,00034479621668927527; 
0,6248278722139707; -9,388137037609902E-07; -0,00039409991321978855; 
0,6265732014659651; -1,0668017843750243E-06; -0,0004418482774399454; 
0,6283185307179594; -1,1905796857215018E-06; -0,000487852868370323; 
0,6300638599699537; -1,3096589129725551E-06; -0,0005319321269080179; 
0,6318091892219481; -1,4235695148203493E-06; -0,0005739120923574796; 
0,6335545184739424; -1,5318619381601952E-06; -0,000613627088973901; 
0,6352998477259367; -1,6341088022712728E-06; -0,000650920379809693; 
0,6370451769779311; -1,7299065854930835E-06; -0,000685644785283611; 
0,6387905062299254; -1,8188772177410976E-06; -0,0007176632640313209; 
0,6405358354819197; -1,9006695725766454E-06; -0,0007468494537450581; 
0,6422811647339141; -1,9749608529425643E-06; -0,000773088169867922; 
0,6440264939859084; -2,041457865095705E-06; -0,0007962758601747061; 
0,6457718232379027; -2,0998981757086962E-06; -0,0008163210134452174; 
0,647517152489897; -2,1500511475743865E-06; -0,000833144520617257; 
0,6492624817418914; -2,1917188498255363E-06; -0,0008466799869939458; 
0,6510078109938857; -2,224736839077522E-06; -0,0008568739942732615; 
0,65275314024588; -2,24897480841125E-06; -0,0008636863113656715; 
0,6544984694978744; -2,2643371016350353E-06; -0,0008670900531678638; 
0,6562437987498687; -2,270763090795888E-06; -0,0008670717866659668; 
0,657989128001863; -2,268227415450345E-06; -0,0008636315839495183; 
0,6597344572538574; -2,2567400827505557E-06; -0,0008567830219269612; 
0,6614797865058517; -2,236346427950623E-06; -0,0008465531287437878; 
0,663225115757846; -2,207126935489068E-06; -0,0008329822771147988; 
0,6649704450098404; -2,169196921353519E-06; -0,0008161240249914412; 
0,6667157742618347; -2,122706077981195E-06; -0,000796044904193043; 
0,668461103513829; -2,0678378834912383E-06; -0,0007728241578361174; 
0,6702064327658234; -2,0048088775804088E-06; -0,0007465534275979865; 
0,6719517620178177; -1,9338678069398243E-06; -0,0007173363920489447; 
0,673697091269812; -1,8552946435654093E-06; -0,0006852883574803102; 
0,6754424205218064; -1,7693994798363397E-06; -0,0006505358028431708; 
0,6771877497738007; -1,6765213047220856E-06; -0,0006132158805937476; 
0,678933079025795; -1,5770266659478214E-06; -0,0005734758754153082; 
0,6806784082777894; -1,4713082233980105E-06; -0,0005314726229528087; 
0,6824237375297837; -1,359783199467234E-06; -0,0004873718908542612; 
0,684169066781778; -1,2428917324740152E-06; -0,0004413477245615496; 
0,6859143960337724; -1,121095139635943E-06; -0,00039358176043258945; 
0,6876597252857667; -9,948740964613774E-07; -0,00034426250890560436; 
0,689405054537761; -8,647267397428197E-07; -0,00029358461053454854; 
0,6911503837897554; -7,31166701638566E-07; -0,00024174806783176325; 
0,6928957130417497; -5,947210826012367E-07; -0,000188957455949432; 
0,694641042293744; -4,5592837115309644E-07; -0,0001354211153149185; 
0,6963863715457383; -3,153363187178736E-07; -8,135032940627804E-05; 
0,6981317007977327; -1,7349977789613086E-07; -2,695849091290336E-05; 
0,699877030049727; -3,0978512715544515E-08; 2,7539740427941597E-05; 
0,7016223593017213; 1,1166501050199391E-07; 8,192928499502809E-05; 
0,7033676885537157; 2,5386784293797166E-07; 0,0001359954921041691; 
0,70511301780571; 3,9506877497905833E-07; 0,0001895249871364054; 
0,7068583470577043; 5,347105510550577E-07; 0,00024230651363014476; 
0,7086036763096987; 6,722420688720581E-07; 0,0002941317670139046; 
0,710349005561693; 8,071205543614118E-07; 0,0003447962166892808; 
0,7120943348136873; 9,38813703761003E-07; 0,0003940999132197916; 
0,7138396640656817; 1,0668017843750319E-06; 0,0004418482774399478; 
0,715584993317676; 1,190579685721508E-06; 0,0004878528683703254; 
0,7173303225696703; 1,3096589129725613E-06; 0,0005319321269080203; 
0,7190756518216647; 1,4235695148203556E-06; 0,0005739120923574819; 
0,720820981073659; 1,531861938160201E-06; 0,0006136270889739034; 
0,7225663103256533; 1,6341088022712794E-06; 0,0006509203798096956; 
0,7243116395776477; 1,7299065854930918E-06; 0,0006856447852836143; 
0,726056968829642; 1,8188772177411055E-06; 0,0007176632640313238; 
0,7278022980816363; 1,9006695725766516E-06; 0,0007468494537450595; 
0,7295476273336307; 1,974960852942568E-06; 0,0007730881698679233; 
0,731292956585625; 2,0414578650957086E-06; 0,0007962758601747073; 
0,7330382858376193; 2,0998981757086996E-06; 0,0008163210134452185; 
0,7347836150896137; 2,1500511475743894E-06; 0,0008331445206172578; 
0,736528944341608; 2,191718849825539E-06; 0,0008466799869939469; 
0,7382742735936023; 2,2247368390775247E-06; 0,0008568739942732623; 
0,7400196028455966; 2,248974808411252E-06; 0,0008636863113656721; 
0,741764932097591; 2,2643371016350366E-06; 0,0008670900531678639; 
0,7435102613495853; 2,2707630907958883E-06; 0,0008670717866659668; 
0,7452555906015796; 2,268227415450345E-06; 0,000863631583949518; 
0,747000919853574; 2,256740082750555E-06; 0,0008567830219269607; 
0,7487462491055683; 2,236346427950622E-06; 0,000846553128743787; 
0,7504915783575626; 2,2071269354890654E-06; 0,0008329822771147978; 
0,752236907609557; 2,1691969213535156E-06; 0,0008161240249914391; 
0,7539822368615513; 2,1227060779811894E-06; 0,0007960449041930411; 
0,7557275661135456; 2,0678378834912336E-06; 0,000772824157836116; 
0,75747289536554; 2,0048088775804054E-06; 0,0007465534275979851; 
0,7592182246175343; 1,93386780693982E-06; 0,0007173363920489431; 
0,7609635538695286; 1,8552946435654049E-06; 0,0006852883574803083; 
0,762708883121523; 1,769399479836335E-06; 0,0006505358028431688; 
0,7644542123735173; 1,676521304722079E-06; 0,0006132158805937437; 
0,7661995416255116; 1,5770266659478106E-06; 0,0005734758754153038; 
0,767944870877506; 1,4713082233979999E-06; 0,0005314726229528059; 
0,7696902001295003; 1,359783199467227E-06; 0,00048737189085425875; 
0,7714355293814946; 1,2428917324740088E-06; 0,0004413477245615472; 
0,773180858633489; 1,1210951396359365E-06; 0,0003935817604325868; 
0,7749261878854833; 9,948740964613704E-07; 0,0003442625089056016; 
0,7766715171374776; 8,647267397428124E-07; 0,0002935846105345453; 
0,778416846389472; 7,311667016385569E-07; 0,00024174806783175935; 
0,7801621756414663; 5,947210826012246E-07; 0,0001889574559494266; 
0,7819075048934606; 4,559283711530827E-07; 0,0001354211153149135; 
0,783652834145455; 3,153363187178624E-07; 8,135032940627511E-05; 
0,7853981633974493; 1,734997778961232E-07; 2,6958490912900393E-05; 
0,7871434926494436; 3,097851271553673E-08; -2,7539740427944568E-05; 
0,7888888219014379; -1,1166501050200168E-07; -8,192928499503104E-05; 
0,7906341511534323; -2,538678429379794E-07; -0,00013599549210417206; 
0,7923794804054266; -3,9506877497906786E-07; -0,00018952498713641083; 
0,7941248096574209; -5,347105510550722E-07; -0,0002423065136301506; 
0,7958701389094153; -6,722420688720717E-07; -0,0002941317670139079; 
0,7976154681614096; -8,0712055436142E-07; -0,0003447962166892835; 
0,7993607974134039; -9,388137037610101E-07; -0,00039409991321979435; 
0,8011061266653983; -1,066801784375039E-06; -0,00044184827743995046; 
0,8028514559173926; -1,1905796857215147E-06; -0,00048785286837032784; 
0,8045967851693869; -1,3096589129725674E-06; -0,000531932126908023; 
0,8063421144213813; -1,4235695148203628E-06; -0,0005739120923574848; 
0,8080874436733756; -1,5318619381602102E-06; -0,0006136270889739072; 
0,8098327729253699; -1,6341088022712885E-06; -0,0006509203798096989; 
0,8115781021773643; -1,7299065854930992E-06; -0,0006856447852836161; 
0,8133234314293586; -1,8188772177411105E-06; -0,0007176632640313255; 
0,8150687606813529; -1,900669572576656E-06; -0,0007468494537450611; 
0,8168140899333473; -1,974960852942572E-06; -0,0007730881698679247; 
0,8185594191853416; -2,0414578650957115E-06; -0,0007962758601747084; 
0,8203047484373359; -2,099898175708703E-06; -0,0008163210134452205; 
0,8220500776893302; -2,1500511475743945E-06; -0,0008331445206172594; 
0,8237954069413246; -2,1917188498255427E-06; -0,0008466799869939478; 
0,8255407361933189; -2,2247368390775264E-06; -0,0008568739942732629; 
0,8272860654453132; -2,248974808411253E-06; -0,0008636863113656724; 
0,8290313946973076; -2,264337101635037E-06; -0,0008670900531678639; 
0,8307767239493019; -2,2707630907958883E-06; -0,0008670717866659668; 
0,8325220532012962; -2,2682274154503443E-06; -0,0008636315839495177; 
0,8342673824532906; -2,256740082750554E-06; -0,0008567830219269601; 
0,8360127117052849; -2,2363464279506196E-06; -0,0008465531287437858; 
0,8377580409572792; -2,207126935489062E-06; -0,0008329822771147963; 
0,8395033702092736; -2,1691969213535122E-06; -0,0008161240249914383; 
0,8412486994612679; -2,122706077981187E-06; -0,0007960449041930399; 
0,8429940287132622; -2,0678378834912306E-06; -0,0007728241578361147; 
0,8447393579652566; -2,0048088775804016E-06; -0,0007465534275979836; 
0,8464846872172509; -1,9338678069398162E-06; -0,0007173363920489413; 
0,8482300164692452; -1,8552946435653994E-06; -0,0006852883574803048; 
0,8499753457212396; -1,7693994798363255E-06; -0,0006505358028431648; 
0,8517206749732339; -1,6765213047220697E-06; -0,0006132158805937411; 
0,8534660042252282; -1,5770266659478042E-06; -0,0005734758754153014; 
0,8552113334772226; -1,471308223397994E-06; -0,0005314726229528036; 
0,8569566627292169; -1,3597831994672204E-06; -0,00048737189085425626; 
0,8587019919812112; -1,2428917324740022E-06; -0,0004413477245615445; 
0,8604473212332056; -1,1210951396359295E-06; -0,00039358176043258376; 
0,8621926504851999; -9,94874096461362E-07; -0,0003442625089055979; 
0,8639379797371942; -8,647267397428011E-07; -0,0002935846105345401; 
0,8656833089891885; -7,311667016385435E-07; -0,00024174806783175455; 
0,8674286382411829; -5,947210826012138E-07; -0,00018895745594942368; 
0,8691739674931772; -4,55928371153075E-07; -0,00013542111531491058; 
0,8709192967451715; -3,1533631871785465E-07; -8,135032940627214E-05; 
0,8726646259971659; -1,7349977789611538E-07; -2,6958490912897415E-05; 
0,8744099552491602; -3,097851271552894E-08; 2,7539740427947543E-05; 
0,8761552845011545; 1,1166501050201127E-07; 8,192928499503656E-05; 
0,8779006137531489; 2,538678429379943E-07; 0,00013599549210417805; 
0,8796459430051432; 3,950687749790816E-07; 0,0001895249871364142; 
0,8813912722571375; 5,347105510550805E-07; 0,00024230651363015346; 
0,8831366015091319; 6,722420688720791E-07; 0,00029413176701391066; 
0,8848819307611262; 8,071205543614273E-07; 0,00034479621668928633; 
0,8866272600131205; 9,388137037610172E-07; 0,00039409991321979695; 
0,8883725892651149; 1,0668017843750459E-06; 0,0004418482774399535; 
0,8901179185171092; 1,190579685721523E-06; 0,00048785286837033077; 
0,8918632477691035; 1,3096589129725761E-06; 0,0005319321269080271; 
0,8936085770210979; 1,423569514820372E-06; 0,0005739120923574867; 
0,8953539062730922; 1,5318619381602145E-06; 0,000613627088973909; 
0,8970992355250865; 1,6341088022712925E-06; 0,0006509203798096998; 
0,8988445647770809; 1,729906585493103E-06; 0,0006856447852836183; 
0,9005898940290752; 1,8188772177411167E-06; 0,0007176632640313286; 
0,9023352232810695; 1,9006695725766634E-06; 0,0007468494537450628; 
0,9040805525330639; 1,974960852942577E-06; 0,0007730881698679272; 
0,9058258817850582; 2,0414578650957175E-06; 0,0007962758601747098; 
0,9075712110370525; 2,099898175708706E-06; 0,0008163210134452213; 
0,9093165402890468; 2,1500511475743962E-06; 0,0008331445206172598; 
0,9110618695410412; 2,191718849825544E-06; 0,0008466799869939484; 
0,9128071987930355; 2,224736839077528E-06; 0,0008568739942732637; 
0,9145525280450298; 2,248974808411255E-06; 0,0008636863113656726; 
0,9162978572970242; 2,264337101635038E-06; 0,0008670900531678641; 
0,9180431865490185; 2,2707630907958883E-06; 0,0008670717866659666; 
0,9197885158010128; 2,2682274154503443E-06; 0,0008636315839495174; 
0,9215338450530072; 2,256740082750553E-06; 0,0008567830219269598; 
0,9232791743050015; 2,236346427950619E-06; 0,0008465531287437854; 
0,9250245035569958; 2,2071269354890603E-06; 0,0008329822771147947; 
0,9267698328089902; 2,169196921353508E-06; 0,0008161240249914371; 
0,9285151620609845; 2,1227060779811826E-06; 0,0007960449041930376; 
0,9302604913129788; 2,0678378834912247E-06; 0,000772824157836113; 
0,9320058205649732; 2,004808877580396E-06; 0,0007465534275979807; 
0,9337511498169675; 1,933867806939809E-06; 0,0007173363920489395; 
0,9354964790689618; 1,8552946435653945E-06; 0,000685288357480303; 
0,9372418083209562; 1,7693994798363217E-06; 0,0006505358028431645; 
0,9389871375729505; 1,676521304722068E-06; 0,0006132158805937395; 
0,9407324668249448; 1,577026665947798E-06; 0,0005734758754152973; 
0,9424777960769392; 1,4713082233979838E-06; 0,0005314726229528007; 
0,9442231253289335; 1,359783199467212E-06; 0,00048737189085425165; 
0,9459684545809278; 1,2428917324739914E-06; 0,0004413477245615416; 
0,9477137838329222; 1,1210951396359201E-06; 0,00039358176043257915; 
0,9494591130849165; 9,948740964613516E-07; 0,0003442625089055957; 
0,9512044423369108; 8,647267397427954E-07; 0,00029358461053453775; 
0,9529497715889051; 7,311667016385389E-07; 0,00024174806783175317; 
0,9546951008408995; 5,94721082601208E-07; 0,00018895745594942027; 
0,9564404300928938; 4,559283711530648E-07; 0,0001354211153149051; 
0,9581857593448881; 3,1533631871784163E-07; 8,135032940626867E-05; 
0,9599310885968825; 1,7349977789610495E-07; 2,6958490912891865E-05; 
0,9616764178488768; 3,097851271551576E-08; -2,7539740427951026E-05; 
0,9634217471008711; -1,1166501050201992E-07; -8,192928499503954E-05; 
0,9651670763528655; -2,5386784293800025E-07; -0,00013599549210417943; 
0,9669124056048598; -3,950687749790875E-07; -0,0001895249871364176; 
0,9686577348568541; -5,347105510550907E-07; -0,0002423065136301588; 
0,9704030641088485; -6,722420688720917E-07; -0,00029413176701391396; 
0,9721483933608428; -8,071205543614371E-07; -0,00034479621668929137; 
0,9738937226128371; -9,388137037610293E-07; -0,00039409991321980004; 
0,9756390518648315; -1,0668017843750552E-06; -0,0004418482774399579; 
0,9773843811168258; -1,190579685721533E-06; -0,0004878528683703332; 
0,9791297103688201; -1,3096589129725825E-06; -0,0005319321269080294; 
0,9808750396208145; -1,4235695148203806E-06; -0,0005739120923574928; 
0,9826203688728088; -1,5318619381602282E-06; -0,0006136270889739118; 
0,9843656981248031; -1,6341088022713018E-06; -0,0006509203798097046; 
0,9861110273767975; -1,729906585493113E-06; -0,0006856447852836202; 
0,9878563566287918; -1,8188772177411213E-06; -0,0007176632640313303; 
0,9896016858807861; -1,9006695725766677E-06; -0,0007468494537450646; 
0,9913470151327805; -1,9749608529425812E-06; -0,0007730881698679287; 
0,9930923443847748; -2,0414578650957213E-06; -0,000796275860174711; 
0,9948376736367691; -2,099898175708709E-06; -0,0008163210134452224; 
0,9965830028887634; -2,1500511475743996E-06; -0,0008331445206172618; 
0,9983283321407578; -2,191718849825548E-06; -0,0008466799869939491; 
1,0000736613927521; -2,22473683907753E-06; -0,0008568739942732643; 
1,0018189906447463; -2,2489748084112566E-06; -0,0008636863113656731; 
1,0035643198967406; -2,2643371016350387E-06; -0,0008670900531678641; 
1,0053096491487348; -2,2707630907958883E-06; -0,0008670717866659668; 
1,007054978400729; -2,268227415450345E-06; -0,000863631583949518; 
1,0088003076527232; -2,256740082750555E-06; -0,0008567830219269612; 
1,0105456369047174; -2,236346427950624E-06; -0,0008465531287437885; 
1,0122909661567117; -2,20712693548907E-06; -0,0008329822771148005; 
1,0140362954087059; -2,1691969213535245E-06; -0,0008161240249914443; 
1,0157816246607; -2,122706077981204E-06; -0,0007960449041930483; 
1,0175269539126943; -2,0678378834912543E-06; -0,0007728241578361258; 
1,0192722831646885; -2,0048088775804325E-06; -0,0007465534275979974; 
1,0210176124166828; -1,933867806939855E-06; -0,0007173363920489586; 
1,022762941668677; -1,855294643565448E-06; -0,0006852883574803271; 
1,0245082709206712; -1,7693994798363864E-06; -0,0006505358028431912; 
1,0262536001726654; -1,6765213047221417E-06; -0,0006132158805937715; 
1,0279989294246596; -1,5770266659478868E-06; -0,000573475875415336; 
1,0297442586766539; -1,4713082233980876E-06; -0,0005314726229528424; 
1,031489587928648; -1,3597831994673255E-06; -0,0004873718908542994; 
1,0332349171806423; -1,2428917324741183E-06; -0,00044134772456159207; 
1,0349802464326365; -1,121095139636057E-06; -0,0003935817604326361; 
1,0367255756846308; -9,948740964615026E-07; -0,00034426250890565516; 
1,038470904936625; -8,647267397429556E-07; -0,0002935846105346036; 
1,0402162341886192; -7,31166701638713E-07; -0,00024174806783182232; 
1,0419615634406134; -5,947210826013944E-07; -0,0001889574559494956; 
1,0437068926926076; -4,559283711532662E-07; -0,00013542111531498642; 
1,0454522219446019; -3,1533631871805593E-07; -8,135032940635164E-05; 
1,047197551196596; -1,7349977789632605E-07; -2,6958490912980305E-05; 
1,0489428804485903; -3,097851271574825E-08; 2,7539740427861576E-05; 
1,0506882097005845; 1,1166501050178234E-07; 8,192928499494531E-05; 
1,0524335389525787; 2,538678429377532E-07; 0,00013599549210408396; 
1,054178868204573; 3,95068774978834E-07; 0,00018952498713631827; 
1,0559241974565672; 5,347105510548283E-07; 0,0002423065136300561; 
1,0576695267085614; 6,722420688718234E-07; 0,00029413176701381243; 
1,0594148559605556; 8,071205543611696E-07; 0,0003447962166891876; 
1,0611601852125498; 9,388137037607589E-07; 0,0003940999132196984; 
1,062905514464544; 1,0668017843747882E-06; 0,00044184827743985516; 
1,0646508437165383; 1,1905796857212661E-06; 0,0004878528683702336; 
1,0663961729685325; 1,3096589129723222E-06; 0,0005319321269079303; 
1,0681415022205267; 1,4235695148201212E-06; 0,0005739120923573941; 
1,069886831472521; 1,5318619381599735E-06; 0,0006136270889738182; 
1,0716321607245152; 1,634108802271058E-06; 0,0006509203798096135; 
1,0733774899765094; 1,7299065854928787E-06; 0,0006856447852835351; 
1,0751228192285036; 1,818877217740902E-06; 0,0007176632640312494; 
1,0768681484804978; 1,9006695725764608E-06; 0,0007468494537449906; 
1,078613477732492; 1,974960852942392E-06; 0,0007730881698678605; 
1,0803588069844863; 2,0414578650955485E-06; 0,000796275860174651; 
1,0821041362364805; 2,0998981757085573E-06; 0,0008163210134451694; 
1,0838494654884747; 2,1500511475742666E-06; 0,0008331445206172165; 
1,085594794740469; 2,1917188498254364E-06; 0,0008466799869939135; 
1,0873401239924632; 2,2247368390774433E-06; 0,0008568739942732378; 
1,0890854532444574; 2,2489748084111948E-06; 0,0008636863113656571; 
1,0908307824964516; 2,264337101635005E-06; 0,0008670900531678592; 
1,0925761117484458; 2,270763090795883E-06; 0,0008670717866659721; 
1,09432144100044; 2,2682274154503668E-06; 0,0008636315839495341; 
1,0960667702524343; 2,256740082750605E-06; 0,0008567830219269877; 
1,0978120995044285; 2,236346427950701E-06; 0,0008465531287438256; 
1,0995574287564227; 2,2071269354891746E-06; 0,0008329822771148478; 
1,101302758008417; 2,169196921353656E-06; 0,0008161240249915019; 
1,1030480872604111; 2,122706077981362E-06; 0,0007960449041931159; 
1,1047934165124054; 2,067837883491438E-06; 0,0007728241578362027; 
1,1065387457643996; 2,004808877580641E-06; 0,0007465534275980841; 
1,1082840750163938; 1,933867806940088E-06; 0,000717336392049054; 
1,110029404268388; 1,855294643565704E-06; 0,0006852883574804312; 
1,1117747335203823; 1,769399479836665E-06; 0,0006505358028433034; 
1,1135200627723765; 1,676521304722441E-06; 0,0006132158805938915; 
1,1152653920243707; 1,5770266659482063E-06; 0,0005734758754154633; 
1,117010721276365; 1,4713082233984255E-06; 0,0005314726229529764; 
1,1187560505283591; 1,359783199467681E-06; 0,00048737189085443976; 
1,1205013797803534; 1,24289173247449E-06; 0,0004413477245617381; 
1,1222467090323476; 1,1210951396364432E-06; 0,00039358176043278716; 
1,1239920382843418; 9,948740964619017E-07; 0,00034426250890581085; 
1,125737367536336; 8,647267397433665E-07; 0,00029358461053476315; 
1,1274826967883302; 7,311667016391334E-07; 0,00024174806783198524; 
1,1292280260403245; 5,947210826018228E-07; 0,00018895745594966112; 
1,1309733552923187; 4,559283711537012E-07; 0,00013542111531515395; 
1,132718684544313; 3,153363187184956E-07; 8,13503294065205E-05; 
1,1344640137963071; 1,7349977789676879E-07; 2,695849091314984E-05; 
1,1362093430483013; 3,097851271619223E-08; -2,7539740427692044E-05; 
1,1379546723002956; -1,1166501050133887E-07; -8,192928499477644E-05; 
1,1397000015522898; -2,5386784293731193E-07; -0,00013599549210391646; 
1,141445330804284; -3,950687749783967E-07; -0,00018952498713615276; 
1,1431906600562782; -5,347105510543968E-07; -0,00024230651362989322; 
1,1449359893082725; -6,722420688713991E-07; -0,0002941317670136527; 
1,1466813185602667; -8,071205543607543E-07; -0,000344796216689032; 
1,148426647812261; -9,388137037603544E-07; -0,00039409991321954726; 
1,1501719770642551; -1,0668017843743962E-06; -0,00044184827743970923; 
1,1519173063162493; -1,190579685720888E-06; -0,0004878528683700936; 
1,1536626355682436; -1,3096589129719599E-06; -0,0005319321269077964; 
1,1554079648202378; -1,4235695148197754E-06; -0,0005739120923572669; 
1,157153294072232; -1,5318619381596457E-06; -0,0006136270889736984; 
1,1588986233242262; -1,63410880227075E-06; -0,0006509203798095014; 
1,1606439525762204; -1,7299065854925912E-06; -0,0006856447852834313; 
1,1623892818282147; -1,8188772177406362E-06; -0,0007176632640311541; 
1,1641346110802089; -1,9006695725762177E-06; -0,0007468494537449043; 
1,165879940332203; -1,9749608529421726E-06; -0,0007730881698677835; 
1,1676252695841973; -2,041457865095354E-06; -0,0007962758601745838; 
1,1693705988361915; -2,0998981757083883E-06; -0,0008163210134451121; 
1,1711159280881858; -2,1500511475741235E-06; -0,0008331445206171692; 
1,17286125734018; -2,19171884982532E-06; -0,0008466799869938765; 
1,1746065865921742; -2,2247368390773544E-06; -0,0008568739942732113; 
1,1763519158441684; -2,248974808411133E-06; -0,0008636863113656411; 
1,1780972450961626; -2,2643371016349705E-06; -0,0008670900531678537; 
1,1798425743481569; -2,270763090795877E-06; -0,0008670717866659776; 
1,181587903600151; -2,2682274154503888E-06; -0,0008636315839495502; 
1,1833332328521453; -2,256740082750655E-06; -0,0008567830219270143; 
1,1850785621041395; -2,236346427950778E-06; -0,0008465531287438626; 
1,1868238913561338; -2,2071269354892793E-06; -0,0008329822771148952; 
1,188569220608128; -2,169196921353787E-06; -0,0008161240249915594; 
1,1903145498601222; -2,12270607798152E-06; -0,0007960449041931832; 
1,1920598791121164; -2,0678378834916215E-06; -0,0007728241578362799; 
1,1938052083641106; -2,00480887758085E-06; -0,0007465534275981705; 
1,1955505376161049; -1,9338678069403206E-06; -0,0007173363920491495; 
1,197295866868099; -1,8552946435659605E-06; -0,0006852883574805352; 
1,1990411961200933; -1,7693994798369436E-06; -0,0006505358028434157; 
1,2007865253720875; -1,6765213047227405E-06; -0,0006132158805940115; 
1,2025318546240817; -1,5770266659485259E-06; -0,0005734758754155905; 
1,204277183876076; -1,4713082233987641E-06; -0,0005314726229531104; 
1,2060225131280702; -1,3597831994680366E-06; -0,00048737189085458005; 
1,2077678423800644; -1,2428917324748616E-06; -0,0004413477245618841; 
1,2095131716320586; -1,1210951396368294E-06; -0,0003935817604329384; 
1,2112585008840528; -9,94874096462301E-07; -0,00034426250890596665; 
1,213003830136047; -8,647267397437771E-07; -0,0002935846105349228; 
1,2147491593880413; -7,311667016395537E-07; -0,00024174806783214815; 
1,2164944886400355; -5,947210826022515E-07; -0,0001889574559498267; 
1,2182398178920297; -4,5592837115413623E-07; -0,00013542111531532146; 
1,219985147144024; -3,153363187189353E-07; -8,135032940668937E-05; 
1,2217304763960182; -1,7349977789721152E-07; -2,695849091331938E-05; 
1,2234758056480124; -3,097851271663622E-08; 2,753974042752252E-05; 
1,2252211349000066; 1,1166501050089538E-07; 8,192928499460759E-05; 
1,2269664641520008; 2,538678429368707E-07; 0,00013599549210374892; 
1,228711793403995; 3,950687749779594E-07; 0,00018952498713598723; 
1,2304571226559893; 5,347105510539652E-07; 0,00024230651362973032; 
1,2322024519079835; 6,722420688709752E-07; 0,0002941317670134932; 
1,2339477811599777; 8,071205543603395E-07; 0,00034479621668887634; 
1,235693110411972; 9,388137037599501E-07; 0,0003940999132193962; 
1,2374384396639662; 1,066801784374004E-06; 0,00044184827743956324; 
1,2391837689159604; 1,1905796857205097E-06; 0,0004878528683699533; 
1,2409290981679546; 1,309658912971597E-06; 0,0005319321269076623; 
1,2426744274199488; 1,4235695148194294E-06; 0,0005739120923571397; 
1,244419756671943; 1,5318619381593177E-06; 0,0006136270889735783; 
1,2461650859239373; 1,6341088022704414E-06; 0,0006509203798093893; 
1,2479104151759315; 1,7299065854923034E-06; 0,0006856447852833274; 
1,2496557444279257; 1,8188772177403702E-06; 0,0007176632640310588; 
1,25140107367992; 1,9006695725759748E-06; 0,0007468494537448181; 
1,2531464029319141; 1,9749608529419536E-06; 0,0007730881698677066; 
1,2548917321839084; 2,0414578650951597E-06; 0,0007962758601745165; 
1,2566370614359026; 2,0998981757082193E-06; 0,0008163210134450548; 
1,2583823906878968; 2,1500511475739808E-06; 0,0008331445206171221; 
1,260127719939891; 2,191718849825204E-06; 0,0008466799869938397; 
1,2618730491918853; 2,224736839077265E-06; 0,0008568739942731848; 
1,2636183784438795; 2,248974808411071E-06; 0,0008636863113656251; 
1,2653637076958737; 2,264337101634936E-06; 0,0008670900531678483; 
1,267109036947868; 2,27076309079587E-06; 0,0008670717866659829; 
1,2688543661998621; 2,26822741545041E-06; 0,0008636315839495661; 
1,2705996954518564; 2,2567400827507044E-06; 0,0008567830219270409; 
1,2723450247038506; 2,236346427950855E-06; 0,0008465531287438997; 
1,2740903539558448; 2,2071269354893843E-06; 0,0008329822771149427; 
1,275835683207839; 2,169196921353919E-06; 0,000816124024991617; 
1,2775810124598332; 2,122706077981678E-06; 0,0007960449041932507; 
1,2793263417118275; 2,0678378834918053E-06; 0,0007728241578363568; 
1,2810716709638217; 2,004808877581058E-06; 0,0007465534275982568; 
1,282817000215816; 1,9338678069405536E-06; 0,0007173363920492448; 
1,2845623294678101; 1,8552946435662165E-06; 0,0006852883574806392; 
1,2863076587198043; 1,7693994798372216E-06; 0,0006505358028435278; 
1,2880529879717986; 1,6765213047230398E-06; 0,0006132158805941313; 
1,2897983172237928; 1,577026665948845E-06; 0,0005734758754157177; 
1,291543646475787; 1,4713082233991019E-06; 0,0005314726229532445; 
1,2932889757277812; 1,3597831994683923E-06; 0,0004873718908547203; 
1,2950343049797755; 1,242891732475233E-06; 0,0004413477245620301; 
1,2967796342317697; 1,1210951396372153E-06; 0,0003935817604330895; 
1,298524963483764; 9,948740964626998E-07; 0,00034426250890612223; 
1,3002702927357581; 8,647267397441874E-07; 0,00029358461053508245; 
1,3020156219877523; 7,311667016399742E-07; 0,00024174806783231105; 
1,3037609512397466; 5,9472108260268E-07; 0,00018895745594999224; 
1,3055062804917408; 4,559283711545712E-07; 0,00013542111531548903; 
1,307251609743735; 3,153363187193751E-07; 8,135032940685825E-05; 
1,3089969389957292; 1,7349977789765423E-07; 2,695849091348891E-05; 
1,3107422682477234; 3,0978512717080205E-08; -2,7539740427352987E-05; 
1,3124875974997177; -1,116650105004519E-07; -8,192928499443873E-05; 
1,3142329267517119; -2,5386784293642943E-07; -0,0001359954921035814; 
1,315978256003706; -3,9506877497752224E-07; -0,00018952498713582176; 
1,3177235852557003; -5,347105510535337E-07; -0,0002423065136295675; 
1,3194689145076945; -6,722420688705511E-07; -0,0002941317670133336; 
1,3212142437596888; -8,071205543599242E-07; -0,00034479621668872054; 
1,322959573011683; -9,388137037595455E-07; -0,00039409991321924493; 
1,3247049022636772; -1,066801784373612E-06; -0,00044184827743941736; 
1,3264502315156714; -1,190579685720132E-06; -0,00048785286836981306; 
1,3281955607676657; -1,3096589129712344E-06; -0,0005319321269075283; 
1,3299408900196599; -1,4235695148190832E-06; -0,0005739120923570125; 
1,331686219271654; -1,5318619381589897E-06; -0,0006136270889734584; 
1,3334315485236483; -1,634108802270133E-06; -0,0006509203798092772; 
1,3351768777756425; -1,7299065854920154E-06; -0,0006856447852832234; 
1,3369222070276368; -1,818877217740104E-06; -0,0007176632640309634; 
1,338667536279631; -1,9006695725757317E-06; -0,0007468494537447318; 
1,3404128655316252; -1,9749608529417346E-06; -0,0007730881698676296; 
1,3421581947836194; -2,041457865094965E-06; -0,0007962758601744491; 
1,3439035240356136; -2,09989817570805E-06; -0,0008163210134449973; 
1,3456488532876079; -2,150051147573838E-06; -0,0008331445206170746; 
1,347394182539602; -2,1917188498250874E-06; -0,0008466799869938026; 
1,3491395117915963; -2,2247368390771757E-06; -0,0008568739942731585; 
1,3508848410435905; -2,2489748084110097E-06; -0,0008636863113656094; 
1,3526301702955847; -2,264337101634903E-06; -0,0008670900531678432; 
1,354375499547579; -2,2707630907958646E-06; -0,0008670717866659883; 
1,3561208287995732; -2,268227415450432E-06; -0,0008636315839495823; 
1,3578661580515674; -2,256740082750754E-06; -0,0008567830219270675; 
1,3596114873035616; -2,236346427950933E-06; -0,0008465531287439367; 
1,3613568165555558; -2,2071269354894885E-06; -0,0008329822771149899; 
1,36310214580755; -2,16919692135405E-06; -0,0008161240249916744; 
1,3648474750595443; -2,1227060779818356E-06; -0,0007960449041933179; 
1,3665928043115385; -2,0678378834919883E-06; -0,0007728241578364339; 
1,3683381335635327; -2,0048088775812664E-06; -0,0007465534275983432; 
1,370083462815527; -1,933867806940786E-06; -0,0007173363920493402; 
1,3718287920675212; -1,8552946435664725E-06; -0,0006852883574807433; 
1,3735741213195154; -1,7693994798375E-06; -0,00065053580284364; 
1,3753194505715096; -1,6765213047233396E-06; -0,0006132158805942513; 
1,3770647798235038; -1,5770266659491645E-06; -0,0005734758754158451; 
1,378810109075498; -1,4713082233994405E-06; -0,0005314726229533786; 
1,3805554383274923; -1,359783199468748E-06; -0,0004873718908548606; 
1,3823007675794865; -1,2428917324756046E-06; -0,0004413477245621761; 
1,3840460968314807; -1,1210951396376015E-06; -0,0003935817604332407; 
1,385791426083475; -9,948740964630992E-07; -0,0003442625089062779; 
1,3875367553354692; -8,64726739744598E-07; -0,00029358461053524205; 
1,3892820845874634; -7,311667016403945E-07; -0,00024174806783247392; 
1,3910274138394576; -5,947210826031086E-07; -0,00018895745595015782; 
1,3927727430914518; -4,5592837115500624E-07; -0,00013542111531565654; 
1,394518072343446; -3,153363187198147E-07; -8,135032940702711E-05; 
1,3962634015954403; -1,7349977789809696E-07; -2,6958490913658443E-05; 
1,3980087308474345; -3,097851271752418E-08; 2,7539740427183445E-05; 
1,3997540600994287; 1,1166501050000839E-07; 8,192928499426988E-05; 
1,401499389351423; 2,538678429359882E-07; 0,00013599549210341387; 
1,4032447186034172; 3,9506877497708485E-07; 0,0001895249871356562; 
1,4049900478554114; 5,347105510531022E-07; 0,0002423065136294046; 
1,4067353771074056; 6,722420688701268E-07; 0,00029413176701317405; 
1,4084807063593998; 8,071205543595091E-07; 0,00034479621668856496; 
1,410226035611394; 9,388137037591413E-07; 0,00039409991321909406; 
1,4119713648633883; 1,0668017843732203E-06; 0,0004418482774392713; 
1,4137166941153825; 1,1905796857197537E-06; 0,00048785286836967287; 
1,4154620233673767; 1,3096589129708717E-06; 0,0005319321269073942; 
1,417207352619371; 1,4235695148187376E-06; 0,0005739120923568854; 
1,4189526818713651; 1,531861938158662E-06; 0,0006136270889733385; 
1,4206980111233594; 1,6341088022698248E-06; 0,000650920379809165; 
1,4224433403753536; 1,729906585491728E-06; 0,0006856447852831196; 
1,4241886696273478; 1,8188772177398385E-06; 0,0007176632640308682; 
1,425933998879342; 1,9006695725754886E-06; 0,0007468494537446455; 
1,4276793281313362; 1,9749608529415153E-06; 0,0007730881698675526; 
1,4294246573833305; 2,04145786509477E-06; 0,0007962758601743817; 
1,4311699866353247; 2,099898175707881E-06; 0,00081632101344494; 
1,432915315887319; 2,150051147573695E-06; 0,0008331445206170275; 
1,4346606451393131; 2,1917188498249713E-06; 0,0008466799869937657; 
1,4364059743913073; 2,224736839077087E-06; 0,0008568739942731319; 
1,4381513036433016; 2,2489748084109483E-06; 0,0008636863113655935; 
1,4398966328952958; 2,264337101634869E-06; 0,000867090053167838; 
1,44164196214729; 2,2707630907958583E-06; 0,0008670717866659937; 
1,4433872913992842; 2,2682274154504536E-06; 0,0008636315839495981; 
1,4451326206512785; 2,2567400827508035E-06; 0,000856783021927094; 
1,4468779499032727; 2,2363464279510097E-06; 0,0008465531287439739; 
1,448623279155267; 2,207126935489593E-06; 0,0008329822771150374; 
1,4503686084072611; 2,169196921354182E-06; 0,0008161240249917319; 
1,4521139376592553; 2,122706077981993E-06; 0,0007960449041933856; 
1,4538592669112496; 2,0678378834921725E-06; 0,000772824157836511; 
1,4556045961632438; 2,004808877581475E-06; 0,0007465534275984295; 
1,457349925415238; 1,933867806941019E-06; 0,0007173363920494356; 
1,4590952546672322; 1,8552946435667288E-06; 0,0006852883574808472; 
1,4608405839192264; 1,7693994798377783E-06; 0,0006505358028437521; 
1,4625859131712207; 1,676521304723639E-06; 0,0006132158805943714; 
1,4643312424232149; 1,577026665949484E-06; 0,0005734758754159722; 
1,466076571675209; 1,4713082233997782E-06; 0,0005314726229535126; 
1,4678219009272033; 1,3597831994691034E-06; 0,0004873718908550009; 
1,4695672301791975; 1,2428917324759763E-06; 0,0004413477245623221; 
1,4713125594311918; 1,1210951396379875E-06; 0,0003935817604333918; 
1,473057888683186; 9,948740964634984E-07; 0,0003442625089064337; 
1,4748032179351802; 8,647267397450089E-07; 0,00029358461053540164; 
1,4765485471871744; 7,31166701640815E-07; 0,00024174806783263682; 
1,4782938764391687; 5,947210826035369E-07; 0,0001889574559503233; 
1,4800392056911629; 4,559283711554411E-07; 0,00013542111531582413; 
1,481784534943157; 3,153363187202545E-07; 8,135032940719598E-05; 
1,4835298641951513; 1,734997778985397E-07; 2,6958490913827986E-05; 
1,4852751934471455; 3,097851271796818E-08; -2,753974042701392E-05; 
1,4870205226991398; -1,1166501049956492E-07; -8,192928499410103E-05; 
1,488765851951134; -2,53867842935547E-07; -0,00013599549210324636; 
1,4905111812031282; -3,9506877497664773E-07; -0,00018952498713549067; 
1,4922565104551224; -5,347105510526706E-07; -0,00024230651362924173; 
1,4940018397071166; -6,722420688697026E-07; -0,00029413176701301446; 
1,4957471689591109; -8,071205543590941E-07; -0,0003447962166884094; 
1,497492498211105; -9,388137037587372E-07; -0,00039409991321894287; 
1,4992378274630993; -1,0668017843728283E-06; -0,00044184827743912533; 
1,5009831567150935; -1,1905796857193755E-06; -0,0004878528683695326; 
1,5027284859670877; -1,3096589129705087E-06; -0,0005319321269072602; 
1,504473815219082; -1,4235695148183913E-06; -0,000573912092356758; 
1,5062191444710762; -1,531861938158334E-06; -0,0006136270889732187; 
1,5079644737230704; -1,6341088022695165E-06; -0,0006509203798090527; 
1,5097098029750646; -1,72990658549144E-06; -0,0006856447852830156; 
1,5114551322270589; -1,8188772177395725E-06; -0,000717663264030773; 
1,513200461479053; -1,9006695725752461E-06; -0,0007468494537445592; 
1,5149457907310473; -1,974960852941296E-06; -0,0007730881698674758; 
1,5166911199830415; -2,041457865094576E-06; -0,0007962758601743144; 
1,5184364492350357; -2,0998981757077115E-06; -0,0008163210134448825; 
1,52018177848703; -2,1500511475735517E-06; -0,00083314452061698; 
1,5219271077390242; -2,191718849824855E-06; -0,0008466799869937287; 
1,5236724369910184; -2,224736839076998E-06; -0,0008568739942731055; 
1,5254177662430126; -2,248974808410887E-06; -0,0008636863113655773; 
1,5271630954950068; -2,2643371016348345E-06; -0,0008670900531678325; 
1,528908424747001; -2,2707630907958523E-06; -0,0008670717866659991; 
1,5306537539989953; -2,268227415450476E-06; -0,0008636315839496143; 
1,5323990832509895; -2,2567400827508535E-06; -0,0008567830219271208; 
1,5341444125029837; -2,236346427951087E-06; -0,0008465531287440109; 
1,535889741754978; -2,2071269354896977E-06; -0,0008329822771150848; 
1,5376350710069722; -2,1691969213543135E-06; -0,0008161240249917893; 
1,5393804002589664; -2,122706077982151E-06; -0,0007960449041934528; 
1,5411257295109606; -2,067837883492356E-06; -0,000772824157836588; 
1,5428710587629548; -2,004808877581684E-06; -0,0007465534275985159; 
1,544616388014949; -1,933867806941252E-06; -0,0007173363920495311; 
1,5463617172669433; -1,8552946435669846E-06; -0,0006852883574809511; 
1,5481070465189375; -1,7693994798380566E-06; -0,0006505358028438645; 
1,5498523757709317; -1,6765213047239387E-06; -0,0006132158805944914; 
1,551597705022926; -1,5770266659498036E-06; -0,0005734758754160996; 
1,5533430342749202; -1,4713082234001166E-06; -0,0005314726229536467; 
1,5550883635269144; -1,3597831994694591E-06; -0,0004873718908551413; 
1,5568336927789086; -1,2428917324763481E-06; -0,0004413477245624682; 
1,5585790220309028; -1,1210951396383738E-06; -0,00039358176043354306; 
1,560324351282897; -9,948740964638978E-07; -0,00034426250890658936; 
1,5620696805348913; -8,647267397454193E-07; -0,00029358461053556123; 
1,5638150097868855; -7,311667016412354E-07; -0,00024174806783279972; 
1,5655603390388797; -5,947210826039655E-07; -0,00018895745595048886; 
1,567305668290874; -4,559283711558761E-07; -0,00013542111531599164; 
1,5690509975428681; -3,153363187206942E-07; -8,135032940736487E-05; 
1,5707963267948624; -1,7349977789898245E-07; -2,6958490913997514E-05; 
1,5725416560468566; -3,0978512718412145E-08; 2,7539740426844387E-05; 
1,5742869852988508; 1,1166501049912141E-07; 8,192928499393215E-05; 
1,576032314550845; 2,5386784293510573E-07; 0,00013599549210307888; 
1,5777776438028392; 3,950687749762105E-07; 0,00018952498713532517; 
1,5795229730548335; 5,34710551052239E-07; 0,00024230651362907888; 
1,5812683023068277; 6,722420688692787E-07; 0,0002941317670128549; 
1,583013631558822; 8,071205543586792E-07; 0,0003447962166882537; 
1,5847589608108161; 9,388137037583329E-07; 0,0003940999132187918; 
1,5865042900628104; 1,0668017843724362E-06; 0,00044184827743897934; 
1,5882496193148046; 1,1905796857189973E-06; 0,0004878528683693922; 
1,5899949485667988; 1,309658912970146E-06; 0,0005319321269071262; 
1,591740277818793; 1,4235695148180453E-06; 0,0005739120923566309; 
1,5934856070707872; 1,5318619381580063E-06; 0,0006136270889730988; 
1,5952309363227815; 1,6341088022692081E-06; 0,0006509203798089406; 
1,5969762655747757; 1,7299065854911523E-06; 0,0006856447852829117; 
1,59872159482677; 1,8188772177393066E-06; 0,0007176632640306777; 
1,6004669240787641; 1,900669572575003E-06; 0,000746849453744473; 
1,6022122533307583; 1,974960852941077E-06; 0,0007730881698673988; 
1,6039575825827526; 2,0414578650943813E-06; 0,0007962758601742473; 
1,6057029118347468; 2,0998981757075434E-06; 0,0008163210134448252; 
1,607448241086741; 2,150051147573409E-06; 0,0008331445206169331; 
1,6091935703387352; 2,191718849824739E-06; 0,0008466799869936919; 
1,6109388995907294; 2,2247368390769084E-06; 0,0008568739942730789; 
1,6126842288427237; 2,2489748084108246E-06; 0,0008636863113655617; 
1,6144295580947179; 2,2643371016348007E-06; 0,0008670900531678273; 
1,616174887346712; 2,2707630907958464E-06; 0,0008670717866660044; 
1,6179202165987063; 2,2682274154504976E-06; 0,0008636315839496303; 
1,6196655458507005; 2,256740082750903E-06; 0,0008567830219271472; 
1,6214108751026948; 2,2363464279511643E-06; 0,000846553128744048; 
1,623156204354689; 2,2071269354898023E-06; 0,0008329822771151321; 
1,6249015336066832; 2,1691969213544444E-06; 0,000816124024991847; 
1,6266468628586774; 2,122706077982309E-06; 0,0007960449041935202; 
1,6283921921106717; 2,0678378834925393E-06; 0,0007728241578366652; 
1,6301375213626659; 2,0048088775818928E-06; 0,0007465534275986022; 
1,63188285061466; 1,9338678069414845E-06; 0,0007173363920496264; 
1,6336281798666543; 1,8552946435672408E-06; 0,0006852883574810551; 
1,6353735091186485; 1,7693994798383353E-06; 0,0006505358028439767; 
1,6371188383706428; 1,6765213047242383E-06; 0,0006132158805946114; 
1,638864167622637; 1,5770266659501234E-06; 0,0005734758754162269; 
1,6406094968746312; 1,4713082234004552E-06; 0,0005314726229537807; 
1,6423548261266254; 1,3597831994698147E-06; 0,0004873718908552816; 
1,6441001553786196; 1,2428917324767195E-06; 0,0004413477245626142; 
1,6458454846306139; 1,12109513963876E-06; 0,0003935817604336941; 
1,647590813882608; 9,948740964642965E-07; 0,00034426250890674505; 
1,6493361431346023; 8,647267397458299E-07; 0,00029358461053572083; 
1,6510814723865965; 7,311667016416557E-07; 0,00024174806783296263; 
1,6528268016385907; 5,94721082604394E-07; 0,00018895745595065442; 
1,654572130890585; 4,5592837115631104E-07; 0,00013542111531615914; 
1,6563174601425792; 3,153363187211339E-07; 8,135032940753372E-05; 
1,6580627893945734; 1,7349977789942513E-07; 2,6958490914167053E-05; 
1,6598081186465676; 3,097851271885614E-08; -2,753974042667486E-05; 
1,6615534478985619; -1,1166501049867797E-07; -8,192928499376331E-05; 
1,663298777150556; -2,538678429346645E-07; -0,00013599549210291132; 
1,6650441064025503; -3,950687749757731E-07; -0,00018952498713515966; 
1,6667894356545445; -5,347105510518075E-07; -0,00024230651362891595; 
1,6685347649065387; -6,722420688688544E-07; -0,0002941317670126953; 
1,670280094158533; -8,071205543582642E-07; -0,0003447962166880981; 
1,6720254234105272; -9,388137037579287E-07; -0,00039409991321864065; 
1,6737707526625214; -1,0668017843720444E-06; -0,0004418482774388335; 
1,6755160819145156; -1,1905796857186193E-06; -0,000487852868369252; 
1,6772614111665098; -1,3096589129697832E-06; -0,0005319321269069923; 
1,679006740418504; -1,4235695148176995E-06; -0,0005739120923565037; 
1,6807520696704983; -1,5318619381576785E-06; -0,0006136270889729789; 
1,6824973989224925; -1,6341088022688996E-06; -0,0006509203798088286; 
1,6842427281744867; -1,729906585490865E-06; -0,0006856447852828079; 
1,685988057426481; -1,8188772177390412E-06; -0,0007176632640305824; 
1,6877333866784752; -1,90066957257476E-06; -0,0007468494537443866; 
1,6894787159304694; -1,974960852940858E-06; -0,0007730881698673219; 
1,6912240451824636; -2,0414578650941873E-06; -0,0007962758601741799; 
1,6929693744344578; -2,099898175707374E-06; -0,0008163210134447677; 
1,694714703686452; -2,150051147573266E-06; -0,0008331445206168856; 
1,6964600329384463; -2,1917188498246228E-06; -0,0008466799869936548; 
1,6982053621904405; -2,224736839076819E-06; -0,0008568739942730525; 
1,6999506914424347; -2,248974808410763E-06; -0,0008636863113655457; 
1,701696020694429; -2,2643371016347668E-06; -0,0008670900531678221; 
1,7034413499464232; -2,2707630907958405E-06; -0,0008670717866660098; 
1,7051866791984174; -2,2682274154505196E-06; -0,0008636315839496464; 
1,7069320084504116; -2,2567400827509526E-06; -0,000856783021927174; 
1,7086773377024058; -2,2363464279512418E-06; -0,0008465531287440849; 
1,7104226669544; -2,2071269354899065E-06; -0,0008329822771151795; 
1,7121679962063943; -2,169196921354576E-06; -0,0008161240249919046; 
1,7139133254583885; -2,1227060779824675E-06; -0,0007960449041935877; 
1,7156586547103827; -2,0678378834927227E-06; -0,0007728241578367422; 
1,717403983962377; -2,004808877582101E-06; -0,0007465534275986887; 
1,7191493132143711; -1,9338678069417174E-06; -0,0007173363920497217; 
1,7208946424663654; -1,8552946435674966E-06; -0,0006852883574811591; 
1,7226399717183596; -1,7693994798386133E-06; -0,0006505358028440888; 
1,7243853009703538; -1,6765213047245375E-06; -0,0006132158805947313; 
1,726130630222348; -1,5770266659504427E-06; -0,000573475875416354; 
1,7278759594743422; -1,4713082234007932E-06; -0,0005314726229539148; 
1,7296212887263365; -1,3597831994701704E-06; -0,00048737189085542204; 
1,7313666179783307; -1,2428917324770914E-06; -0,00044134772456276024; 
1,733111947230325; -1,1210951396391463E-06; -0,00039358176043384545; 
1,7348572764823191; -9,948740964646963E-07; -0,0003442625089069007; 
1,7366026057343134; -8,647267397462403E-07; -0,0002935846105358804; 
1,7383479349863076; -7,311667016420761E-07; -0,00024174806783312555; 
1,7400932642383018; -5,947210826048225E-07; -0,00018895745595081997; 
1,741838593490296; -4,5592837115674604E-07; -0,0001354211153163267; 
1,7435839227422902; -3,153363187215737E-07; -8,13503294077026E-05; 
1,7453292519942845; -1,734997778998679E-07; -2,6958490914336585E-05; 
1,7470745812462787; -3,097851271930012E-08; 2,7539740426505324E-05; 
