0; 0; 0; 0; 0; 0; 0; 0; 
0,0017951958020513104; -5,305962564272953E-08; 9,955689276030076E-09; 1,016115752418975E-18; 5,3059625641231784E-08; -12054870,004685886; -12054870,00468587; -12054870,004685849; 
0,003590391604102621; -2,334719600606657E-08; 2,0263177693175293E-08; 5,4661416815520505E-18; 2,3347195996958755E-08; -24212257,470759574; -24212257,470759578; -24212257,470759567; 
0,0053855874061539315; 1,0337853404117638E-07; 2,9733276786323298E-08; 1,5219424561852043E-17; -1,0337853406894644E-07; -35679149,449223936; -35679149,44922399; -35679149,44922402; 
0,007180783208205242; 2,3680875285430678E-07; 3,9275651194258693E-08; 3,058428949907472E-17; -2,3680875291251949E-07; -46910096,800096855; -46910096,80009696; -46910096,80009704; 
0,008975979010256553; 2,9255055539061693E-07; 4,765704922172906E-08; 5,0178373967012535E-17; -2,925505554871033E-07; -57058732,50751572; -57058732,50751585; -57058732,50751595; 
0,010771174812307863; 2,4456181115028923E-07; 5,5587213376454574E-08; 7,067737499992927E-17; -2,4456181128680617E-07; -66660990,6084391; -66660990,608439215; -66660990,60843929; 
0,012566370614359173; 1,6959276396628263E-07; 6,234591836570016E-08; 8,81579283201789E-17; -1,6959276413748543E-07; -74844784,59662056; -74844784,59662066; -74844784,59662072; 
0,014361566416410483; 1,5846208943315453E-07; 6,844261780964907E-08; 9,968623077999622E-17; -1,5846208962686376E-07; -82226987,59801349; -82226987,59801356; -82226987,59801362; 
0,016156762218461795; 2,4493922249130924E-07; 7,341620225779189E-08; 1,0367406592817495E-16; -2,449392226923266E-07; -87925804,77517575; -87925804,77517587; -87925804,77517594; 
0,017951958020513106; 3,63699994715435E-07; 7,757316216226974E-08; 1,0047691204802034E-16; -3,6369999491016664E-07; -92635810,18415447; -92635810,18415461; -92635810,18415475; 
0,019747153822564416; 4,2377320642604113E-07; 7,992086688910852E-08; 9,274111647788259E-17; -4,2377320660520856E-07; -95478534,02845605; -95478534,02845623; -95478534,02845639; 
0,021542349624615726; 3,7285937648985845E-07; 8,136457281706696E-08; 8,388784849704668E-17; -3,72859376650727E-07; -97226648,78013234; -97226648,78013249; -97226648,78013262; 
0,023337545426667036; 2,67746088622131E-07; 8,119601566105104E-08; 7,686326529912386E-17; -2,677460887690224E-07; -97022550,94744648; -97022550,94744661; -97022550,94744669; 
0,025132741228718346; 2,022584723182075E-07; 8,011353004214589E-08; 7,39572495262786E-17; -2,022584724596328E-07; -95711820,66488715; -95711820,66488725; -95711820,66488731; 
0,026927937030769657; 2,3702174981513467E-07; 7,74333820835082E-08; 7,583174750062278E-17; -2,3702174996030045E-07; -92466557,14380778; -92466557,14380793; -92466557,143808; 
0,028723132832820967; 3,2576377857552164E-07; 7,390395130700104E-08; 8,092691682371948E-17; -3,2576377873117405E-07; -88192937,50566079; -88192937,50566094; -88192937,50566106; 
0,030518328634872277; 3,7956148431665747E-07; 6,833584188938263E-08; 8,625584077047877E-17; -3,795614844835928E-07; -82097697,72136565; -82097697,72136576; -82097697,72136591; 
0,03231352443692359; 3,176918933811744E-07; 6,285328736262856E-08; 8,837014915775004E-17; -3,176918935528094E-07; -75135674,18739891; -75135674,18739904; -75135674,18739916; 
0,034108720238974904; 1,8962327390565116E-07; 5,5505473394455926E-08; 8,443661862358057E-17; -1,8962327406988302E-07; -66562015,55710322; -66562015,55710331; -66562015,55710338; 
0,03590391604102622; 8,06711646392378E-08; 4,790502713356619E-08; 7,323878867375344E-17; -8,067116478180438E-08; -57358997,15101231; -57358997,15101236; -57358997,15101238; 
0,03769911184307753; 7,009622573892595E-08; 3,9217735831540753E-08; 5,564682270699178E-17; -7,009622584707301E-08; -46839969,8456006; -46839969,845600635; -46839969,845600665; 
0,039494307645128846; 1,3397412075550168E-07; 2,998835809858386E-08; 3,425907049301209E-17; -1,3397412082151038E-07; -35988015,261993855; -35988015,261993915; -35988015,26199396; 
0,04128950344718016; 1,801234948436917E-07; 2,0229743017684864E-08; 1,2545293157304383E-17; -1,8012349486708176E-07; -24171773,0145345; -24171773,014534574; -24171773,014534637; 
0,04308469924923147; 1,290814875049851E-07; 1,0409050237113526E-08; -5,977363934582439E-18; -1,2908148749223875E-07; -12361228,678031055; -12361228,678031111; -12361228,678031158; 
0,04487989505128279; -2,8541481763531392E-09; 4,6363765021280414E-11; -1,8876830601173346E-17; 2,854148214159286E-09; 24725,166048822724; 24725,166048824685; 24725,166048826453; 
0,0466750908533341; -1,3311731764687276E-07; -1,0010451706495874E-08; -2,5713292875134103E-17; 1,3311731769752051E-07; 12040314,382637428; 12040314,382637482; 12040314,382637529; 
0,048470286655385414; -1,7350690685485672E-07; -2,013992317002636E-08; -2,794898434981786E-17; 1,7350690690901662E-07; 24224744,120752636; 24224744,120752707; 24224744,12075277; 
0,05026548245743673; -1,2550777645376105E-07; -2,9731119350720498E-08; -2,8380358987565476E-17; 1,2550777650806441E-07; 35676537,11320037; 35676537,11320043; 35676537,11320046; 
0,05206067825948804; -6,659011475042333E-08; -3,900366956887415E-08; -3,03841474630008E-17; 6,659011480802388E-08; 46904226,56719838; 46904226,567198426; 46904226,56719844; 
0,053855874061539355; -8,562394709852716E-08; -4,7662638707926075E-08; -3,66464387485102E-17; 8,562394716773881E-08; 57065500,55015242; 57065500,55015248; 57065500,5501525; 
0,05565106986359067; -1,9542019309468274E-07; -5,557408443160777E-08; -4,813045137339202E-17; 1,9542019318629192E-07; 66645093,39439004; 66645093,394390136; 66645093,39439021; 
0,05744626566564198; -3,228639780293822E-07; -6,23647572349376E-08; -6,400107144263338E-17; 3,228639781523201E-07; 74867595,6861791; 74867595,68617927; 74867595,6861794; 
0,059241461467693296; -3,693802198630342E-07; -6,869041994497492E-08; -8,173734051482099E-17; 3,6938022002062916E-07; 82203580,037948; 82203580,03794815; 82203580,0379483; 
0,06103665726974461; -3,2147816033930026E-07; -7,317645604507072E-08; -9,7607344334506E-17; 3,2147816052826283E-07; 87958966,86826; 87958966,86826016; 87958966,86826025; 
0,06283185307179592; -2,307342472288491E-07; -7,754004389263458E-08; -1,0826801973815344E-16; 2,3073424743923066E-07; 92595708,84871073; 92595708,84871085; 92595708,84871092; 
0,06462704887384724; -2,068430984825862E-07; -7,995514804825766E-08; -1,1183061632606727E-16; 2,0684309869961248E-07; 95520043,45142972; 95520043,45142981; 95520043,45142989; 
0,06642224467589855; -2,753050789381015E-07; -8,13218901604246E-08; -1,0787790812638363E-16; 2,753050791469737E-07; 97174966,38396542; 97174966,38396557; 97174966,38396566; 
0,06821744047794986; -3,787534278618175E-07; -8,124353524739094E-08; -9,808336733828587E-17; 3,787534280514554E-07; 97080090,15142538; 97080090,15142554; 97080090,15142566; 
0,07001263628000118; -4,185303210887717E-07; -8,006518791639319E-08; -8,589209388637287E-17; 4,185303212539611E-07; 95653285,48710676; 95653285,48710695; 95653285,4871071; 
0,07180783208205249; -3,5537127070622636E-07; -7,748974015351044E-08; -7,470129745329428E-17; 3,553712708490892E-07; 92534798,44672067; 92534798,44672084; 92534798,44672094; 
0,0736030278841038; -2,378644263423207E-07; -7,384387381967333E-08; -6,706094777249718E-17; 2,3786442647057323E-07; 88120192,53744577; 88120192,53744586; 88120192,53744596; 
0,07539822368615512; -1,6401750544754967E-07; -6,893032015156932E-08; -6,421960118673647E-17; 1,6401750557045942E-07; 82170604,40871091; 82170604,408711; 82170604,40871105; 
0,07719341948820643; -1,849908538134905E-07; -6,278639980245643E-08; -6,526215719352419E-17; 1,849908539386514E-07; 75054683,22630623; 75054683,2263063; 75054683,22630638; 
0,07898861529025775; -2,569968155063344E-07; -5,584087052710013E-08; -6,751181228474141E-17; 2,569968156368238E-07; 66644672,60757916; 66644672,60757926; 66644672,60757936; 
0,08078381109230906; -2,8980715406270725E-07; -4,783820826837052E-08; -6,789062543652436E-17; 2,898071541947716E-07; 57278089,36939505; 57278089,369395174; 57278089,36939528; 
0,08257900689436037; -2,2237776181612335E-07; -3,928990057525483E-08; -6,359850207724822E-17; 2,2237776193995017E-07; 46927350,69691835; 46927350,69691845; 46927350,69691853; 
0,08437420269641169; -8,893813989604078E-08; -3,004975870419156E-08; -5,279956529536892E-17; 8,89381399990176E-08; 35900632,649042666; 35900632,649042696; 35900632,64904273; 
0,086169398498463; 1,9159197312879637E-08; -2,0300328410693267E-08; -3,573881719953065E-17; -1,915919724291324E-08; 24257241,50529934; 24257241,505299333; 24257241,505299333; 
0,08796459430051431; 3,663652270786793E-08; -1,026659220791021E-08; -1,4621934324419398E-17; -3,6636522679440225E-08; 12269597,876070773; 12269597,876070764; 12269597,876070749; 
0,08975979010256563; -1,6169029200213102E-08; -1,545280086347263E-10; 7,458321504270808E-18; 1,616902918512683E-08; 65813,34470156943; 65813,34470157372; 65813,3447015822; 
0,09155498590461694; -5,465712031099383E-08; 1,0083399194954486E-08; 2,7181281383728633E-17; 5,465712025753623E-08; -12128643,022288136; -12128643,022288118; -12128643,022288097; 
0,09335018170666826; -5,255681041113052E-09; 2,0062582256125215E-08; 4,1744226641082914E-17; 5,25568095942354E-09; -24131095,691470433; -24131095,691470437; -24131095,691470437; 
0,09514537750871957; 1,2029325859790162E-07; 2,9806526764405715E-08; 5,0048075494646204E-17; -1,2029325869560832E-07; -35767844,359154046; -35767844,35915411; -35767844,35915414; 
0,09694057331077088; 2,400418541160677E-07; 3,906367439956785E-08; 5,3029955620383886E-17; -2,4004185421890373E-07; -46815153,87687759; -46815153,8768777; -46815153,87687779; 
0,0987357691128222; 2,7532300915640386E-07; 4,7740266096358086E-08; 5,294714486320119E-17; -2,7532300925828265E-07; -57159495,85780072; -57159495,85780084; -57159495,85780093; 
0,10053096491487351; 2,2580600894806646E-07; 5,549899985541382E-08; 5,2828286970790714E-17; -2,2580600904913856E-07; -66554177,0569794; -66554177,05697951; -66554177,05697958; 
0,10232616071692482; 1,631731840931882E-07; 6,270512826199594E-08; 5,563408826146153E-17; -1,6317318419913502E-07; -74956275,38851942; -74956275,3885195; -74956275,38851956; 
0,10412135651897614; 1,7494142502041475E-07; 6,861404308774128E-08; 6,292294853066226E-17; -1,7494142514036647E-07; -82111098,93897128; -82111098,93897136; -82111098,93897144; 
0,10591655232102745; 2,6740599635243513E-07; 7,378288450363174E-08; 7,43593372657521E-17; -2,674059964951686E-07; -88046343,47926691; -88046343,47926703; -88046343,47926714; 
0,10771174812307877; 3,760248729075379E-07; 7,747099716256517E-08; 8,811467483915334E-17; -3,760248730774689E-07; -92512103,4516199; -92512103,45162006; -92512103,45162019; 
0,10950694392513008; 4,105641314922447E-07; 8,002558174690788E-08; 1,0123416136402206E-16; -4,105641316877942E-07; -95605328,26272064; -95605328,26272081; -95605328,26272097; 
0,11130213972718139; 3,491524214826589E-07; 8,125716959601736E-08; 1,1031366324239122E-16; -3,4915242169640976E-07; -97096599,33484128; -97096599,33484143; -97096599,33484155; 
0,1130973355292327; 2,530097460101727E-07; 8,130498153443705E-08; 1,1297045880245615E-16; -2,53009746229662E-07; -97154492,53403035; -97154492,53403047; -97154492,53403056; 
0,11489253133128402; 2,1287803522659114E-07; 8,000280656209656E-08; 1,0852857335930152E-16; -2,1287803543710323E-07; -95577750,87610067; -95577750,87610078; -95577750,87610084; 
0,11668772713333533; 2,6022465457281607E-07; 7,754591683626626E-08; 9,77743907708741E-17; -2,602246547617198E-07; -92602820,1164554; -92602820,11645553; -92602820,11645563; 
0,11848292293538665; 3,426677637970816E-07; 7,379070760778603E-08; 8,308049726493293E-17; -3,4266776395718373E-07; -88055816,10351205; -88055816,1035122; -88055816,10351232; 
0,12027811873743796; 3,6879647419514754E-07; 6,898399198568958E-08; 6,799617678461342E-17; -3,687964743256247E-07; -82235593,07652628; -82235593,07652645; -82235593,07652658; 
0,12207331453948927; 2,998242365071229E-07; 6,273930554231468E-08; 5,56391583616286E-17; -2,9982423661301533E-07; -74997659,02956454; -74997659,02956468; -74997659,02956478; 
0,12386851034154059; 1,7564529334533246E-07; 5,561832098125596E-08; 4,7590962006535826E-17; -1,756452934358777E-07; -66698657,32559355; -66698657,32559364; -66698657,32559371; 
0,1256637061435919; 8,638493759420892E-08; 4,779309362283965E-08; 4,4084066520300404E-17; -8,638493767874398E-08; -57223462,193706505; -57223462,193706565; -57223462,19370659; 
0,12745890194564322; 8,729751434235578E-08; 3,9328697918097616E-08; 4,369922528980348E-17; -8,729751442643764E-08; -46974328,551643424; -46974328,55164345; -46974328,55164348; 
0,12925409774769453; 1,4933770242813308E-07; 2,987920155977787E-08; 4,3258002808369477E-17; -1,493377025119629E-07; -35855842,80773336; -35855842,80773343; -35855842,80773348; 
0,13104929354974584; 1,7663764805131303E-07; 2,0337385216854903E-08; 3,953244440195235E-17; -1,7663764812895282E-07; -24302111,827050216; -24302111,82705029; -24302111,827050358; 
0,13284448935179716; 1,1312014055245458E-07; 1,023629140289592E-08; 3,053297540147378E-17; -1,131201406127671E-07; -12232908,074354684; -12232908,07435473; -12232908,074354772; 
0,13463968515384847; -1,9937760740202256E-08; 1,4983054756043081E-10; 1,5482478116681713E-17; 1,9937760709537198E-08; -100557,83332275765; -100557,8333227499; -100557,83332274298; 
0,13643488095589978; -1,324782643885982E-07; -1,0111745874069926E-08; -4,641066980365703E-18; 1,3247826439697314E-07; 12162966,66601855; 12162966,666018603; 12162966,666018652; 
0,1382300767579511; -1,5834843860638002E-07; -2,004097707574495E-08; -2,680715738959128E-17; 1,583484386580975E-07; 24104935,0074946; 24104935,007494662; 24104935,007494718; 
0,1400252725600024; -1,0756636519898842E-07; -2,982701149155458E-08; -4,739826935226341E-17; 1,0756636529150611E-07; 35792648,33967357; 35792648,339673616; 35792648,33967365; 
0,14182046836205373; -6,497323268938629E-08; -3,8910392170105E-08; -6,350262801854299E-17; 6,49732328132251E-08; 46791281,40736454; 46791281,40736458; 46791281,40736459; 
0,14361566416410504; -9,943586963137417E-08; -4,77530787741333E-08; -7,318511044226304E-17; 9,943586977353383E-08; 57175010,11911498; 57175010,11911504; 57175010,11911508; 
0,14541085996615635; -2,1396273955165856E-07; -5,548711061434972E-08; -7,631565519000151E-17; 2,13962739699663E-07; 66539780,94119995; 66539780,94120005; 66539780,94120012; 
0,14720605576820767; -3,266811026746685E-07; -6,244875563631412E-08; -7,489590461709445E-17; 3,2668110281930875E-07; 74969305,34998241; 74969305,34998256; 74969305,34998265; 
0,14900125157025898; -3,5707959145127254E-07; -6,860966353800294E-08; -7,187899794190852E-17; 3,5707959158907766E-07; 82105795,95076919; 82105795,9507693; 82105795,95076947; 
0,1507964473723103; -3,0259433390353895E-07; -7,325342513814269E-08; -7,01471892436152E-17; 3,025943340377127E-07; 88052165,0774081; 88052165,07740827; 88052165,07740834; 
0,1525916431743616; -2,2480231926511504E-07; -7,74663278066453E-08; -7,213639483504394E-17; 2,2480231940332974E-07; 92506449,55091459; 92506449,55091469; 92506449,55091476; 
0,15438683897641292; -2,1748971116497958E-07; -8,002530404484308E-08; -7,881780478505628E-17; 2,174897113158919E-07; 95604992,00651596; 95604992,00651605; 95604992,00651611; 
0,15618203477846423; -2,942706400222605E-07; -8,125575076852634E-08; -8,870808283686546E-17; 2,9427064019254583E-07; 97094881,34420407; 97094881,34420423; 97094881,34420434; 
0,15797723058051555; -3,86686644177242E-07; -8,13062270209898E-08; -9,891063294364684E-17; 3,866866443684661E-07; 97156000,63438077; 97156000,63438097; 97156000,63438107; 
0,15977242638256686; -4,096567723122721E-07; -8,000628754683149E-08; -1,0648923069658471E-16; 4,0965677251874073E-07; 95581965,83473437; 95581965,83473454; 95581965,8347347; 
0,16156762218461818; -3,3657978075304417E-07; -7,754448517029094E-08; -1,0857214613204352E-16; 3,3657978096346314E-07; 92601086,580309; 92601086,58030917; 92601086,58030929; 
0,1633628179866695; -2,2806947582588778E-07; -7,379268977205912E-08; -1,0333228885774087E-16; 2,2806947602660693E-07; 88058216,21182974; 88058216,21182989; 88058216,21182993; 
0,1651580137887208; -1,7386950027977762E-07; -6,84436464232395E-08; -9,130653693473672E-17; 1,7386950045709166E-07; 82228233,09722242; 82228233,09722252; 82228233,09722257; 
0,16695320959077212; -1,9882634985568645E-07; -6,274215499692804E-08; -7,46624221358534E-17; 1,9882634999958705E-07; 75001109,2984506; 75001109,29845071; 75001109,29845075; 
0,16874840539282343; -2,6508788761015527E-07; -5,561558654282051E-08; -5,62259427105857E-17; 2,650878877178792E-07; 66695346,32431969; 66695346,3243198; 66695346,32431989; 
0,17054360119487474; -2,8190328459439124E-07; -4,779876796948203E-08; -3,9500688731441283E-17; 2,8190328466985166E-07; 57230332,98981505; 57230332,98981517; 57230332,989815265; 
0,17233879699692606; -2,063718713342882E-07; -3,9326790972753863E-08; -2,7367260123161687E-17; 2,0637187138574148E-07; 46972019,52234492; 46972019,52234501; 46972019,52234507; 
0,17413399279897737; -8,140845142399419E-08; -2,988142981988891E-08; -2,0409218745832658E-17; 8,14084514620124E-08; 35858540,901780955; 35858540,901781; 35858540,90178102; 
0,17592918860102869; 1,3998926938664556E-08; -2,0332516902656766E-08; -1,7431631480678974E-17; -1,3998926905193976E-08; 24296217,01724114; 24296217,01724114; 24296217,01724114; 
0,17772438440308; 2,2144731677199044E-08; -1,0237262917181157E-08; -1,626421959146158E-17; -2,214473164532857E-08; 12234084,434734313; 12234084,43473431; 12234084,434734294; 
0,1795195802051313; -2,5894991352745112E-08; -1,4811075418179634E-10; -1,3641159707337879E-17; 2,589499137963886E-08; 98475,41742572116; 98475,41742573025; 98475,41742574255; 
0,18131477600718263; -5,0780301976068843E-08; 1,0107715211517E-08; -6,461955934972296E-18; 5,0780301989850897E-08; -12158086,128693493; -12158086,128693474; -12158086,128693458; 
0,18310997180923394; 8,968176786936642E-09; 2,0041037667539693E-08; 6,362834416880972E-18; -8,968176797635171E-09; -24105008,375213165; -24105008,375213176; -24105008,375213176; 
0,18490516761128525; 1,3102660323570647E-07; 2,982579088644667E-08; 2,4090184207318572E-17; -1,3102660328164294E-07; -35791170,36707971; -35791170,36707977; -35791170,36707981; 
0,18670036341333657; 2,3849568696186784E-07; 3,891356976981295E-08; 4,4780204766622475E-17; -2,3849568704844716E-07; -46795129,01151773; -46795129,01151782; -46795129,01151791; 
0,18849555921538788; 2,606981398402148E-07; 4,7753888526269236E-08; 6,50885002398933E-17; -2,6069813996608673E-07; -57175990,60941196; -57175990,60941208; -57175990,60941217; 
0,1902907550174392; 2,1284492767114404E-07; 5,54878518003225E-08; 8,129732168457583E-17; -2,1284492782898328E-07; -66540678,40799541; -66540678,40799552; -66540678,40799558; 
0,1920859508194905; 1,6508505267486704E-07; 6,244643112776452E-08; 9,11610493066736E-17; -1,6508505285231028E-07; -74966490,71328443; -74966490,7132845; -74966490,71328457; 
0,19388114662154182; 1,8629437862429879E-07; 6,860803850404163E-08; 9,424224394207927E-17; -1,862943788069999E-07; -82103828,27453764; -82103828,27453776; -82103828,27453782; 
0,19567634242359314; 2,817007597939566E-07; 7,325313433717087E-08; 9,153734059156402E-17; -2,817007599705379E-07; -88051812,9603607; -88051812,96036084; -88051812,96036094; 
0,19747153822564445; 3,724764393308857E-07; 7,746781353984885E-08; 8,555947049999488E-17; -3,724764394957963E-07; -92508248,55449271; -92508248,5544929; -92508248,55449302; 
0,19926673402769576; 3,953468784722164E-07; 8,002767658557227E-08; 7,983880973835727E-17; -3,9534687862563215E-07; -95607864,8030927; -95607864,80309287; -95607864,80309302; 
0,20106192982974708; 3,3655273861091416E-07; 8,125562814415454E-08; 7,715581612752187E-17; -3,365527387582738E-07; -97094732,86419223; -97094732,86419238; -97094732,8641925; 
0,2028571256317984; 2,547113025567164E-07; 8,130555262177989E-08; 7,848151595458891E-17; -2,547113027068189E-07; -97155184,03649579; -97155184,0364959; -97155184,03649597; 
0,2046523214338497; 2,272360814000818E-07; 8,000324607557098E-08; 8,346355881634195E-17; -2,2723608156058005E-07; -95578283,06203504; -95578283,06203517; -95578283,06203525; 
0,20644751723590102; 2,738109143796708E-07; 7,754497775242217E-08; 9,022385574060255E-17; -2,7381091455361006E-07; -92601683,02455243; -92601683,02455258; -92601683,02455267; 
0,20824271303795233; 3,428084580570179E-07; 7,379259204049709E-08; 9,547813304772867E-17; -3,428084582417179E-07; -88058097,87333576; -88058097,87333593; -88058097,87333605; 
0,21003790884000365; 3,5832256203755837E-07; 6,844726945750112E-08; 9,622883460879658E-17; -3,5832256222448244E-07; -82232620,05686283; -82232620,05686301; -82232620,05686311; 
0,21183310464205496; 2,8091782020942803E-07; 6,274134097186597E-08; 9,074468577399592E-17; -2,8091782038574043E-07; -75000123,63427089; -75000123,63427101; -75000123,6342711; 
0,21362830044410627; 1,6744374905787206E-07; 5,5883367117896616E-08; 7,854874950496995E-17; -1,6744374921012618E-07; -66696129,70547466; -66696129,705474734; -66696129,7054748; 
0,2154234962461576; 1,0020382224279338E-07; 4,7795259743952365E-08; 6,087529735568024E-17; -1,0020382236072409E-07; -57226085,0466004; -57226085,04660046; -57226085,04660048; 
0,2172186920482089; 1,0877718148875039E-07; 3,9326758234528105E-08; 4,080499032663977E-17; -1,0877718156731078E-07; -46971979,88118651; -46971979,88118656; -46971979,881186604; 
0,2190138878502602; 1,583835849018301E-07; 2,988164251236464E-08; 2,1775640777853265E-17; -1,5838358494257064E-07; -35858798,44097035; -35858798,44097041; -35858798,440970466; 
0,22080908365231153; 1,6494928766369453E-07; 2,033476343401906E-08; 6,3034163274212745E-18; -1,6494928767453097E-07; -24298937,235076696; -24298937,235076763; -24298937,235076826; 
0,22260427945436284; 9,162680940645221E-08; 1,0238684627924322E-08; -4,016720450265449E-18; -9,162680939791945E-08; -12235805,916564249; -12235805,916564286; -12235805,91656432; 
0,22439947525641415; -3,1106379000708555E-08; 1,4693837300227632E-10; -9,208106737205378E-18; 3,110637901926848E-08; -97055,8368900844; -97055,83689007367; -97055,83689006469; 
0,22619467105846547; -1,2313373909197505E-07; -1,0092063378122918E-08; -1,1504939221629552E-17; 1,231337391144248E-07; 12159350,279314842; 12159350,27931489; 12159350,279314937; 
0,22798986686051678; -1,3699023333761517E-07; -2,0043709822382615E-08; -1,388051843441407E-17; 1,3699023336341677E-07; 24108243,960251108; 24108243,960251164; 24108243,96025121; 
0,2297850626625681; -9,430744905394636E-08; -2,982382038623299E-08; -1,881950990570496E-17; 9,43074490890227E-08; 35788784,382216014; 35788784,382216066; 35788784,3822161; 
0,2315802584646194; -7,204202441242083E-08; -3,8913577081698374E-08; -2,829981051765932E-17; 7,204202446608575E-08; 46795137,86513156; 46795137,865131594; 46795137,86513162; 
0,23337545426667072; -1,2022198160181356E-07; -4,775015048372768E-08; -4,274667118655247E-17; 1,2022198168321705E-07; 57171464,391722634; 57171464,3917227; 57171464,39172274; 
0,23517065006872204; -2,2896161523901156E-07; -5,5490485929671045E-08; -6,031828788985987E-17; 2,289616153548701E-07; 66543867,949773185; 66543867,949773274; 66543867,94977336; 
0,23696584587077335; -3,2203626917235544E-07; -6,244545729777399E-08; -7,818794211056833E-17; 3,220362693239033E-07; 74965311,54892756; 74965311,54892768; 74965311,5489278; 
0,23876104167282466; -3,3856012032159035E-07; -6,834575760983736E-08; -9,346608920638249E-17; 3,3856012050283136E-07; 82109704,1950281; 82109704,19502826; 82109704,19502838; 
0,24055623747487598; -2,838179660808577E-07; -7,324933781136136E-08; -1,0329064052069398E-16; 2,838179662808386E-07; 88047215,92806749; 88047215,9280676; 88047215,92806773; 
0,2423514332769273; -2,2458567847255512E-07; -7,747078431570716E-08; -1,0603726396617426E-16; 2,2458567867839204E-07; 92511845,72549638; 92511845,72549649; 92511845,72549655; 
0,2441466290789786; -2,3604891844990104E-07; -8,002049357737573E-08; -1,0250561758165003E-16; 2,3604891864877434E-07; 95599167,24055822; 95599167,24055836; 95599167,24055843; 
0,24594182488102992; -3,1410241623713324E-07; -8,126152646240365E-08; -9,489856750397732E-17; 3,1410241641983163E-07; 97101874,85685271; 97101874,85685289; 97101874,856853; 
0,24773702068308123; -3,8945596755884405E-07; -8,130019208261705E-08; -8,55976515027091E-17; 3,894559677230393E-07; 97148693,21491913; 97148693,21491931; 97148693,21491943; 
0,24953221648513255; -3,9272291360447275E-07; -8,001265162343345E-08; -7,759485340457266E-17; 3,9272291375356367E-07; 95589671,79200256; 95589671,79200274; 95589671,79200284; 
0,25132741228718386; -3,159755359172413E-07; -7,753723871185226E-08; -7,35044004009497E-17; 3,1597553605768443E-07; 92592312,18889815; 92592312,18889828; 92592312,18889838; 
0,25312260808923515; -2,228252613402488E-07; -7,380008428889292E-08; -7,344755716964052E-17; 2,2282526148038868E-07; 88067169,88010001; 88067169,8801001; 88067169,88010018; 
0,25491780389128643; -1,8897382611183962E-07; -6,843595086362717E-08; -7,581961586296392E-17; 1,8897382625819863E-07; 82218914,91058888; 82218914,91058895; 82218914,91058902; 
0,2567129996933377; -2,213368494810649E-07; -6,24836802763692E-08; -7,861842489251925E-17; 2,2133684963357564E-07; 75011593,93333931; 75011593,9333394; 75011593,93333946; 
0,258508195495389; -2,7043045926936616E-07; -5,560646095808568E-08; -7,883903034297196E-17; 2,704304594217809E-07; 66684296,58837022; 66684296,588370346; 66684296,58837045; 
0,2603033912974403; -2,6639221969636923E-07; -4,7808678149884794E-08; -7,33323432146235E-17; 2,6639221983891085E-07; 57242332,75529245; 57242332,75529257; 57242332,75529266; 
0,2620985870994916; -1,8480872453138072E-07; -3,9315609548972427E-08; -6,131562999757029E-17; 1,848087246514605E-07; 46958480,468803234; 46958480,46880331; 46958480,46880337; 
0,26389378290154286; -7,363146103361879E-08; -2,989309709623781E-08; -4,4076578261010115E-17; 7,363146111901817E-08; 35872668,25105784; 35872668,25105789; 35872668,2510579; 
0,26568897870359415; 5,279308969861237E-10; -2,0320142793477077E-08; -2,332995063046191E-17; -5,279308525521766E-10; 24281233,797752347; 24281233,797752354; 24281233,797752347; 
0,26748417450564543; 3,9039237460056055E-10; -1,0250757299267115E-08; -2,081009921520214E-18; -3,9039237069779834E-10; 12250424,139332319; 12250424,139332317; 12250424,139332319; 
0,2692793703076967; -3,60511682595454E-08; -1,1760570345151807E-10; 1,581552574977871E-17; 3,605116822810552E-08; 81754,51455907716; 81754,51455909302; 81754,51455910584; 
0,271074566109748; -3,927047454690976E-08; 1,007662510682246E-08; 2,8488390588253665E-17; 3,927047449006963E-08; -12140656,811844716; -12140656,811844707; -12140656,811844692; 
0,2728697619117993; 3,0627941397409964E-08; 2,0056331857490853E-08; 3,602167755535381E-17; -3,06279414676112E-08; -24123527,3814393; -24123527,38143932; -24123527,381439324; 
0,2746649577138506; 1,4307825913792062E-07; 2,9810398915223204E-08; 3,909570467075171E-17; -1,4307825921310938E-07; -35772532,96216776; -35772532,96216783; -35772532,962167874; 
0,27646015351590186; 2,293816524332302E-07; 3,892942519478552E-08; 3,9994916843130105E-17; -2,2938165251045508E-07; -46814327,59050246; -46814327,59050257; -46814327,59050265; 
0,27825534931795315; 2,39410961699045E-07; 4,773730666379556E-08; 4,2295082270886803E-17; -2,394109617798331E-07; -57155912,42185369; -57155912,42185381; -57155912,421853885; 
0,28005054512000443; 1,9886335830226453E-07; 5,5504381648133006E-08; 4,817051752072225E-17; -1,9886335839328282E-07; -66560693,61347523; -66560693,61347532; -66560693,613475375; 
0,2818457409220557; 1,7180446332212312E-07; 6,24295214455865E-08; 5,804190028579889E-17; -1,7180446343306103E-07; -74946015,58445859; -74946015,58445868; -74946015,58445874; 
0,283640936724107; 2,0835162672518522E-07; 6,835854903039632E-08; 7,166492504694587E-17; -2,083516268632553E-07; -82125192,7169916; -82125192,71699171; -82125192,71699177; 
0,2854361325261583; 2,937031652919805E-07; 7,350221573803171E-08; 8,705529646024813E-17; -2,93703165459452E-07; -88029954,40200652; -88029954,40200669; -88029954,40200679; 
0,2872313283282096; 3,6806041127195304E-07; 7,748710565340779E-08; 1,0047097330481252E-16; -3,680604114661486E-07; -92531608,45601442; -92531608,45601457; -92531608,4560147; 
0,28902652413026086; 3,777617762700553E-07; 8,000689360472401E-08; 1,0909103156721436E-16; -3,7776177648223857E-07; -95582699,68137288; -95582699,68137306; -95582699,68137318; 
0,29082171993231215; 3,21730054730449E-07; 8,127722135540286E-08; 1,1159594270474413E-16; -3,2173005494696906E-07; -97120879,05531625; -97120879,05531642; -97120879,05531654; 
0,29261691573436344; 2,5697904919438946E-07; 8,12827194430966E-08; 1,0721789430497783E-16; -2,5697904940163566E-07; -97127536,42785819; -97127536,42785832; -97127536,42785838; 
0,2944121115364147; 2,4382643714522764E-07; 8,002731582641435E-08; 9,7068485175879E-17; -2,438264373330531E-07; -95607427,97700949; -95607427,97700961; -95607427,9770097; 
0,296207307338466; 2,897945955638666E-07; 7,752032111488493E-08; 8,443377177810489E-17; -2,8979459572658533E-07; -92571827,47643088; -92571827,47643101; -92571827,47643112; 
0,2980025031405173; 3,4268877547963263E-07; 7,381830236141663E-08; 7,242760232212716E-17; -3,4268877561789927E-07; -88089229,27648333; -88089229,27648349; -88089229,2764836; 
0,2997976989425686; 3,4151016147049E-07; 6,868754479324347E-08; 6,316504651157336E-17; -3,4151016159112385E-07; -82200098,65364546; -82200098,65364563; -82200098,65364572; 
0,30159289474461987; 2,676984613534765E-07; 6,250203254572666E-08; 5,80910376059191E-17; -2,676984614650114E-07; -75033815,8222775; -75033815,8222776; -75033815,82227771; 
0,30338809054667115; 1,6701347883332557E-07; 5,5586776895939294E-08; 5,69472907336414E-17; -1,670134789423252E-07; -66660462,094970524; -66660462,094970606; -66660462,09497066; 
0,30518328634872244; 1,098098158260504E-07; 4,7826092652416934E-08; 5,721438993837418E-17; -1,0980981593605935E-07; -57263419,14704303; -57263419,14704308; -57263419,14704312; 
0,3069784821507737; 1,2161371225448063E-07; 3,929515467367064E-08; 5,594968299755677E-17; -1,2161371236363893E-07; -46933712,634463646; -46933712,634463705; -46933712,63446374; 
0,308773677952825; 1,616928659845659E-07; 2,991435679653935E-08; 5,1009758414836133E-17; -1,616928660842422E-07; -35898410,60965986; -35898410,609659925; -35898410,609659985; 
0,3105688737548763; 1,5651076638503644E-07; 2,0301153123545245E-08; 4,047147296481477E-17; -1,5651076646372356E-07; -24258240,11081484; -24258240,110814903; -24258240,11081496; 
0,3123640695569276; 7,852662105757819E-08; 1,0272801421569342E-08; 2,3877571648028594E-17; -7,852662110473131E-08; -12277116,317176856; -12277116,317176886; -12277116,317176914; 
0,31415926535897887; -3,5661604368869195E-08; 8,6938666349605E-11; 3,4686135480994214E-18; 3,566160436148162E-08; -54729,36497975048; -54729,36497973978; -54729,36497972779; 
0,31595446116103015; -1,1621276248872904E-07; -1,0048211193951438E-08; -1,7727226598687466E-17; 1,162127625238551E-07; 12116359,86309155; 12116359,8630916; 12116359,863091642; 
0,31774965696308144; -1,239651030015436E-07; -2,0079401363522734E-08; -3,7093050259936196E-17; 1,23965103074229E-07; 24151461,147608183; 24151461,147608235; 24151461,147608284; 
0,3195448527651327; -8,827276157358913E-08; -2,9787597159305876E-08; -5,180715690642207E-17; 8,827276167413508E-08; 35744923,401861005; 35744923,40186105; 35744923,401861064; 
0,321340048567184; -7,768276691473402E-08; -3,8950028851262894E-08; -6,022717022307439E-17; 7,768276703209545E-08; 46839275,57688186; 46839275,5768819; 46839275,57688193; 
0,3231352443692353; -1,331289670141029E-07; -4,7713757397535126E-08; -6,338459058590259E-17; 1,3312896713738206E-07; 57127397,73687266; 57127397,736872725; 57127397,736872785; 
0,3249304401712866; -2,3617142724402923E-07; -5,5527170071142945E-08; -6,349801441867648E-17; 2,361714273660487E-07; 66588287,02959941; 66588287,02959952; 66588287,029599614; 
0,32672563597333787; -3,1777415522112044E-07; -6,240882103808654E-08; -6,289257507895477E-17; 3,177741553414954E-07; 74920950,44687374; 74920950,44687389; 74920950,44687401; 
0,32852083177538915; -3,259455080730564E-07; -6,838211103430951E-08; -6,434099056201409E-17; 3,2594550819649157E-07; 82153722,82538974; 82153722,8253899; 82153722,82539; 
0,33031602757744044; -2,755466308921195E-07; -7,321292212773405E-08; -6,983352090776902E-17; 2,7554663102570693E-07; 88003121,91105999; 88003121,91106012; 88003121,91106023; 
0,3321112233794917; -2,2743475872582808E-07; -7,750689288271406E-08; -7,915235219353906E-17; 2,274347588773444E-07; 92555567,86961466; 92555567,86961478; 92555567,86961487; 
0,333906419181543; -2,4820386916665915E-07; -7,998487225020405E-08; -9,051158493320998E-17; 2,4820386934114963E-07; 95556035,07195157; 95556035,07195169; 95556035,07195178; 
0,3357016149835943; -3,23308808660466E-07; -8,129699658234542E-08; -1,0146969049689373E-16; 3,233088088567896E-07; 97144823,9358259; 97144823,93582605; 97144823,93582617; 
0,3374968107856456; -3,8803503984525426E-07; -8,126526739559582E-08; -1,0893773266583174E-16; 3,880350400561369E-07; 97106404,57469317; 97106404,57469334; 97106404,57469347; 
0,33929200658769687; -3,811858116067446E-07; -8,004690726963667E-08; -1,1024856371459299E-16; 3,811858118207571E-07; 95631150,32256502; 95631150,3225652; 95631150,32256532; 
0,34108720238974816; -3,05971521656473E-07; -7,750332945447205E-08; -1,0475830087769223E-16; 3,0597152185995014E-07; 92551253,08406468; 92551253,08406483; 92551253,08406492; 
0,34288239819179944; -2,2282210181690314E-07; -7,383323382860504E-08; -9,341647760157855E-17; 2,2282210199735806E-07; 88107309,07899068; 88107309,07899082; 88107309,07899088; 
0,34467759399385073; -1,9974599185747765E-07; -6,840362732668643E-08; -7,811069853740206E-17; 1,9974599200776959E-07; 82179775,87911563; 82179775,8791157; 82179775,87911578; 
0,346472789795902; -2,3199210123224558E-07; -6,25154829229314E-08; -6,203665211146464E-17; 2,3199210135160136E-07; 75050102,24346055; 75050102,24346067; 75050102,24346074; 
0,3482679855979533; -2,718348094490938E-07; -5,5575605804112885E-08; -4,860991730967649E-17; 2,718348095416935E-07; 66646935,55190112; 66646935,55190126; 66646935,551901355; 
0,3500631814000046; -2,56519166615691E-07; -4,783857678701744E-08; -3,938412254291789E-17; 2,5651916668994414E-07; 57278535,591073915; 57278535,59107402; 57278535,591074124; 
0,35185837720205587; -1,736554522798364E-07; -3,928638379556428E-08; -3,426204875680759E-17; 1,7365545234539891E-07; 46923092,39587769; 46923092,39587778; 46923092,39587783; 
0,35365357300410716; -7,086705261883609E-08; -2,992121592969454E-08; -3,232863908263496E-17; 7,086705268137534E-08; 35906716,00733128; 35906716,00733132; 35906716,00733134; 
0,35544876880615844; -8,326347433129083E-09; -2,0293083553887254E-08; -3,093969152666725E-17; 8,32634749278853E-09; 24248469,05322919; 24248469,053229205; 24248469,05322921; 
0,35724396460820973; -1,110303222271969E-08; -1,0277015435532266E-08; -2,6557719292267718E-17; 1,1103032274885465E-08; 12282218,865992159; 12282218,865992166; 12282218,865992168; 
0,359039160410261; -4,002816918840509E-08; -1,0926937633096316E-10; -1,7275255493267055E-17; 4,0028169223522794E-08; 51444,242806595816; 51444,24280661199; 51444,2428066293; 
0,3608343562123123; -3,1680403280785886E-08; 1,0052700970145862E-08; -2,8257914866533975E-18; 3,168040328704325E-08; -12111688,214129936; -12111688,214129925; -12111688,214129915; 
0,3626295520143636; 4,215042798136073E-08; 2,0079383277224653E-08; 1,6247265025542446E-17; -4,215042801262809E-08; -24151439,247771192; -24151439,247771215; -24151439,247771226; 
0,3644247478164149; 1,483531030477365E-07; 2,978864769541725E-08; 3,75397274805221E-17; -1,4835310311988217E-07; -35746195,44600651; -35746195,44600657; -35746195,44600661; 
0,36621994361846616; 2,2298777033601553E-07; 3,895002866047697E-08; 5,720279007445162E-17; -2,2298777044702537E-07; -46839275,34586827; -46839275,34586837; -46839275,34586845; 
0,36801513942051745; 2,2787616326961636E-07; 4,771765785298644E-08; 7,239023309378658E-17; -2,2787616341097721E-07; -57132120,61261948; -57132120,61261958; -57132120,61261967; 
0,36981033522256873; 1,9246993627904432E-07; 5,552265782063417E-08; 8,166881666608194E-17; -1,9246993643756447E-07; -66582823,36035425; -66582823,36035434; -66582823,3603544; 
0,37160553102462; 1,7693481054831443E-07; 6,241241733673237E-08; 8,446743771884307E-17; -1,7693481071157217E-07; -74925305,03363024; -74925305,03363034; -74925305,03363042; 
0,3734007268266713; 2,1831969105771736E-07; 6,864160075417937E-08; 8,22357701870337E-17; -2,183196912170432E-07; -82144467,20482744; -82144467,20482756; -82144467,20482764; 
0,3751959226287226; 3,0480152158591264E-07; 7,32211822166096E-08; 7,839727215869376E-17; -3,0480152173693633E-07; -88013123,65929267; -88013123,65929283; -88013123,65929292; 
0,3769911184307739; 3,643886255804129E-07; 7,749889182983529E-08; 7,583874296706314E-17; -3,643886257250177E-07; -92545879,77573386; -92545879,77573402; -92545879,77573414; 
0,37878631423282516; 3,645374579688044E-07; 7,999724979860334E-08; 7,618458242488304E-17; -3,645374581145018E-07; -95571022,45582758; -95571022,45582774; -95571022,45582788; 
0,38058151003487645; 3,1108036515564226E-07; 8,12842975460081E-08; 8,058989800636154E-17; -3,1108036531057363E-07; -97129447,2775166; -97129447,27751675; -97129447,27751684; 
0,38237670583692773; 2,5898607306738387E-07; 8,127781218010726E-08; 8,840918711957887E-17; -2,589860732371304E-07; -97121594,45681275; -97121594,4568129; -97121594,45681298; 
0,384171901638979; 2,564329468936287E-07; 8,003016012331122E-08; 9,664210355540512E-17; -2,5643294708000726E-07; -95610872,00066231; -95610872,00066243; -95610872,00066254; 
0,3859670974410303; 3,0127455215673635E-07; 7,751992942903054E-08; 1,0218660586584191E-16; -3,012745523550956E-07; -92571353,20268384; -92571353,20268396; -92571353,20268409; 
0,3877622932430816; 3,423452869836481E-07; 7,381668230958865E-08; 1,0272959513726739E-16; -3,423452871829323E-07; -88087267,63287978; -88087267,63287994; -88087267,63288008; 
0,3895574890451329; 3,282617589891173E-07; 6,895807467619431E-08; 9,652179282364627E-17; -3,2826175917618617E-07; -82204211,0407702; -82204211,04077035; -82204211,04077047; 
0,39135268484718416; 2,5639710961446003E-07; 6,276372552849316E-08; 8,366483326267445E-17; -2,5639710977699655E-07; -75027228,02782634; -75027228,02782647; -75027228,02782655; 
0,39314788064923545; 1,7039640954611463E-07; 5,5593956771264554E-08; 6,6540523781387E-17; -1,7039640967466586E-07; -66669155,86406034; -66669155,86406044; -66669155,86406049; 
0,39494307645128673; 1,234000087071078E-07; 4,781717334706822E-08; 4,8067579132790664E-17; -1,2340000879875086E-07; -57252619,18497814; -57252619,18497821; -57252619,18497825; 
0,396738272253338; 1,324787313586975E-07; 3,9306214525444425E-08; 3,103529401163762E-17; -1,3247873141770406E-07; -46947104,482251115; -46947104,48225119; -46947104,482251234; 
0,3985334680553893; 1,600013360775155E-07; 2,9901597377201764E-08; 1,8201793499632955E-17; -1,6000133611184E-07; -35882960,83645127; -35882960,83645133; -35882960,83645139; 
0,4003286638574406; 1,4358669821638477E-07; 2,031548387243161E-08; 1,0471065134530126E-17; -1,4358669823523652E-07; -24275592,532139484; -24275592,53213955; -24275592,5321396; 
0,4021238596594919; 6,682175085748411E-08; 1,0256530109169447E-08; 6,37783114968777E-18; -6,682175086924919E-08; -12257414,159913003; -12257414,159913028; -12257414,159913052; 
0,40391905546154316; -3,578867966646928E-08; 1,2970004372377754E-10; 3,822662980294062E-18; 3,578867965836837E-08; -76182,76494210455; -76182,76494209381; -76182,76494207824; 
0,40571425126359445; -1,0377578903754888E-07; -1,0092300565460202E-08; 3,358608291238506E-19; 1,0377578903620117E-07; 12139421,267905768; 12139421,26790581; 12139421,267905848; 
0,40750944706564574; -1,1157477674488113E-07; -2,005872606734088E-08; -6,952091156990206E-18; 1,1157477675749352E-07; 24126426,41612246; 24126426,416122507; 24126426,416122545; 
0,409304642867697; -8,682230281090767E-08; -2,980938056506839E-08; -1,9392911919917024E-17; 8,682230284686774E-08; 35771299,89046424; 35771299,89046428; 35771299,89046431; 
0,4110998386697483; -8,900727081628205E-08; -3,8927168157326486E-08; -3,603565292689926E-17; 8,900727088495826E-08; 46811594,651334725; 46811594,65133477; 46811594,65133481; 
0,4128950344717996; -1,460466425332001E-07; -4,7738000813096023E-08; -5,4948425327019254E-17; 1,460466426395697E-07; 57156752,934182785; 57156752,93418287; 57156752,934182905; 
0,4146902302738509; -2,3924414115905426E-07; -5,5502070727131674E-08; -7,347680555231736E-17; 2,3924414130135553E-07; 66557895,429292314; 66557895,42929242; 66557895,42929249; 
0,41648542607590217; -3,075677387650515E-07; -6,243479795615606E-08; -8,822459308049123E-17; 3,0756773893593434E-07; 74952404,6598135; 74952404,65981363; 74952404,65981373; 
0,41828062187795345; -3,112575954516125E-07; -6,862195224874593E-08; -9,679490025475834E-17; 3,1125759563962286E-07; 82120675,76535805; 82120675,76535818; 82120675,76535828; 
0,42007581768000474; -2,7318728777282935E-07; -7,324124490644545E-08; -9,888396856980604E-17; 2,7318728796466897E-07; 88037416,61492942; 88037416,61492954; 88037416,61492965; 
0,421871013482056; -2,3881287070619327E-07; -7,747738120562215E-08; -9,559578129189087E-17; 2,388128708907368E-07; 92519833,58531757; 92519833,58531769; 92519833,58531778; 
0,4236662092841073; -2,619175490620499E-07; -8,001586149477916E-08; -8,909166468487978E-17; 2,6191754923346505E-07; 95593558,47234495; 95593558,47234507; 95593558,47234516; 
0,4254614050861586; -3,2734218467952466E-07; -8,12651022297143E-08; -8,243043835540404E-17; 3,2734218483787064E-07; 97106204,58319327; 97106204,58319344; 97106204,58319354; 
0,4272566008882099; -3,7788955179403083E-07; -8,12981032684447E-08; -7,842073265522699E-17; 3,7788955194415535E-07; 97146163,96931759; 97146163,96931775; 97146163,96931787; 
0,42905179669026117; -3,6720013960981293E-07; -8,001288548679162E-08; -7,824530315694098E-17; 3,672001397593509E-07; 95589954,96600522; 95589954,96600537; 95589954,9660055; 
0,43084699249231245; -3,003473262913681E-07; -7,753795420223529E-08; -8,127506473583387E-17; 3,0034732644747665E-07; 92593178,54212771; 92593178,54212786; 92593178,54212795; 
0,43264218829436374; -2,316143628429212E-07; -7,379791572180828E-08; -8,575710979772794E-17; 2,3161436300856233E-07; 88064544,06549521; 88064544,0654953; 88064544,06549539; 
0,434437384096415; -2,1381353710787992E-07; -6,843983686876105E-08; -8,910632087776815E-17; 2,1381353728026518E-07; 82223620,28913449; 82223620,28913458; 82223620,28913467; 
0,4362325798984663; -2,3768115662874489E-07; -6,274592700866575E-08; -8,833791051715882E-17; 2,3768115680003636E-07; 75005676,64782175; 75005676,64782186; 75005676,64782192; 
0,4380277757005176; -2,6533983308063584E-07; -5,588013381551051E-08; -8,148796779061521E-17; 2,6533983323928675E-07; 66692214,65360135; 66692214,65360147; 66692214,65360156; 
0,4398229715025689; -2,4723743671673424E-07; -4,780049772288885E-08; -6,847380214063738E-17; 2,4723743684986135E-07; 57232427,46583586; 57232427,465835966; 57232427,46583606; 
0,44161816730462017; -1,6787299360139748E-07; -3,932455167711772E-08; -5,057150096230783E-17; 1,6787299369897205E-07; 46969308,06590554; 46969308,06590562; 46969308,065905675; 
0,44341336310667145; -7,489955051115595E-08; -2,9882859931984914E-08; -3,024653738610375E-17; 7,489955056914675E-08; 35860272,55640893; 35860272,556408964; 35860272,55640899; 
0,44520855890872274; -1,7414328678409534E-08; -2,033166767539965E-08; -1,0936388453689049E-17; 1,7414328698846828E-08; 24295188,72839993; 24295188,728399944; 24295188,72839995; 
0,447003754710774; -1,771378582390144E-08; -1,0238610905981078E-08; 4,502750736794776E-18; 1,771378581391389E-08; 12235716,650174186; 12235716,650174193; 12235716,650174195; 
0,4487989505128253; -3,706330150099736E-08; -1,4762713335114407E-10; 1,4935188346176266E-17; 3,706330147097327E-08; 97889,8239943133; 97889,82399432962; 97889,82399434823; 
0,4505941463148766; -2,2992732432504095E-08; 1,0107706011675852E-08; 2,0647185237465044E-17; 2,2992732392261044E-08; -12158074,989043983; -12158074,989043979; -12158074,98904397; 
0,4523893421169279; 4,962728609032863E-08; 2,0041529450073068E-08; 2,3212816892640727E-17; -4,962728613508373E-08; -24105603,8512617; -24105603,851261724; -24105603,851261735; 
0,45418453791897917; 1,4663186684232125E-07; 2,982620509009235E-08; 2,5498137013341512E-17; -1,4663186689107072E-07; -35791671,906547815; -35791671,906547874; -35791671,906547934; 
0,45597973372103046; 2,1465218664471936E-07; 3,8912793301176894E-08; 3,039188077454756E-17; -2,1465218670209144E-07; -46794188,82262565; -46794188,82262574; -46794188,8226258; 
0,45777492952308174; 2,197996552192301E-07; 4,775420402072347E-08; 3,9402623988281284E-17; -2,1979965529391298E-07; -57176372,62662118; -57176372,626621276; -57176372,62662135; 
0,459570125325133; 1,9308155566930477E-07; 5,548660228658428E-08; 5,2663081218080705E-17; -1,9308155577034873E-07; -66539165,4313179; -66539165,431317985; -66539165,43131805; 
0,4613653211271843; 1,8472425106897502E-07; 6,244792698959807E-08; 6,897952951040677E-17; -1,8472425120184416E-07; -74968301,98113823; -74968301,9811383; -74968301,98113838; 
0,4631605169292356; 2,2829925108605186E-07; 6,834001642178321E-08; 8,551485692724714E-17; -2,282992512510516E-07; -82102752,4638374; -82102752,4638375; -82102752,46383756; 
0,4649557127312869; 3,030250466172448E-07; 7,325454256078987E-08; 9,890527715597571E-17; -3,0302504680891933E-07; -88053518,11127435; -88053518,11127448; -88053518,11127459; 
0,46675090853333817; 3,5482843693960523E-07; 7,74667905388958E-08; 1,0681339864274118E-16; -3,5482843714695635E-07; -92507009,85135911; -92507009,85135926; -92507009,85135938; 
0,46854610433538946; 3,553410518487479E-07; 8,002771648503435E-08; 1,0813828865998854E-16; -3,55341052058243E-07; -95607913,1154511; -95607913,11545125; -95607913,11545138; 
0,47034130013744074; 3,1156848416808854E-07; 8,125519335285806E-08; 1,0321111930571104E-16; -3,1156848436783383E-07; -97094206,39611828; -97094206,39611843; -97094206,39611854; 
0,47213649593949203; 2,679307983763794E-07; 8,130553088209969E-08; 9,419063903879423E-17; -2,67930798558255E-07; -97155157,71295236; -97155157,7129525; -97155157,71295257; 
0,4739316917415433; 2,6614771650833725E-07; 8,000416826229437E-08; 8,398690854527874E-17; -2,66147716669497E-07; -95579399,69401927; -95579399,69401942; -95579399,69401951; 
0,4757268875435946; 3,0206105155580057E-07; 7,75444972927022E-08; 7,517517681851672E-17; -3,020610516996184E-07; -92601101,25875944; -92601101,25875956; -92601101,25875968; 
0,4775220833456459; 3,3412764753977156E-07; 7,379359219501007E-08; 6,98106375765082E-17; -3,341276476734344E-07; -88059308,91280319; -88059308,91280334; -88059308,91280346; 
0,4793172791476972; 3,1958989017255527E-07; 6,871242333603514E-08; 6,839502786974758E-17; -3,1958989030355643E-07; -82230222,89627141; -82230222,89627157; -82230222,89627166; 
0,48111247494974846; 2,535232299014525E-07; 6,24763068656553E-08; 6,9414213749484E-17; -2,535232300350587E-07; -75002665,8214645; -75002665,8214646; -75002665,82146467; 
0,48290767075179974; 1,7310739679946892E-07; 5,561279033432314E-08; 7,043780085046465E-17; -1,7310739693598477E-07; -66691960,52861961; -66691960,5286197; -66691960,52861976; 
0,48470286655385103; 1,3103775350300106E-07; 4,780007134033936E-08; 6,883541303760653E-17; -1,3103775363670902E-07; -57231911,179513164; -57231911,17951322; -57231911,17951326; 
0,4864980623559023; 1,3747872762346111E-07; 3,932184028723317E-08; 6,221914542198912E-17; -1,3747872774450154E-07; -46966024,97302428; -46966024,973024346; -46966024,97302439; 
0,4882932581579536; 1,5810845595779453E-07; 2,988762215117238E-08; 4,9594317039330174E-17; -1,5810845605462406E-07; -35866038,90082237; -35866038,90082244; -35866038,90082249; 
0,4900884539600049; 1,3625245427021587E-07; 2,03277453839607E-08; 3,188236790433224E-17; -1,3625245433234066E-07; -24290439,412495617; -24290439,412495676; -24290439,412495725; 
0,4918836497620562; 6,121040955269915E-08; 1,0245725692771298E-08; 1,1226062192820232E-17; -6,121040957414766E-08; -12244331,606656773; -12244331,606656797; -12244331,606656818; 
0,49367884556410746; -3,463915312336397E-08; 1,2217861923067492E-10; -9,458825894959714E-18; 3,463915314221504E-08; -87291,64049096132; -87291,640490951; -87291,6404909382; 
0,49547404136615875; -9,706849849994858E-08; -1,0083152527863987E-08; -2,703383683697549E-17; 9,70684985530658E-08; 12148560,555115512; 12148560,555115553; 12148560,555115586; 
0,49726923716821003; -1,0544781294521456E-07; -2,0052529705127175E-08; -3,9473319392923435E-17; 1,0544781302261844E-07; 24118923,53621961; 24118923,536219653; 24118923,53621969; 
0,4990644329702613; -8,691460711425004E-08; -2,981404389068924E-08; -4,65052816105969E-17; 8,691460720478345E-08; 35776946,48936766; 35776946,48936771; 35776946,48936773; 
0,5008596287723126; -9,531663048794446E-08; -3,892401982610315E-08; -4,9257871458136734E-17; 9,531663058308235E-08; 46807782,48699566; 46807782,486995704; 46807782,48699573; 
0,502654824574364; -1,5258573024583497E-07; -4,773987423079768E-08; -5,006482233483401E-17; 1,5258573034215341E-07; 57159021,366456196; 57159021,36645627; 57159021,36645634; 
0,5044500203764153; -2,399678242112989E-07; -5,5501669807081824E-08; -5,188187995686432E-17; 2,3996782431061137E-07; 66557409,974297784; 66557409,97429788; 66557409,97429796; 
0,5062452161784666; -3,018219773861527E-07; -6,243378119050291E-08; -5,69433177851593E-17; 3,018219774946368E-07; 74951173,5067075; 74951173,50670765; 74951173,50670776; 
0,508040411980518; -3,0582540551665086E-07; -6,835719735336456E-08; -6,598792370521942E-17; 3,058254056427484E-07; 82123556,03564748; 82123556,0356476; 82123556,0356477; 
0,5098356077825693; -2,679789601535852E-07; -7,350400864705528E-08; -7,834256181259404E-17; 2,679789603042544E-07; 88032125,3501559; 88032125,35015602; 88032125,35015611; 
0,5116308035846207; -2,437819590538876E-07; -7,74839929270651E-08; -9,196138397924137E-17; 2,4378195923131156E-07; 92527839,40392968; 92527839,40392978; 92527839,40392986; 
0,513425999386672; -2,7111885632940247E-07; -8,000707018053567E-08; -1,0371639906737146E-16; 2,7111885652996595E-07; 95582913,48861377; 95582913,48861392; 95582913,48861401; 
0,5152211951887233; -3,3196541541702255E-07; -8,127631540016417E-08; -1,1062750197744359E-16; 3,319654156315728E-07; 97119782,07726386; 97119782,077264; 97119782,07726413; 
0,5170163909907747; -3,7393044686661597E-07; -8,128470446494263E-08; -1,110175809155792E-16; 3,7393044708204837E-07; 97129939,99627489; 97129939,99627507; 97129939,9962752; 
0,518811586792826; -3,5805834357150053E-07; -8,002825351621811E-08; -1,0476792843284173E-16; 3,5805834377430785E-07; 95608563,38093543; 95608563,3809356; 95608563,38093571; 
0,5206067825948774; -2,94946006120105E-07; -7,752038800082509E-08; -9,328817547792183E-17; 2,9494600630019456E-07; 92571908,46543038; 92571908,46543051; 92571908,46543062; 
0,5224019783969287; -2,3452903589096848E-07; -7,381740677095427E-08; -7,938521553009162E-17; 2,345290360438715E-07; 88088144,84864493; 88088144,84864505; 88088144,84864514; 
0,52419717419898; -2,2134730582271886E-07; -6,868557141727218E-08; -6,638497691329219E-17; 2,2134730594980449E-07; 82197709,18666384; 82197709,18666396; 82197709,18666402; 
0,5259923700010314; -2,47468362206719E-07; -6,250274300305703E-08; -5,665735286540087E-17; 2,474683623144568E-07; 75034676,08122332; 75034676,08122343; 75034676,08122352; 
0,5277875658030827; -2,650582024628435E-07; -5,558663830685238E-08; -5,102364553654998E-17; 2,6505820256023295E-07; 66660294,28404549; 66660294,28404561; 66660294,28404571; 
0,5295827616051341; -2,3419126339802773E-07; -4,7829007892031013E-08; -4,8956122381327137E-17; 2,3419126349220564E-07; 57266949,07185344; 57266949,07185354; 57266949,07185362; 
0,5313779574071854; -1,5641576227715553E-07; -3,929374023465373E-08; -4,837812713657114E-17; 1,5641576237052384E-07; 46931999,957620695; 46931999,95762078; 46931999,957620844; 
0,5331731532092367; -7,49295959438762E-08; -2,991545949267219E-08; -4,615687143052955E-17; 7,492959603349449E-08; 35899745,81189121; 35899745,81189124; 35899745,81189127; 
0,5349683490112881; -2,9653473384337292E-08; -2,0297402446170762E-08; -3,969018800326015E-17; 2,965347346219136E-08; 24253698,59420808; 24253698,594208095; 24253698,59420811; 
0,5367635448133394; -2,984809286753051E-08; -1,0274837139399816E-08; -2,782843709610261E-17; 2,98480929223773E-08; 12279581,270946726; 12279581,27094674; 12279581,270946745; 
0,5385587406153908; -3,8824009488894106E-08; -8,495447333726727E-11; -1,0766523577098266E-17; 3,882400951018638E-08; 52326,80015828634; 52326,80015830565; 52326,80015832244; 
0,5403539364174421; -1,137121097186556E-08; 1,004374138671281E-08; 9,809430846917281E-18; 1,1371210953149613E-08; -12110947,586380834; -12110947,586380837; -12110947,586380832; 
0,5421491322194935; 6,228199226954751E-08; 2,0081968646558828E-08; 3,076850396565877E-17; -6,228199232921893E-08; -24154569,748369735; -24154569,74836977; -24154569,74836979; 
0,5439443280215448; 1,4966556342679305E-07; 2,978482426001951E-08; 4,890244249547551E-17; -1,496655635222713E-07; -35741565,83017446; -35741565,830174536; -35741565,83017459; 
0,5457395238235961; 2,0426152414341774E-07; 3,895509434516115E-08; 6,209659354775814E-17; -2,0426152426446738E-07; -46845409,14219915; -46845409,14219924; -46845409,14219931; 
0,5475347196256475; 2,0678284253293538E-07; 4,7710752955175586E-08; 6,943542669289534E-17; -2,0678284266765492E-07; -57123759,80070606; -57123759,80070615; -57123759,80070622; 
0,5493299154276988; 1,8849734496005724E-07; 5,553063108739506E-08; 7,147689645055733E-17; -1,884973450984274E-07; -66592477,809348226; -66592477,809348315; -66592477,809348375; 
0,5511251112297502; 1,9389215487060823E-07; 6,240328771614176E-08; 7,043799896022136E-17; -1,9389215500655194E-07; -74914250,4108552; -74914250,4108553; -74914250,41085537; 
0,5529203070318015; 2,415001477772855E-07; 6,838545579798864E-08; 6,920897969295678E-17; -2,4150014790998257E-07; -82157772,84043445; -82157772,84043458; -82157772,84043467; 
0,5547155028338528; 3,0764806989908483E-07; 7,347583922580578E-08; 7,015974708608467E-17; -3,0764807003323087E-07; -87998016,33953345; -87998016,3395336; -87998016,3395337; 
0,5565106986359042; 3,492575900314581E-07; 7,751336668058594E-08; 7,479638620740547E-17; -3,4925759017479196E-07; -92563406,68314312; -92563406,68314327; -92563406,68314339; 
0,5583058944379555; 3,445467243230515E-07; 7,998016816021097E-08; 8,31400408273518E-17; -3,4454672448257725E-07; -95550339,1134112; -95550339,11341138; -95550339,11341152; 
0,5601010902400069; 3,0445104961307953E-07; 8,130321008264535E-08; 9,318924571063625E-17; -3,0445104979244453E-07; -97152347,56742117; -97152347,5674213; -97152347,56742138; 
0,5618962860420582; 2,7229300235011784E-07; 8,125693385492529E-08; 1,0203795489232123E-16; -2,7229300254765937E-07; -97096313,8871801; -97096313,8871802; -97096313,88718031; 
0,5636914818441096; 2,766600578155335E-07; 8,005336331758087E-08; 1,0712481559975514E-16; -2,766600580234243E-07; -95638967,6435514; -95638967,64355154; -95638967,64355165; 
0,5654866776461609; 3,101219465410608E-07; 7,749519442633263E-08; 1,0642397235010887E-16; -3,101219467473361E-07; -92541402,76592132; -92541402,76592146; -92541402,76592158; 
0,5672818734482122; 3,310172413736483E-07; 7,384315167467831E-08; 9,904726829158958E-17; -3,3101724156555533E-07; -88119318,12646343; -88119318,12646358; -88119318,12646368; 
0,5690770692502636; 3,1091686677720254E-07; 6,839566690855824E-08; 8,615119580554592E-17; -3,109168669438926E-07; -82170136,98791906; -82170136,9879192; -82170136,9879193; 
0,5708722650523149; 2,4237840283165676E-07; 6,252526774254774E-08; 7,030639400777629E-17; -2,423784029669689E-07; -75061950,21553199; -75061950,2155321; -75061950,21553217; 
0,5726674608543663; 1,725281985005902E-07; 5,5564392830589205E-08; 5,429717476042041E-17; -1,7252819860459412E-07; -66633358,29627914; -66633358,29627922; -66633358,29627928; 
0,5744626566564176; 1,403067501354419E-07; 4,784778168161118E-08; 4,075281136000962E-17; -1,4030675021320143E-07; -57289681,35955438; -57289681,35955445; -57289681,35955449; 
0,5762578524584689; 1,4909652696759546E-07; 3,92752340536625E-08; 3,1310820842643825E-17; -1,490965270269214E-07; -46909591,704415254; -46909591,70441531; -46909591,704415366; 
0,5780530482605203; 1,6008413052998517E-07; 2,9933427507817316E-08; 2,5801103441518846E-17; -1,600841305789507E-07; -35921502,42570378; -35921502,42570387; -35921502,42570391; 
0,5798482440625716; 1,2793359213296672E-07; 2,0282900486397342E-08; 2,266092938087207E-17; -1,2793359217668603E-07; -24236138,861774225; -24236138,861774273; -24236138,861774325; 
0,581643439864623; 4,9284873131785764E-08; 1,0289238258378178E-08; 1,9546119883131046E-17; -4,928487317007926E-08; -12297018,900064385; -12297018,900064409; -12297018,900064424; 
0,5834386356666743; -3,796408125636701E-08; 7,967190834703425E-11; 1,3842588345306439E-17; 3,7964081228802615E-08; -35822,28866389412; -35822,288663877756; -35822,288663868494; 
0,5852338314687257; -8,979638126620271E-08; -1,004184445774619E-08; 3,671163442312994E-18; 8,979638125801439E-08; 12098542,580306541; 12098542,580306577; 12098542,580306612; 
0,587029027270777; -9,338093123229661E-08; -2,0092316498708247E-08; -1,1258717990934118E-17; 9,338093125303456E-08; 24167099,46972105; 24167099,46972109; 24167099,469721124; 
0,5888242230728283; -8,230555121509372E-08; -2,9775433603325137E-08; -2,967903275606888E-17; 8,230555127201614E-08; 35730195,13121323; 35730195,13121327; 35730195,13121331; 
0,5906194188748797; -1,0146057981026414E-07; -3,896123050869582E-08; -4,920149765182517E-17; 1,014605799054506E-07; 46852839,1303885; 46852839,13038856; 46852839,13038858; 
0,592414614676931; -1,6462865759442402E-07; -4,770433321786191E-08; -6,684806436325538E-17; 1,6462865772401963E-07; 57115986,44653288; 57115986,44653297; 57115986,44653303; 
0,5942098104789824; -2,4577915101187033E-07; -5,553589899215873E-08; -7,999478891171971E-17; 2,4577915116716646E-07; 66598856,464342594; 66598856,4643427; 66598856,46434279; 
0,5960050062810337; -2,9687154972484457E-07; -6,240111408359557E-08; -8,728433088114276E-17; 2,968715498942917E-07; 74911618,46272428; 74911618,46272442; 74911618,46272452; 
0,597800202083085; -2,9254566286993073E-07; -6,865504757471245E-08; -8,891019532055606E-17; 2,925456630421504E-07; 82160749,31940617; 82160749,3194063; 82160749,3194064; 
0,5995953978851364; -2,6475193501793054E-07; -7,320817228428153E-08; -8,642707646305914E-17; 2,647519351847287E-07; 87997370,55183458; 87997370,55183472; 87997370,55183482; 
0,6013905936871877; -2,4763623884839124E-07; -7,751006738542914E-08; -8,233060654766048E-17; 2,476362390067052E-07; 92559411,72376667; 92559411,72376677; 92559411,72376686; 
0,6031857894892391; -2,8050367889905994E-07; -7,998393483806788E-08; -7,938380808227936E-17; 2,8050367905131295E-07; 95554900,00424016; 95554900,00424029; 95554900,00424038; 
0,6049809852912904; -3,3753586597347165E-07; -8,1296837912259E-08; -7,957229069742661E-17; 3,3753586612595473E-07; 97144631,80977492; 97144631,80977507; 97144631,80977522; 
0,6067761810933417; -3,7102794198413614E-07; -8,126697510416157E-08; -8,33323818264663E-17; 3,710279421440205E-07; 97108472,35766584; 97108472,35766602; 97108472,35766615; 
0,6085713768953931; -3,4898958451138405E-07; -8,004310808640754E-08; -8,938702048273495E-17; 3,4898958468339024E-07; 95626550,07252896; 95626550,0725291; 95626550,07252923; 
0,6103665726974444; -2,885591451801563E-07; -7,750807362206975E-08; -9,519467831093661E-17; 2,885591453640567E-07; 92556997,57066779; 92556997,57066794; 92556997,57066801; 
0,6121617684994958; -2,3645282376796007E-07; -7,382699134478071E-08; -9,792510721438432E-17; 2,3645282395777967E-07; 88099750,35262607; 88099750,3526262; 88099750,35262628; 
0,6139569643015471; -2,2856240056205165E-07; -6,894570681411727E-08; -9,54217151940495E-17; 2,2856240074720742E-07; 82189235,38560049; 82189235,38560061; 82189235,38560067; 
0,6157521601035985; -2,55413915299359E-07; -6,277470780959074E-08; -8,675706951848679E-17; 2,554139154675621E-07; 75040525,9489763; 75040525,9489764; 75040525,9489765; 
0,6175473559056498; -2,688059162974579E-07; -5,55843418252762E-08; -7,252606069986116E-17; 2,688059164380016E-07; 66657513,58387483; 66657513,583874956; 66657513,583875045; 
0,6193425517077011; -2,2878685259190854E-07; -4,782877254595152E-08; -5,494902492956578E-17; 2,287868526980217E-07; 57266664,10249411; 57266664,10249422; 57266664,1024943; 
0,6211377475097525; -1,4693499512171357E-07; -3,9296266677060105E-08; -3,691274158510825E-17; 1,4693499519218314E-07; 46935059,1064088; 46935059,106408864; 46935059,10640891; 
0,6229329433118038; -7,02866424714646E-08; -2,991037737608919E-08; -2,0940641033764927E-17; 7,028664251083411E-08; 35893592,11895664; 35893592,11895668; 35893592,1189567; 
0,6247281391138552; -3,4021906346325946E-08; -2,03048154744041E-08; -8,895722922377613E-18; 3,402190636267841E-08; 24262674,677050386; 24262674,677050408; 24262674,677050423; 
0,6265233349159065; -3,9296100412838E-08; -1,0265312053057786E-08; -1,3229682957386363E-18; 3,929610041466589E-08; 12268047,79752735; 12268047,79752737; 12268047,797527384; 
0,6283185307179578; -4,4155498375627825E-08; -1,2186958753959332E-10; 3,0237703937266994E-18; 4,415549836938349E-08; 66701,2384741271; 66701,23847414368; 66701,2384741602; 
0,6301137265200092; -8,424319194855685E-09; 1,0082697416788295E-08; 6,482274806001397E-18; 8,424319182807728E-09; -12127793,272528874; -12127793,272528874; -12127793,272528868; 
0,6319089223220605; 7,15533747307434E-08; 2,006624080228412E-08; 1,1422695819874187E-17; -7,155337475176303E-08; -24135525,650776014; -24135525,650776047; -24135525,65077607; 
0,6337041181241119; 1,560688150472984E-07; 2,980258750061713E-08; 1,9778042870423498E-17; -1,560688150845868E-07; -35763074,49223986; -35763074,49223993; -35763074,49223998; 
0,6354993139261632; 2,022882974445433E-07; 3,893559996103598E-08; 3,2502199876519636E-17; -2,0228829750648058E-07; -46821804,32088194; -46821804,320882015; -46821804,3208821; 
0,6372945097282146; 1,9783057130957834E-07; 4,773182430944068E-08; 4,88057541808548E-17; -1,9783057140301055E-07; -57149274,10006248; -57149274,10006258; -57149274,100062646; 
0,6390897055302659; 1,8146369225082195E-07; 5,550776522349402E-08; 6,635946862775501E-17; -1,8146369237889751E-07; -66564790,62373712; -66564790,62373719; -66564790,62373725; 
0,6408849013323172; 1,947508001849009E-07; 6,242761514999281E-08; 8,244099514457418E-17; -1,94750800344914E-07; -74943707,34191151; -74943707,3419116; -74943707,34191166; 
0,6426800971343686; 2,485916007273828E-07; 6,862674931429153E-08; 9,452579959490607E-17; -2,485916009107358E-07; -82126484,303567; -82126484,30356713; -82126484,30356722; 
0,6444752929364199; 3,188999283208549E-07; 7,323668407615644E-08; 1,0065848356914971E-16; -3,188999285159221E-07; -88031894,12274198; -88031894,12274213; -88031894,12274225; 
0,6462704887384713; 3,496508111928578E-07; 7,748326535807767E-08; 1,0058846852056139E-16; -3,4965081138790037E-07; -92526958,42529324; -92526958,4252934; -92526958,42529352; 
0,6480656845405226; 3,3445206039090845E-07; 8,001245626226448E-08; 9,595682102064704E-17; -3,344520605762719E-07; -95589435,23846707; -95589435,23846722; -95589435,23846735; 
0,6498608803425739; 2,941269167331658E-07; 8,126851930566087E-08; 8,903319108058325E-17; -2,9412691690407335E-07; -97110342,15771876; -97110342,15771888; -97110342,15771899; 
0,6516560761446253; 2,7049544370860403E-07; 8,12935403687897E-08; 8,221620808932985E-17; -2,704954438662829E-07; -97140638,97143343; -97140638,97143357; -97140638,97143365; 
0,6534512719466766; 2,8592802668414884E-07; 8,001491381486955E-08; 7,793457400060635E-17; -2,8592802683363093E-07; -95592410,9718757; -95592410,9718758; -95592410,9718759; 
0,655246467748728; 3,2081095742903055E-07; 7,753566745043346E-08; 7,727907989406753E-17; -3,2081095757684733E-07; -92590409,62327743; -92590409,62327756; -92590409,62327768; 
0,6570416635507793; 3,3416887525034835E-07; 7,380116044540031E-08; 7,929911760885343E-17; -3,341688754025843E-07; -88068472,94676287; -88068472,94676301; -88068472,94676313; 
0,6588368593528307; 2,9974646236004676E-07; 6,897306551636681E-08; 8,204269578890859E-17; -2,997464625187934E-07; -82222362,73519638; -82222362,73519653; -82222362,73519664; 
0,660632055154882; 2,3458059218127993E-07; 6,274832308519299E-08; 8,31633165524157E-17; -2,3458059234252075E-07; -75008577,94277546; -75008577,94277559; -75008577,94277565; 
0,6624272509569333; 1,7518179552853952E-07; 5,560898785061168E-08; 7,999446145159472E-17; -1,751817956836375E-07; -66687356,28218671; -66687356,28218679; -66687356,28218686; 
0,6642224467589847; 1,5056543462464316E-07; 4,7802709048883527E-08; 7,082990172821007E-17; -1,5056543476252067E-07; -57235105,05516843; -57235105,055168495; -57235105,05516855; 
0,666017642561036; 1,5624631324389158E-07; 3,932101150498439E-08; 5,609463078687263E-17; -1,5624631335310708E-07; -46965021,44007; -46965021,440070055; -46965021,44007012; 
0,6678128383630874; 1,5861853388631683E-07; 2,988731403060866E-08; 3,754972080459872E-17; -1,5861853395862408E-07; -35865665,812305994; -35865665,812306054; -35865665,81230611; 
0,6696080341651387; 1,1811715759042192E-07; 2,0329178417960662E-08; 1,7545400764756175E-17; -1,1811715762365559E-07; -24292174,605117947; -24292174,605118; -24292174,60511804; 
0,67140322996719; 4,145351271859926E-08; 1,0242579531769818E-08; -8,97544007576815E-19; -4,145351271623674E-08; -12240522,070135979; -12240522,070135996; -12240522,070136013; 
0,6731984257692414; -3,777407551472576E-08; 1,4300937671322351E-10; -1,520547383770391E-17; 3,777407554520998E-08; -92298,40240209857; -92298,40240208709; -92298,40240207077; 
0,6749936215712927; -8,031978036452718E-08; -1,0105012864117237E-08; -2,4640647650114535E-17; 8,031978041323465E-08; 12154813,984926404; 12154813,98492644; 12154813,984926466; 
0,6767888173733441; -8,497259269585695E-08; -2,0045831185658576E-08; -2,9924263425056087E-17; 8,497259275383067E-08; 24110812,618012045; 24110812,61801208; 24110812,618012108; 
0,6785840131753954; -8,154786515901159E-08; -2,982152263844274E-08; -3,2664231840616856E-17; 8,154786522176568E-08; 35786002,14884704; 35786002,14884708; 35786002,14884711; 
0,6803792089774467; -1,1016431209417597E-07; -3,89156178053559E-08; -3,548634844168967E-17; 1,1016431216223773E-07; 46797608,880219; 46797608,88021906; 46797608,880219094; 
0,6821744047794981; -1,7350496251228437E-07; -4,774966427105015E-08; -4,100249655169179E-17; 1,7350496259032358E-07; 57170875,65994731; 57170875,65994739; 57170875,659947455; 
0,6839696005815494; -2,476854505411984E-07; -5,549125453884687E-08; -5,030364002762846E-17; 2,476854506369803E-07; 66544798,62201916; 66544798,62201927; 66544798,62201936; 
0,6857647963836008; -2,889595421279156E-07; -6,244504076942901E-08; -6,309824516306238E-17; 2,88959542249087E-07; 74964807,19459175; 74964807,19459188; 74964807,19459198; 
0,6875599921856521; -2,8474956040644775E-07; -6,834470101559046E-08; -7,799116473503355E-17; 2,8474956055680325E-07; 82108424,81537484; 82108424,81537497; 82108424,81537507; 
0,6893551879877035; -2,594753972992089E-07; -7,325000975017779E-08; -9,227822393235123E-17; 2,5947539747752755E-07; 88048029,54677926; 88048029,54677938; 88048029,54677947; 
0,6911503837897548; -2,5224813114866465E-07; -7,746967295678391E-08; -1,0311834562333924E-16; 2,522481313485873E-07; 92510500,03390467; 92510500,0339048; 92510500,0339049; 
0,6929455795918061; -2,8965363633667867E-07; -8,002297676173384E-08; -1,0854914037805204E-16; 2,8965363654722226E-07; 95602174,01023582; 95602174,01023594; 95602174,01023605; 
0,6947407753938575; -3,436477225533108E-07; -8,125952451898759E-08; -1,0758230127921255E-16; 3,4364772276170373E-07; 97099450,79891275; 97099450,79891291; 97099450,79891305; 
0,6965359711959088; -3,6749778512529247E-07; -8,130271260354623E-08; -1,0088185376740231E-16; 3,674977853204836E-07; 97151745,19367246; 97151745,19367264; 97151745,19367278; 
0,6983311669979602; -3,400433066260684E-07; -8,000887821997853E-08; -9,087877785174779E-17; 3,400433068012482E-07; 95585102,75746728; 95585102,75746743; 95585102,75746755; 
0,7001263628000115; -2,8170724905866225E-07; -7,754044175863672E-08; -8,034667547340768E-17; 2,8170724921274855E-07; 92596190,60570435; 92596190,60570447; 92596190,60570458; 
0,7019215586020628; -2,388706030899481E-07; -7,379629205710734E-08; -7,148004066746322E-17; 2,3887060322696077E-07; 88062578,04723585; 88062578,04723595; 88062578,04723603; 
0,7037167544041142; -2,4003267512755334E-07; -6,844086183079597E-08; -6,590159148507272E-17; 2,40032675253941E-07; 82224861,36684877; 82224861,3668489; 82224861,36684898; 
0,7055119502061655; -2,5979207135351324E-07; -6,247941967170902E-08; -6,380837103354272E-17; 2,597920714757773E-07; 75006434,97006758; 75006434,97006771; 75006434,9700678; 
0,7073071460082169; -2,6042353659699265E-07; -5,561137252754237E-08; -6,356645399839062E-17; 2,6042353671937017E-07; 66690243,77391186; 66690243,773911975; 66690243,77391207; 
0,7091023418102682; -2,1761714864634177E-07; -4,780279462127249E-08; -6,27642859833927E-17; 2,1761714876807205E-07; 57235208,67069883; 57235208,67069893; 57235208,67069901; 
0,7108975376123196; -1,4275078632713582E-07; -3,9320773274473836E-08; -5,901295852275028E-17; 1,4275078644191064E-07; 46964732,97809051; 46964732,97809056; 46964732,978090614; 
0,7126927334143709; -7,755780018262839E-08; -2,988722964733925E-08; -5,034108235805567E-17; 7,755780028065063E-08; 35865563,636623815; 35865563,63662386; 35865563,63662389; 
0,7144879292164222; -4,5341395880244824E-08; -2,0326825460217152E-08; -3,61247765714206E-17; 4,534139595091378E-08; 24289325,520645943; 24289325,52064596; 24289325,520645984; 
0,7162831250184736; -4,464650893913226E-08; -1,0244852064677182E-08; -1,763147454266024E-17; 4,464650897365812E-08; 12243273,772004118; 12243273,77200414; 12243273,77200416; 
0,7180783208205249; -3,812041207146096E-08; -1,326007901626442E-10; 2,768114764248315E-18; 3,812041206574754E-08; 89803,24578677361; 89803,24578678796; 89803,24578680222; 
0,7198735166225763; 3,0046459649941424E-09; 1,0092252592727014E-08; 2,232660138527794E-17; -3,00464600882376E-09; -12149471,285137726; -12149471,285137728; -12149471,285137728; 
0,7216687124246276; 7,798499251838074E-08; 2,004990398869817E-08; 3,830234943799993E-17; -7,798499259315727E-08; -24115744,181245454; -24115744,18124549; -24115744,181245517; 
0,7234639082266789; 1,5117713345394373E-07; 2,981757434909884E-08; 4,904757795139284E-17; -1,5117713354965973E-07; -35781221,35331779; -35781221,35331785; -35781221,35331791; 
0,7252591040287303; 1,9106068435384305E-07; 3,892180260124483E-08; 5,472449161197436E-17; -1,9106068446011625E-07; -46805097,75501001; -46805097,755010106; -46805097,75501015; 
0,7270542998307816; 1,904146971247087E-07; 4,774404386716911E-08; 5,678273710944681E-17; -1,9041469723414406E-07; -57164070,180559464; -57164070,18055955; -57164070,18055962; 
0,728849495632833; 1,8505078611305912E-07; 5,5496868721849724E-08; 5,751336837372203E-17; -1,8505078622357265E-07; -66551596,56884185; -66551596,56884195; -66551596,568842016; 
0,7306446914348843; 2,0567186950259813E-07; 6,243731434718105E-08; 5,962250708896E-17; -2,0567186961689763E-07; -74955451,63786253; -74955451,63786265; -74955451,63786271; 
0,7324398872369356; 2,583003213045624E-07; 6,835165514197035E-08; 6,497023657335537E-17; -2,5830032142861644E-07; -82116845,23581797; -82116845,23581807; -82116845,23581818; 
0,734235083038987; 3,1295510417954514E-07; 7,35099048532302E-08; 7,372838085169921E-17; -3,1295510432073564E-07; -88039264,7854063; -88039264,78540644; -88039264,78540653; 
0,7360302788410383; 3,3903406094284195E-07; 7,747930262041244E-08; 8,486800210182098E-17; -3,39034061106438E-07; -92522160,13497977; -92522160,1349799; -92522160,13498004; 
0,7378254746430897; 3,275495952680602E-07; 8,001379871840787E-08; 9,645090489271655E-17; -3,275495954543324E-07; -95591060,75467667; -95591060,75467682; -95591060,75467694; 
0,739620670445141; 2,9738226705987787E-07; 8,126951010553204E-08; 1,0554559091200004E-16; -2,9738226726406755E-07; -97111541,87009588; -97111541,87009604; -97111541,87009615; 
0,7414158662471924; 2,808480932874319E-07; 8,129038207181174E-08; 1,0954595215959224E-16; -2,8084809350010265E-07; -97136814,74003671; -97136814,74003685; -97136814,74003695; 
0,7432110620492437; 2,9362033208647957E-07; 8,002053539943173E-08; 1,0741490742698718E-16; -2,9362033229487217E-07; -95599217,88089406; -95599217,8808942; -95599217,8808943; 
0,745006257851295; 3,1883122872800667E-07; 7,752791010892265E-08; 9,940120274567907E-17; -3,1883122892006737E-07; -92581016,62788534; -92581016,62788548; -92581016,6278856; 
0,7468014536533464; 3,242188843860017E-07; 7,381091876013538E-08; 8,701123926985991E-17; -3,2421888455381174E-07; -88080288,82533583; -88080288,82533598; -88080288,82533607; 
0,7485966494553977; 2,928000654133067E-07; 6,869407618722028E-08; 7,30461583682197E-17; -2,9280006555386807E-07; -82208007,2075544; -82208007,20755453; -82208007,20755464; 
0,7503918452574491; 2,3443700049920418E-07; 6,249469846129933E-08; 6,032958149016063E-17; -2,3443700061453733E-07; -75024935,32873015; -75024935,32873024; -75024935,32873033; 
0,7521870410595004; 1,7991888267283078E-07; 5,5593756662803086E-08; 5,059250762755392E-17; -1,799188827693573E-07; -66668913,56225454; -66668913,562254615; -66668913,56225468; 
0,7539822368615517; 1,5679558699564054E-07; 4,78199214115862E-08; 4,449313411318021E-17; -1,5679558708094578E-07; -57255946,68542639; -57255946,68542646; -57255946,68542651; 
0,7557774326636031; 1,5858610962176428E-07; 3,9302114646225384E-08; 4,1319017419880356E-17; -1,5858610970113553E-07; -46942140,13376153; -46942140,13376161; -46942140,13376166; 
0,7575726284656544; 1,5443972563787776E-07; 2,9907890332152784E-08; 3,8811212597772714E-17; -1,544397257128314E-07; -35890580,6758995; -35890580,67589957; -35890580,67589963; 
0,7593678242677058; 1,1185660554505472E-07; 2,030686761136508E-08; 3,4414053534121864E-17; -1,1185660561237168E-07; -24265159,51196343; -24265159,51196348; -24265159,511963516; 
0,7611630200697571; 3,8399347016129195E-08; 1,0266319963670454E-08; 2,6308160607520483E-17; -3,83993470679752E-08; -12269268,228486486; -12269268,228486506; -12269268,228486517; 
0,7629582158718085; -3,4070961416491254E-08; 9,279883577506183E-11; 1,3467454702914455E-17; 3,407096138978133E-08; -61825,16504651235; -61825,16504649499; -61825,16504648718; 
0,7647534116738598; -7,445658052343354E-08; -1,0053387775873675E-08; -3,773172063080198E-18; 7,445658053009221E-08; 12122627,939606499; 12122627,93960653; 12122627,939606559; 
0,7665486074759111; -8,12730252635E-08; -2,0073487044031807E-08; -2,3355765024524524E-17; 8,127302530834882E-08; 24144299,779806044; 24144299,779806085; 24144299,77980611; 
0,7683438032779625; -8,4267155221832E-08; -2,979277527046616E-08; -4,249327236751025E-17; 8,426715530450018E-08; 35751193,33005748; 35751193,33005752; 35751193,33005756; 
0,7701389990800138; -1,160225227292305E-07; -3,894545531642454E-08; -5,87047281756486E-17; 1,1602252284348866E-07; 46833737,70136067; 46833737,70136075; 46833737,70136077; 
0,7719341948820652; -1,7777025148927044E-07; -4,771903235138772E-08; -7,007742617492097E-17; 1,7777025162524552E-07; 57133784,927273124; 57133784,92727321; 57133784,927273266; 
0,7737293906841165; -2,4563262740584605E-07; -5,552273217263996E-08; -7,588977618514733E-17; 2,4563262755301607E-07; 66582913,38965704; 66582913,389657155; 66582913,389657244; 
0,7755245864861678; -2,8331510310299846E-07; -6,241274261220322E-08; -7,723017925100008E-17; 2,833151032523166E-07; 74925698,89420667; 74925698,89420679; 74925698,8942069; 
0,7773197822882192; -2,799874348243591E-07; -6,837753100965023E-08; -7,617165710742644E-17; 2,7998743497072656E-07; 82148177,09165348; 82148177,09165362; 82148177,09165372; 
0,7791149780902705; -2,5941906927305683E-07; -7,348353949476272E-08; -7,498382574780029E-17; 2,5941906941680695E-07; 88007340,22848815; 88007340,22848825; 88007340,22848836; 
0,7809101738923219; -2,598750051777135E-07; -7,750425834909297E-08; -7,594538660715108E-17; 2,598750053233226E-07; 92552377,83832254; 92552377,83832267; 92552377,83832274; 
0,7827053696943732; -2,972508740675907E-07; -7,998760226718738E-08; -8,022252662360658E-17; 2,97250874221238E-07; 95559340,71949966; 95559340,71949981; 95559340,71949992; 
0,7845005654964246; -3,432607865737686E-07; -8,129584083251196E-08; -8,712462484553046E-17; 3,432607867410532E-07; 97143424,49339513; 97143424,4933953; 97143424,49339543; 
0,7862957612984759; -3,604303353209549E-07; -8,12655496311106E-08; -9,482827803822078E-17; 3,604303355040923E-07; 97106746,32023661; 97106746,32023674; 97106746,3202369; 
0,7880909571005272; -3,3198990052878716E-07; -8,004653798631213E-08; -1,0107583299771997E-16; 3,3198990072452213E-07; 95630703,17497441; 95630703,17497458; 95630703,1749747; 
0,7898861529025786; -2,8110937594067844E-07; -7,750211603468712E-08; -1,0340384866612314E-16; 2,811093761409322E-07; 92549783,81183624; 92549783,81183639; 92549783,8118365; 
0,7916813487046299; -2,4529467371453524E-07; -7,383515634240646E-08; -1,0001982796475033E-16; 2,4529467390853607E-07; 88109636,95939311; 88109636,95939325; 88109636,95939332; 
0,7934765445066813; -2,4842391387854104E-07; -6,840178455095527E-08; -9,086636104357275E-17; 2,484239140547589E-07; 82177544,549745; 82177544,54974507; 82177544,54974517; 
0,7952717403087326; -2,6135398892329546E-07; -6,251889348967442E-08; -7,718468059499691E-17; 2,6135398907226076E-07; 75054231,93630143; 75054231,93630154; 75054231,93630165; 
0,7970669361107839; -2,5471709313547724E-07; -5,557165915141837E-08; -6,095537774475726E-17; 2,547170932527624E-07; 66642156,73811269; 66642156,73811279; 66642156,73811289; 
0,7988621319128353; -2,0900885602046058E-07; -4,784245070269805E-08; -4,506477464627784E-17; 2,0900885610686784E-07; 57283226,33107632; 57283226,33107642; 57283226,331076495; 
0,8006573277148866; -1,4025856417647309E-07; -3,9280978897504576E-08; -3,200890441097147E-17; 1,4025856423696318E-07; 46916547,86222546; 46916547,862225525; 46916547,86222557; 
0,802452523516938; -8,248289744384731E-08; -2,992697866205321E-08; -2,2576504432422765E-17; 8,248289748627509E-08; 35913693,825494274; 35913693,82549432; 35913693,825494334; 
0,8042477193189893; -5,4045214269226736E-08; -2,028738609106449E-08; -1,6487529560625823E-17; 5,404521430083438E-08; 24241570,26683879; 24241570,266838804; 24241570,266838834; 
0,8060429151210406; -4,8022952367065106E-08; -1,0284186860945378E-08; -1,2536547945374531E-17; 4,8022952391289375E-08; 12290902,403485773; 12290902,403485803; 12290902,403485812; 
0,807838110923092; -3,4073638209645646E-08; -8,523527915341835E-11; -8,227259192520634E-18; 3,4073638225773524E-08; 42558,7094178433; 42558,70941785137; 42558,709417873666; 
0,8096333067251433; 1,1798675531471191E-08; 1,0045446155454843E-08; -1,1323684213406756E-18; -1,1798675528185682E-08; -12102903,704531094; -12102903,704531098; -12102903,704531116; 
0,8114285025271947; 8,21925890766912E-08; 2,008800458871239E-08; 9,817970110261653E-18; -8,219258909443993E-08; -24161878,383261755; -24161878,383261796; -24161878,383261815; 
0,813223698329246; 1,4789400105696367E-07; 2,978006392140349E-08; 2,4668960103777664E-17; -1,4789400110412702E-07; -35735801,762855425; -35735801,76285549; -35735801,76285556; 
0,8150188941312974; 1,8245196524281277E-07; 3,8958531543608214E-08; 4,2403915354658594E-17; -1,82451965324457E-07; -46849571,0821021; -46849571,08210219; -46849571,08210225; 
0,8168140899333487; 1,8543868326612884E-07; 4,7707877226991353E-08; 6,050711430194921E-17; -1,8543868338287555E-07; -57120277,71840431; -57120277,71840438; -57120277,71840446; 
0,8186092857354; 1,8742507078398417E-07; 5,5532229299828E-08; 7,603704866217719E-17; -1,874250709315623E-07; -66594413,008668385; -66594413,00866848; -66594413,00866854; 
0,8204044815374514; 2,1402519419029426E-07; 6,240291037507274E-08; 8,708846123293268E-17; -2,1402519435949984E-07; -74913793,50652559; -74913793,5065257; -74913793,50652577; 
0,8221996773395027; 2,625438178044407E-07; 6,865228294030593E-08; 9,26947763724013E-17; -2,625438179838411E-07; -82157401,75526904; -82157401,75526914; -82157401,75526923; 
0,8239948731415541; 3,1519624095961695E-07; 7,321087302282023E-08; 9,285782297691739E-17; -3,1519624113925697E-07; -88000640,7475085; -88000640,74750862; -88000640,74750873; 
0,8257900689436054; 3,31191504474625E-07; 7,750915596154838E-08; 8,94243166089889E-17; -3,3119150464752793E-07; -92558308,12399603; -92558308,12399618; -92558308,12399629; 
0,8275852647456567; 3,191500957306681E-07; 7,99859245924369E-08; 8,512440224231828E-17; -3,191500958941833E-07; -95557309,30304353; -95557309,30304368; -95557309,3030438; 
0,8293804605477081; 2,9555962360167396E-07; 8,129509627751046E-08; 8,192880232434193E-17; -2,955596237584966E-07; -97142522,94720325; -97142522,9472034; -97142522,94720352; 
0,8311756563497594; 2,8790161017440434E-07; 8,126703580263548E-08; 8,117587337267957E-17; -2,879016103303152E-07; -97108545,85455716; -97108545,85455728; -97108545,85455738; 
0,8329708521518108; 3,023540203363895E-07; 8,004187396566524E-08; 8,345240552655259E-17; -3,023540204969011E-07; -95625055,73449709; -95625055,73449722; -95625055,73449732; 
0,8347660479538621; 3,2163187574516646E-07; 7,750888284766999E-08; 8,754936451248843E-17; -3,2163187591362025E-07; -92557977,42340773; -92557977,42340788; -92557977,42340799; 
0,8365612437559135; 3,1803580839180265E-07; 7,382773253439747E-08; 9,093360234877203E-17; -3,1803580856766247E-07; -88100647,82383388; -88100647,82383403; -88100647,82383415; 
0,8383564395579648; 2,852796051291973E-07; 6,841229747000009E-08; 9,132971867140352E-17; -2,8527960530651514E-07; -82190274,1427386; -82190274,14273874; -82190274,14273885; 
0,8401516353600161; 2,270201522707029E-07; 6,277358445516077E-08; 8,704787365162381E-17; -2,270201524394625E-07; -75039165,7325968; -75039165,73259692; -75039165,73259698; 
0,8419468311620675; 1,8359464197471736E-07; 5,585205288701411E-08; 7,710587303008745E-17; -1,8359464212419112E-07; -66658212,79463916; -66658212,79463924; -66658212,7946393; 
0,8437420269641188; 1,7021869649915118E-07; 4,782614754791893E-08; 6,222978027632956E-17; -1,702186966199876E-07; -57263485,61739198; -57263485,61739206; -57263485,617392115; 
0,8455372227661702; 1,6793043779323658E-07; 3,929873986739616E-08; 4,4649555828170364E-17; -1,6793043787926326E-07; -46938053,77480105; -46938053,774801135; -46938053,77480119; 
0,8473324185682215; 1,509387236250042E-07; 2,9908783355659E-08; 2,674681365917674E-17; -1,509387236756735E-07; -35891661,99553292; -35891661,995533; -35891661,99553304; 
0,8491276143702728; 9,886034616412606E-08; 2,03082831213405E-08; 1,0812192402894252E-17; -9,886034618431241E-08; -24266873,485579006; -24266873,48557905; -24266873,485579085; 
0,8509228101723242; 2,80969254273734E-08; 1,0262209156880044E-08; -1,190642326142756E-18; -2,8096925424384662E-08; -12264290,648321135; -12264290,64832115; -12264290,648321161; 
0,8527180059743755; -3,233274411416877E-08; 1,2421530299840653E-10; -9,016183677557713E-18; 3,233274413257481E-08; -69541,5536085131; -69541,55360850126; -69541,55360848935; 
0,8545132017764269; -6,171312201299606E-08; -1,0086894538609263E-08; -1,4137056313408054E-17; 6,171312204046502E-08; 12132875,367453974; 12132875,367454002; 12132875,367454024; 
0,8563083975784782; -7,014946311391102E-08; -2,0062612842376405E-08; -1,8345984108495596E-17; 7,014946314857183E-08; 24131132,72690533; 24131132,726905365; 24131132,726905387; 
0,8581035933805296; -8,471218625125614E-08; -2,98055890185236E-08; -2,3639399518003458E-17; 8,47121862962849E-08; 35766708,88732553; 35766708,88732558; 35766708,88732561; 
0,8598987891825809; -1,278795939338769E-07; -3,893079335942063E-08; -3,2101711387362926E-17; 1,2787959399508222E-07; 46815984,235900275; 46815984,23590034; 46815984,23590039; 
0,8616939849846322; -1,8957233068275155E-07; -4,7735868810428044E-08; -4,433546532001905E-17; 1,895723307670327E-07; 57154171,393688746; 57154171,39368883; 57154171,39368891; 
0,8634891807866836; -2,4680515282570875E-07; -5,550420927119255E-08; -5,917414107575599E-17; 2,468051529393176E-07; 66560484,890447475; 66560484,89044759; 66560484,89044767; 
0,8652843765887349; -2,723613005721238E-07; -6,243290705279954E-08; -7,485123293490868E-17; 2,723613007170214E-07; 74950115,05499335; 74950115,05499348; 74950115,05499357; 
0,8670795723907863; -2,6625062345689744E-07; -6,862239827114944E-08; -8,908221259541771E-17; 2,662506236292173E-07; 82121215,83264464; 82121215,83264479; 82121215,83264486; 
0,8688747681928376; -2,603623479469118E-07; -7,32406899187948E-08; -9,913287424715845E-17; 2,603623481386461E-07; 88036744,60681449; 88036744,60681464; 88036744,60681471; 
0,8706699639948889; -2,6993463959735E-07; -7,747761396428532E-08; -1,0332322419899821E-16; 2,6993463979787214E-07; 92520115,42169768; 92520115,42169781; 92520115,42169791; 
0,8724651597969403; -3,0777636715522845E-07; -8,001700465594072E-08; -1,0204343144836179E-16; 3,0777636735294113E-07; 95594942,67175247; 95594942,67175259; 95594942,6717527; 
0,8742603555989916; -3,451759248354061E-07; -8,126416909352372E-08; -9,666523193892241E-17; 3,4517592502156584E-07; 97105074,69302069; 97105074,69302085; 97105074,69302097; 
0,876055551401043; -3,512096940309986E-07; -8,129942623700067E-08; -8,901037661210843E-17; 3,512096942022995E-07; 97147765,88893567; 97147765,88893582; 97147765,88893597; 
0,8778507472030943; -3,21120624391126E-07; -8,001027433013791E-08; -8,18156955085378E-17; 3,211206245485647E-07; 95586793,24076954; 95586793,24076968; 95586793,24076979; 
0,8796459430051456; -2,778235626205929E-07; -7,754025759899888E-08; -7,713334349143518E-17; 2,778235627682741E-07; 92595967,61556952; 92595967,61556962; 92595967,61556974; 
0,881441138807197; -2,535604916515577E-07; -7,379516206500815E-08; -7,514163299031647E-17; 2,5356049179549823E-07; 88061209,7936188; 88061209,79361892; 88061209,793619; 
0,8832363346092483; -2,566438441565468E-07; -6,897769469991762E-08; -7,505333849096164E-17; 2,566438443012503E-07; 82227967,99309322; 82227967,99309337; 82227967,99309343; 
0,8850315304112997; -2,690509896109982E-07; -6,274359444650076E-08; -7,543210935313577E-17; 2,6905098975679596E-07; 75002852,25938444; 75002852,25938457; 75002852,25938465; 
0,886826726213351; -2,531760602996801E-07; -5,5881942104103153E-08; -7,402247137340991E-17; 2,531760604427871E-07; 66694404,22413846; 66694404,22413856; 66694404,224138655; 
0,8886219220154024; -2,0314050542452157E-07; -4,7798787250875117E-08; -6,85873255452775E-17; 2,0314050555772202E-07; 57230356,33673566; 57230356,33673573; 57230356,336735815; 
0,8904171178174537; -1,330389013604356E-07; -3,932466576849913E-08; -5,819739307696115E-17; 1,3303890147391746E-07; 46969446,2137257; 46969446,213725775; 46969446,21372581; 
0,892212313619505; -8,172849705122565E-08; -2,988313166628506E-08; -4,3283364682938235E-17; 8,172849713520678E-08; 35860601,58653162; 35860601,586531654; 35860601,586531684; 
0,8940075094215564; -5,933622055991495E-08; -2,033125794687519E-08; -2,5120285872610964E-17; 5,933622060824143E-08; 24294692,607642993; 24294692,607643027; 24294692,607643045; 
0,8958027052236077; -5,548945625884796E-08; -1,0240578188495117E-08; -6,047418868785927E-18; 5,548945627032911E-08; 12238098,738878604; 12238098,738878626; 12238098,738878647; 
