Tempo (s);u0;v0;u1;v1;u2;v2;u3;v3;u4;v4;u5;v5;u6;v6;u7;v7;u8;v8;u9;v9;u10;v10;u11;v11;u12;v12;u13;v13;u14;v14;u15;v15;u16;v16;u17;v17;u18;v18;u19;v19;u20;v20;u21;v21;u22;v22;u23;v23;u24;v24;
0;0;0;0;0;0;0;0;0;0;0;0;0;0;0;0;0;0;0;0;0;0;0;0;0;0;0;0;0;0;0;0;0;0;0;0;0;0;0;0;0;0;0;0;0;0;0;0;0;0;0; 
0,020943951;0;0;2,44E-05;0,002441665;9,77E-05;0,004886563;0,000219894;0,007334462;0,000391083;0,009784766;0,000611293;0,012236324;0,000880532;0,014687249;0,00119876;0,017134732;0,001565872;0,019574859;0,001981671;0,022002424;0,002445841;0,02441075;0,002957918;0,0267915;0,00351725;0,029134502;0,004122965;0,031427564;0,004773924;0,033656302;0,005468678;0,035803968;0,006205415;0,037851277;0,006981914;0,039776252;0,007795484;0,041554064;0,00864291;0,043156894;0,009520388;0,044553794;0,010423462;0,045710567;0,01134696;0,046589668;0,012284925;0,047150108;0,013230544;0,047347399; 
0,041887902;0;0;0,000103818;0,010297287;0,000408512;0,020087672;0,000903945;0,029371107;0,001579976;0,038147516;0,002426465;0,04641682;0,003433268;0,054179027;0,004590247;0,061434338;0,005887266;0,068183305;0,00731421;0,074427021;0,008860991;0,080167346;0,010517567;0,085407168;0,012273969;0,090150696;0,014120325;0,094403781;0,016046902;0,098174264;0,018044145;0,101472346;0,020102732;0,104310976;0,022213628;0,106706245;0,024368156;0,10867779;0,026558071;0,11024919;0,028775641;0,111448356;0,03101374;0,112307887;0,033265942;0,112865403;0,035526627;0,113163823;0,037791089;0,113251591; 
0,062831853;0;0;9,80E-05;0,009686928;0,000382869;0,018682712;0,000840729;0,026988468;0,001457826;0,034606991;0,002220461;0,041543457;0,003115071;0,047806017;0,004128286;0,053406285;0,005247009;0,058359729;0,006458493;0,062685965;0,007750425;0,06640894;0,009111017;0,069557034;0,010529091;0,072163048;0,011994172;0,074264122;0,013496564;0,075901551;0,015027443;0,077120529;0,01657892;0,077969821;0,018144117;0,078501376;0,019717221;0,078769881;0,021293538;0,078832289;0,02286953;0,078747327;0,024442848;0,078574999;0,026012353;0,078376119;0,027578124;0,078211889;0,029141468;0,07814356; 
0,083775804;0;0;-9,28E-05;-0,009210101;-0,000365423;-0,017973099;-0,000808793;-0,02628947;-0,001414032;-0,034160379;-0,002172252;-0,041587939;-0,003074615;-0,048575395;-0,004112363;-0,055127237;-0,005276839;-0,061249257;-0,006559515;-0,066948518;-0,007952016;-0,072233269;-0,009446144;-0,077112778;-0,011033893;-0,081597094;-0,012707463;-0,085696737;-0,014459268;-0,089422315;-0,01628193;-0,092784079;-0,018168269;-0,095791399;-0,020111277;-0,0984522;-0,022104086;-0,100772338;-0,024139921;-0,102754945;-0,026212033;-0,104399762;-0,028313632;-0,105702472;-0,030437792;-0,106654066;-0,03257736;-0,107240278;-0,034724836;-0,107441123; 
0,104719755;0;0;-0,000269748;-0,026753907;-0,001061322;-0,052182707;-0,002348224;-0,076286691;-0,004103963;-0,099066628;-0,006302072;-0,120524018;-0,008916123;-0,14066136;-0,011919751;-0,159482432;-0,01528668;-0,176992595;-0,018990763;-0,193199114;-0,023006017;-0,208111509;-0,027306676;-0,221741945;-0,031867249;-0,234105656;-0,036662582;-0,245221421;-0,041667937;-0,255112087;-0,04685908;-0,26380516;-0,052212377;-0,271333436;-0,05770491;-0,277735711;-0,063314601;-0,283057519;-0,069020359;-0,287351935;-0,074802236;-0,290680383;-0,080641603;-0,293113457;-0,08652134;-0,294731706;-0,092426045;-0,295626345;-0,09834225;-0,295899851; 
0,125663706;0;0;-0,000246963;-0,024476288;-0,000970251;-0,047632512;-0,002143468;-0,069469472;-0,003740248;-0,089989229;-0,005734282;-0,109195704;-0,008099363;-0,12709525;-0,01080944;-0,143697199;-0,013838685;-0,159014367;-0,017161561;-0,173063521;-0,020752912;-0,185865794;-0,024588051;-0,197447023;-0,028642857;-0,207838024;-0,032893876;-0,217074763;-0,037318426;-0,225198423;-0,0418947;-0,232255366;-0,04660187;-0,238296954;-0,051420182;-0,243379258;-0,056331047;-0,247562619;-0,06131712;-0,25091111;-0,066362372;-0,253491884;-0,071452141;-0,255374447;-0,076573169;-0,256629911;-0,081713636;-0,257330252;-0,08686316;-0,25754768; 
0,146607657;0;0;-1,05E-05;-0,001046664;-4,19E-05;-0,002099129;-9,45E-05;-0,003157482;-0,000168245;-0,004221881;-0,000263378;-0,005292496;-0,000379987;-0,006369395;-0,000518195;-0,007452368;-0,000678117;-0,008540702;-0,000859849;-0,009632938;-0,001063445;-0,010726596;-0,001288897;-0,011817913;-0,001536111;-0,012901608;-0,001804865;-0,013970692;-0,002094783;-0,015016353;-0,002405292;-0,016027943;-0,002735591;-0,016993075;-0,003084613;-0,01789786;-0,003451003;-0,018727283;-0,003833098;-0,019465724;-0,004228921;-0,020097606;-0,004636193;-0,020608153;-0,00505235;-0,020984204;-0,005474592;-0,021215029;-0,005899932;-0,021293052; 
0,167551608;0;0;0,000192335;0,019051802;0,000754807;0,037013836;0,001665631;0,053887386;0,002903066;0,069675619;0,004445458;0,084384286;0,006271299;0,09802225;0,008359292;0,110601863;0,010688424;0,122139192;0,013238042;0,132654118;0,01598793;0,142170335;0,01891838;0,150715272;0,022010272;0,158319961;0,025245139;0,165018906;0,028605241;0,170849974;0,032073626;0,175854339;0,035634199;0,180076534;0,039271793;0,183564622;0,042972235;0,186370514;0,046722439;0,188550443;0,050510487;0,1901656;0,054325742;0,191282893;0,058158972;0,191975807;0,062002483;0,192325276;0,065850286;0,192420486; 
0,188495559;0;0;0,0001829;0,018147528;0,000720201;0,035440084;0,0015948;0,051877151;0,002789577;0,067457565;0,004287379;0,082179441;0,006071014;0,096040277;0,008123231;0,109037224;0,010426725;0,1211675;0,012964139;0,132428933;0,015718084;0,142820607;0,018671171;0,152343581;0,02180606;0,161001632;0,025105517;0,16880199;0,028552496;0,175756029;0,032130223;0,181879843;0,035822296;0,187194693;0,039612794;0,191727265;0,043486384;0,19550972;0,047428431;0,198579514;0,051425095;0,200978987;0,055463431;0,202754743;0,05953146;0,203956867;0,063618233;0,20463806;0,067713873;0,20485281; 
0,20943951;0;0;5,89E-05;0,005855779;0,000232736;0,011487375;0,000516937;0,016895603;0,000907084;0,022082375;0,001398777;0,027050937;0,001987697;0,0318059;0,002669628;0,036353064;0,003440479;0,040699064;0,004296296;0,044850848;0,005233262;0,048815018;0,006247683;0,052597072;0,007335955;0,056200584;0,008494522;0,059626375;0,009719808;0,062871713;0,011008142;0,065929611;0,012355665;0,068788254;0,013758232;0,071430628;0,015211301;0,073834369;0,016709832;0,075971864;0,018248185;0,077810626;0,019820022;0,079313904;0,021418237;0,080441496;0,023034892;0,081150676;0,024661179;0,081397093; 
0,230383461;0;0;-6,45E-06;-0,000598544;-2,21E-05;-0,000916156;-4,12E-05;-0,000954504;-5,84E-05;-0,00071766;-6,82E-05;-0,000212936;-6,52E-05;0,000548545;-4,46E-05;0,001551532;-1,68E-06;0,00277656;6,78E-05;0,004200076;0,000167469;0,005794763;0,00030051;0,007530008;0,000469385;0,009372492;0,000675889;0,011286835;0,000921092;0,013236262;0,001205323;0,015183213;0,001528152;0,017089856;0,001888396;0,01891843;0,002284119;0,020631382;0,002712631;0,022191258;0,003170497;0,023560319;0,003653515;0,024699911;0,004156695;0,025569609;0,004674213;0,026126244;0,005199346;0,026322936; 
0,251327412;0;0;6,90E-05;0,006829273;0,000270366;0,01323784;0,000595711;0,019226921;0,001036665;0,024799471;0,001584947;0,029960739;0,002232405;0,034718603;0,002971072;0,039083698;0,003793223;0,043069341;0,004691421;0,046691272;0,005658567;0,049967231;0,006687931;0,0529164;0,007773177;0,05555874;0,008908369;0,057914283;0,010087966;0,060002407;0,011306803;0,061841168;0,012560059;0,063446742;0,013843212;0,064833025;0,015151995;0,06601147;0,016482346;0,066991169;0,017830364;0,067779232;0,019192276;0,068381447;0,020564419;0,068803169;0,021943239;0,069050371;0,02332532;0,069130681; 
0,272271363;0;0;8,71E-05;0,008623489;0,000341532;0,016735796;0,000753109;0,024336671;0,001311586;0,031425596;0,002006715;0,038001834;0,002828236;0,044064611;0,003765873;0,04961343;0,004809348;0,054648507;0,005948398;0,059171323;0,007172808;0,063185285;0,008472456;0,066696466;0,009837377;0,069714412;0,011257836;0,072252967;0,012724425;0,074331086;0,014228174;0,075973582;0,015760671;0,077211747;0,017314201;0,078083802;0,018881883;0,078635109;0,020457815;0,078918108;0,022037212;0,078991951;0,023616533;0,078921835;0,025193594;0,078778065;0,026767659;0,078634962;0,028339511;0,078569745; 
0,293215314;0;0;-4,71E-05;-0,004698494;-0,00018736;-0,009310026;-0,000418947;-0,013833901;-0,000740121;-0,018268406;-0,001149067;-0,022610428;-0,00164389;-0,026855184;-0,002222582;-0,030996034;-0,002882982;-0,035024414;-0,003622739;-0,038929858;-0,004439275;-0,042700133;-0,005329752;-0,046321467;-0,006291041;-0,049778848;-0,007319707;-0,053056394;-0,008411989;-0,05613774;-0,009563799;-0,059006402;-0,010770718;-0,061646085;-0,012028009;-0,06404085;-0,013330616;-0,066175109;-0,014673174;-0,068033382;-0,016050005;-0,069599779;-0,017455106;-0,070857215;-0,018882106;-0,071786369;-0,020324221;-0,072364487;-0,021774164;-0,072564186; 
0,314159265;0;0;-0,000242741;-0,024070904;-0,000954709;-0,046922774;-0,002111529;-0,068556186;-0,003688843;-0,088972621;-0,005662339;-0,108174895;-0,008007774;-0,126167558;-0,010701021;-0,142957273;-0,013718106;-0,158553134;-0,017035265;-0,172966947;-0,020629001;-0,18621343;-0,024476138;-0,198310352;-0,02855389;-0,209278595;-0,032839916;-0,219142149;-0,037312391;-0,227928078;-0,041950055;-0,235666462;-0,046732285;-0,242390382;-0,051639148;-0,24813599;-0,056651465;-0,252942725;-0,061750884;-0,256853732;-0,066919958;-0,259916518;-0,072142241;-0,26218388;-0,077402404;-0,26371505;-0,082686379;-0,264577011;-0,087981527;-0,264845782; 
0,335103216;0;0;-0,000265906;-0,026352119;-0,001044548;-0,051273717;-0,002307325;-0,074765936;-0,004025674;-0,096831622;-0,006171114;-0,11747599;-0,008715292;-0,13670718;-0,011630055;-0,154536695;-0,014887516;-0,17097977;-0,018460131;-0,186055674;-0,022320785;-0,199787965;-0,026442878;-0,212204745;-0,030800422;-0,223338901;-0,035368135;-0,23322836;-0,040121546;-0,241916336;-0,045037102;-0,249451559;-0,050092285;-0,255888449;-0,055265718;-0,261287181;-0,060537288;-0,265713594;-0,065888253;-0,269238875;-0,071301341;-0,271938985;-0,076760843;-0,273893792;-0,082252675;-0,27518594;-0,087764424;-0,275899534;-0,093285361;-0,276118811; 
0,356047167;0;0;-5,08E-05;-0,005048551;-0,000200758;-0,00991942;-0,00044637;-0,014611951;-0,000784037;-0,019124605;-0,001210137;-0,023454743;-0,001720985;-0,027598577;-0,002312806;-0,031551235;-0,002981721;-0,035306947;-0,003723728;-0,038859287;-0,004534692;-0,042201465;-0,00541034;-0,045326615;-0,006346265;-0,048228061;-0,007337929;-0,050899539;-0,008380675;-0,053335371;-0,00946974;-0,055530607;-0,010600268;-0,057481163;-0,011767334;-0,059184002;-0,012965965;-0,060637425;-0,014191169;-0,061841531;-0,015437981;-0,062798906;-0,016701519;-0,063515584;-0,017977069;-0,064002254;-0,019260186;-0,064275661;-0,020546833;-0,06436001; 
0,376991118;0;0;0,000176358;0,017485743;0,000693428;0,034071291;0,001533206;0,04975636;0,002677676;0,064540394;0,00410881;0,078422697;0,005808569;0,091402738;0,007758905;0,1034806;0,009941786;0,114657544;0,012339221;0,124936648;0,014933303;0,134323475;0,017706268;0,142826727;0,020640563;0,150458843;0,023718925;0,157236524;0,02692447;0,163181155;0,030240792;0,16831915;0,033652068;0,172682239;0,037143163;0,176307753;0,040699748;0,179238967;0,044308423;0,181525591;0,047956852;0,183224462;0,051633914;0,18440051;0,055329879;0,185127985;0,059036607;0,185491876;0,062747775;0,185589372; 
0,397935069;0;0;0,000226879;0,022481966;0,000891042;0,043728436;0,00196779;0,063740969;0,003432479;0,082523356;0,005260568;0,100082355;0,007427684;0,116428182;0,009909699;0,131574775;0,012682798;0,145539881;0,01572356;0,158345004;0,019009032;0,170015268;0,022516795;0,180579257;0,026225039;0,190068858;0,03011262;0,19851917;0,034159131;0,205968477;0,038344962;0,212458284;0,042651364;0,218033404;0,047060521;0,222742022;0,051555611;0,226635676;0,056120878;0,229769064;0,060741687;0,232199597;0,065404572;0,233986636;0,070097265;0,235190396;0,074808698;0,23587059;0,079528983;0,236084982; 
0,41887902;0;0;8,60E-05;0,008561003;0,000340751;0,016868575;0,000759079;0,024921649;0,001335904;0,032717703;0,002066045;0,040252378;0,002944214;0,047519328;0,003964978;0,054510267;0,005122719;0,061215175;0,006411602;0,067622605;0,007825556;0,073720045;0,009358249;0,079494269;0,011003081;0,084931624;0,012753176;0,090018223;0,014601378;0,094740019;0,01654025;0,099082756;0,018562064;0,103031843;0,020658799;0,106572198;0,022822123;0,109688161;0,025043388;0,112363555;0,027313619;0,11458202;0,029623517;0,11632768;0,031963478;0,117586174;0,034323638;0,118345996;0,036693944;0,118599967; 
0,439822972;0;0;-1,28E-05;-0,001242941;-4,84E-05;-0,002280868;-0,000102638;-0,003113591;-0,000171525;-0,003740814;-0,000250899;-0,004162337;-0,000336648;-0,004378444;-0,000424675;-0,004390419;-0,000510923;-0,004201156;-0,000591414;-0,00381582;-0,000662302;-0,003242484;-0,000719936;-0,002492693;-0,000760935;-0,001581903;-0,000782269;-0,000529745;-0,000781341;0,000639889;-0,000756076;0,001898949;-0,000704999;0,003215464;-0,000627311;0,00455385;-0,000522958;0,005875192;-0,000392697;0,007137372;-0,00023816;0,008294943;-6,19E-05;0,009298622;0,0001324;0,010094386;0,000340067;0,010622199;0,000555054;0,010814561; 
0,460766923;0;0;2,11E-05;0,002096475;8,34E-05;0,0041304;0,000185864;0,006101236;0,000327063;0,00800776;0,000505733;0,009847993;0,000720523;0,011619284;0,000970024;0,013318528;0,001252762;0,014942479;0,001567201;0,01648809;0,001911747;0,01795284;0,002284763;0,019334971;0,002684588;0,020633582;0,003109549;0,021848552;0,003557975;0,022980259;0,004028207;0,024029114;0,004518587;0,02499494;0,005027442;0,025876298;0,005553054;0,026669845;0,006093613;0,027369866;0,00664717;0,027968117;0,007211589;0,028454097;0,007784506;0,028815785;0,00836331;0,029040829;0,008945152;0,029117978; 
0,481710874;0;0;7,18E-05;0,007108704;0,000281323;0,013763657;0,000619369;0,019965596;0,001076938;0,025716267;0,001645031;0,031018686;0,002314726;0,035877244;0,0030772;0,0402977;0,00392376;0,044287091;0,004845865;0,047853621;0,005835148;0,051006587;0,00688344;0,053756402;0,007982794;0,056114775;0,00912551;0,058095089;0,010304181;0,059712985;0,011511737;0,060987161;0,012741526;0,061940317;0,013987393;0,062600182;0,015243801;0,063000482;0,016505951;0,063181726;0,017769926;0,063191639;0,019032839;0,06308513;0,020292964;0,062923711;0,021549867;0,062774402;0,022804495;0,062708327; 
0,502654825;0;0;-1,28E-05;-0,001306226;-5,31E-05;-0,002742677;-0,000123418;-0,004309031;-0,000226338;-0,006004342;-0,000364439;-0,007826579;-0,000540224;-0,009772081;-0,000756105;-0,011834957;-0,001014347;-0,014006473;-0,001317008;-0,016274482;-0,001665864;-0,018622952;-0,002062329;-0,021031666;-0,00250737;-0,023476134;-0,003001423;-0,025927772;-0,003544314;-0,02835436;-0,004135196;-0,030720767;-0,004772497;-0,032989896;-0,00545389;-0,035123759;-0,006176293;-0,037084533;-0,006935872;-0,038835475;-0,007728078;-0,040341479;-0,008547676;-0,041569173;-0,009388776;-0,042486423;-0,010244851;-0,043061297;-0,011108725;-0,043260671; 
0,523598776;0;0;-0,000208793;-0,020699561;-0,000820794;-0,040320795;-0,001814438;-0,05886406;-0,003168176;-0,076330393;-0,004860489;-0,092721997;-0,006869917;-0,10804282;-0,009175104;-0,122299176;-0,011754849;-0,135500394;-0,014588171;-0,147659411;-0,01765439;-0,158793274;-0,02093321;-0,168923465;-0,02440481;-0,178076;-0,028049934;-0,186281261;-0,031849973;-0,193573519;-0,035787037;-0,199990176;-0,039844006;-0,205570765;-0,044004564;-0,210355795;-0,048253203;-0,214385588;-0,052575214;-0,217699263;-0,056956648;-0,220334058;-0,061384285;-0,222325146;-0,065845586;-0,22370606;-0,070328679;-0,224509707;-0,07482235;-0,224769779; 
0,544542727;0;0;-0,000266202;-0,026395345;-0,001046821;-0,051441784;-0,002314886;-0,075140207;-0,004043456;-0,097492746;-0,006205648;-0,118503156;-0,008774672;-0,138177028;-0,011723869;-0,156521883;-0,01502675;-0,173547185;-0,018657034;-0,189264315;-0,02258869;-0,2036866;-0,026795968;-0,216829429;-0,031253455;-0,228710559;-0,035936116;-0,239350634;-0,040819368;-0,248773975;-0,045879156;-0,257009623;-0,051092066;-0,264092602;-0,056435456;-0,270065325;-0,061887617;-0,274978996;-0,067427962;-0,278894845;-0,073037237;-0,281885008;-0,078697744;-0,284032879;-0,084393563;-0,28543281;-0,090110764;-0,286189167;-0,095837591;-0,286414935; 
0,565486678;0;0;-0,000100006;-0,009908249;-0,000392636;-0,019262406;-0,000866808;-0,028062414;-0,001511438;-0,036308297;-0,002315448;-0,044000426;-0,003267771;-0,051139946;-0,004357378;-0,057729308;-0,005573304;-0,063772887;-0,0069047;-0,069277606;-0,008340882;-0,07425352;-0,009871405;-0,07871427;-0,011486134;-0,082677351;-0,013175323;-0,08616411;-0,014929689;-0,089199453;-0,016740477;-0,091811236;-0,018599514;-0,094029375;-0,020499234;-0,095884757;-0,022432691;-0,097408081;-0,02439354;-0,098628793;-0,026376008;-0,099574334;-0,028374847;-0,100269867;-0,030385291;-0,100738639;-0,03240303;-0,101002973;-0,034424199;-0,101085718; 
0,586430629;0;0;0,000159192;0,015773746;0,000625132;0,030674836;0,001380367;0,044703188;0,002407441;0,05785879;0,003688903;0,070142026;0,005207315;0,081554181;0,006945281;0,092098114;0,008885485;0,10177903;0,011010744;0,110605323;0,013304082;0,118589397;0,015748818;0,125748392;0,018328666;0,132104747;0,021027843;0,137686507;0,023831185;0,142527338;0,026724256;0,146666205;0,029693444;0,150146752;0,032726053;0,153016435;0,035810364;0,155325539;0,038935685;0,157126251;0,04209238;0,15847199;0,045271894;0,159417193;0,04846677;0,160017715;0,051670692;0,160331862;0,054878549;0,16042188; 
0,60737458;0;0;0,000251376;0,024914303;0,000987643;0,048489251;0,002182027;0,070726501;0,003807811;0,091630052;0,005838384;0,111206976;0,008247315;0,129467841;0,011008418;0,146426876;0,01409583;0,162101901;0,017484075;0,176514096;0,021148135;0,189687664;0,025063503;0,201649488;0,029206231;0,212428866;0,033552984;0,222057406;0,038081082;0,23056915;0,04276855;0,238000982;0,04759419;0,244393304;0,05253765;0,249790936;0,05757953;0,254244132;0,062701495;0,257809546;0,067886416;0,260550936;0,073118512;0,262539424;0,078383493;0,263853117;0,083668697;0,264576092;0,088963188;0,26479688; 
0,628318531;0;0;0,000127309;0,012649273;0,000502705;0,024808564;0,001116377;0,036476644;0,001958477;0,047650637;0,003019077;0,058325653;0,004288131;0,068494742;0,005755435;0,078149126;0,007410597;0,087278676;0,009243011;0,095872581;0,011241858;0,103920138;0,013396109;0,111411565;0,015694558;0,118338757;0,018125858;0,124695885;0,020678571;0,130479752;0,023341223;0,135689854;0,026102353;0,140328132;0,028950561;0,144398452;0,031874538;0,147905905;0,034863082;0,150856103;0,037905105;0,15325466;0,040989628;0,155107081;0,044105786;0,156419238;0,047242844;0,157198472;0,05039024;0,157455178; 
0,649262482;0;0;-9,60E-06;-0,000937188;-3,66E-05;-0,001738294;-7,82E-05;-0,002402389;-0,000131749;-0,002927373;-0,000194362;-0,003309844;-0,000263163;-0,003545275;-0,000335158;-0,003628478;-0,000407252;-0,003554323;-0,000476254;-0,003318658;-0,000538907;-0,00291936;-0,000591943;-0,002357433;-0,000632154;-0,001638066;-0,000656484;-0,000771532;-0,000662139;0,000226143;-0,00064671;0,001332819;-0,000608287;0,002520221;-0,000545589;0,00375422;-0,00045807;0,004995337;-0,000346022;0,006199312;-0,000210668;0,007317523;-5,42E-05;0,008297045;0,000119905;0,00908014;0,000307228;0,009603129;0,000501824;0,009794774; 
0,670206433;0;0;-2,54E-05;-0,002491594;-9,77E-05;-0,004686031;-0,000210883;-0,006585067;-0,000359143;-0,008192922;-0,000536707;-0,009517022;-0,000738005;-0,010568382;-0,000957722;-0,011361681;-0,001190872;-0,011915017;-0,001432862;-0,012249426;-0,001679544;-0,012388191;-0,00192725;-0,012356051;-0,002172816;-0,012178381;-0,002413584;-0,011880465;-0,002647397;-0,011486947;-0,002872583;-0,011021542;-0,003087932;-0,010507055;-0,003292686;-0,009965688;-0,003486528;-0,009419561;-0,003669587;-0,008891298;-0,003842456;-0,008404481;-0,004006207;-0,007983722;-0,004162413;-0,007654183;-0,004313147;-0,007440434;-0,004460952;-0,007364821; 
0,691150384;0;0;5,09E-05;0,005018816;0,000197813;0,009596681;0,000431862;0,013735332;0,000744325;0,017438981;0,00112657;0,020715106;0,001570153;0,023574933;0,002066893;0,02603361;0,002608949;0,028110099;0,003188897;0,029826818;0,003799791;0,031209076;0,004435214;0,032284384;0,005089313;0,033081722;0,005756828;0,033630858;0,006433093;0,033961834;0,007114047;0,03410469;0,007796227;0,034089476;0,008476775;0,033946562;0,009153446;0,033707165;0,009824635;0,033403957;0,010489409;0,033071544;0,011147546;0,032746583;0,011799577;0,032467328;0,012446803;0,0322725;0,013091291;0,032199647; 
0,712094335;0;0;2,05E-06;0,000187171;6,77E-06;0,000267118;1,20E-05;0,000239272;1,56E-05;0,000102347;1,54E-05;-0,000145739;9,03E-06;-0,000507747;-5,72E-06;-0,000986789;-3,12E-05;-0,001585808;-7,00E-05;-0,002306884;-0,000124337;-0,003150391;-0,000196785;-0,004114072;-0,000289663;-0,005192106;-0,000405164;-0,006374249;-0,000545226;-0,007645159;-0,000711424;-0,00898398;-0,000904863;-0,01036424;-0,001126059;-0,011754071;-0,001374845;-0,013116675;-0,001650271;-0,014410913;-0,001950526;-0,015591791;-0,002272863;-0,016610595;-0,002613519;-0,017414471;-0,002967623;-0,017945311;-0,003329079;-0,018138097; 
0,733038286;0;0;-0,000159952;-0,015877878;-0,000630422;-0,031051839;-0,00139733;-0,045521432;-0,002446577;-0,059285594;-0,003764039;-0,072342509;-0,005335545;-0,084689595;-0,007146869;-0,096323626;-0,009183713;-0,107241009;-0,011431708;-0,117438198;-0,013876419;-0,126912232;-0,016503364;-0,135661372;-0,019298042;-0,143685753;-0,022245979;-0,150987985;-0,025332783;-0,157573607;-0,028544203;-0,163451313;-0,031866194;-0,168632892;-0,035284975;-0,173132867;-0,038787076;-0,176967893;-0,042359378;-0,180156063;-0,045989132;-0,182716308;-0,049663974;-0,184668165;-0,053371939;-0,186032136;-0,05710149;-0,18683076;-0,060841574;-0,187090278; 
0,753982237;0;0;-0,00026285;-0,026055226;-0,001033018;-0,050731851;-0,002282939;-0,074030761;-0,003985079;-0,095954225;-0,006111966;-0,116506517;-0,008636243;-0,135694476;-0,011530715;-0,153527981;-0,01476842;-0,170020316;-0,018322699;-0,185188404;-0,022167265;-0,19905292;-0,026276287;-0,211638299;-0,030624456;-0,222972675;-0,035187065;-0,233087834;-0,039940077;-0,242019253;-0,044860205;-0,249806319;-0,049924991;-0,256492773;-0,055112903;-0,262127409;-0,060403439;-0,266764977;-0,065777264;-0,270467147;-0,07121635;-0,273303339;-0,07670414;-0,275351153;-0,082225709;-0,276696165;-0,087767917;-0,277430951;-0,093319531;-0,277653459; 
0,774926188;0;0;-0,000137842;-0,013654668;-0,000541007;-0,026532422;-0,001193964;-0,03863405;-0,002081208;-0,049961484;-0,003187285;-0,060518188;-0,004496832;-0,070309475;-0,00599461;-0,079342746;-0,007665552;-0,087627713;-0,009494811;-0,095176643;-0,011467811;-0,102004623;-0,01357031;-0,108129878;-0,015788465;-0,113574081;-0,018108902;-0,118362632;-0,020518794;-0,122524815;-0,023005938;-0,126093752;-0,025558833;-0,12910611;-0,028166736;-0,131601521;-0,030819725;-0,133621774;-0,033508726;-0,135209907;-0,036225531;-0,136409394;-0,038962801;-0,137263724;-0,04171407;-0,137816596;-0,044473754;-0,138112895;-0,047237192;-0,138200339; 
0,795870139;0;0;0,000129394;0,012813831;0,000507533;0,024874622;0,001119366;0,036183524;0,001949879;0,046743308;0,002984136;0,056558871;0,004207321;0,065637557;0,005604792;0,073989336;0,007162132;0,081626905;0,008865209;0,088565753;0,010700226;0,094824239;0,012653784;0,100423698;0,014712943;0,10538856;0,01686528;0,10974646;0,019098959;0,113528242;0,021402794;0,116767811;0,023766301;0,11950174;0,02617975;0,12176862;0,028634197;0,123608186;0,031121495;0,125060339;0,033634289;0,126164269;0,036165997;0,126957958;0,038710785;0,127478318;0,041263553;0,127762141;0,043819948;0,127847733; 
0,81681409;0;0;0,000261716;0,025954937;0,001029531;0,050609963;0,002277447;0,073964813;0,003979453;0,096019036;0,006109534;0,116772251;0,00864167;0,136224585;0,011549853;0,154377272;0,014808116;0,171233316;0,018390577;0,186798169;0,022271491;0,201080357;0,02642532;0,214092018;0,030826809;0,225849358;0,035451069;0,23637304;0,040273675;0,245688598;0,045270764;0,253826923;0,050419148;0,260824929;0,055696449;0,266726419;0,061081238;0,271583144;0,066553213;0,275455927;0,072093386;0,278415679;0,077684295;0,280544013;0,083310216;0,281933192;0,088957373;0,282685244;0,094614112;0,282910341; 
0,837758041;0;0;0,000178461;0,017692967;0,000701597;0,03446766;0,001551054;0,050325469;0,002708524;0,065269666;0,004155787;0,079305884;0,00587476;0,092442301;0,007847551;0,104689601;0,010056503;0,116060802;0,012484243;0,126571018;0,015113717;0,136237236;0,01792823;0,145078164;0,020911477;0,153114154;0,024047576;0,16036718;0,027321101;0,166860806;0,030717112;0,172620067;0,034221182;0,177671162;0,037819416;0,182040914;0,041498455;0,185756007;0,045245464;0,188842091;0,049048104;0,191322951;0,05289449;0,193220015;0,056773141;0,194552497;0,060672946;0,195338337;0,064583152;0,19559588; 
0,858701992;0;0;-4,21E-06;-0,000381002;-1,36E-05;-0,000519999;-2,34E-05;-0,000418585;-2,88E-05;-8,05E-05;-2,51E-05;0,000487634;-7,82E-06;0,001276388;2,73E-05;0,002273188;8,44E-05;0,003462614;0,000167015;0,004826574;0,000278487;0,006344468;0,000421667;0,00799327;0,000598921;0,009747497;0,000812083;0,011579081;0,001062395;0,013457217;0,001350458;0,015348284;0,001676171;0,01721592;0,002038681;0,019021351;0,00243634;0,020723958;0,002866676;0,022282013;0,003326376;0,023653397;0,003811286;0,024796018;0,00431641;0,02566764;0,004835897;0,026224909;0,005363004;0,026421658; 
0,879645943;0;0;-5,29E-05;-0,005237767;-0,000207278;-0,010140652;-0,000456326;-0,01470809;-0,000793358;-0,018938939;-0,001211629;-0,02283165;-0,001704359;-0,026384697;-0,002264746;-0,029597198;-0,00288598;-0,032469624;-0,00356128;-0,035004489;-0,004283943;-0,037206937;-0,005047395;-0,039085136;-0,005845262;-0,040650473;-0,006671425;-0,041917557;-0,007520093;-0,042904115;-0,008385857;-0,043630868;-0,009263753;-0,044121534;-0,010149323;-0,044403021;-0,011038682;-0,044505868;-0,011928598;-0,044464863;-0,012816581;-0,044319656;-0,013700987;-0,044115116;-0,014581121;-0,043901108;-0,015457327;-0,043731491;-0,016331051;-0,043662376; 
0,900589894;0;0;9,36E-06;0,00091847;3,60E-05;0,001728654;7,78E-05;0,002429984;0,000132483;0,003021306;0,000197894;0,003501039;0,00027177;0,003867588;0,000351836;0,004119927;0,000435807;0,004258257;0,000521419;0,004284611;0,000606473;0,004203318;0,000688879;0,00402123;0,000766712;0,003747708;0,000838255;0,003394354;0,000902043;0,002974606;0,000956895;0,002503282;0,001001936;0,001996231;0,001036617;0,001470189;0,001060735;0,000942913;0,001074453;0,000433536;0,001078335;-3,70E-05;0,001073383;-0,000445824;0,001061078;-0,000768265;0,001043397;-0,000979104;0,001022819;-0,001054264; 
0,921533845;0;0;1,36E-05;0,001322038;5,14E-05;0,002425714;0,000109165;0,003312136;0,000182479;0,003983846;0,000267115;0,004445049;0,000358916;0,004701586;0,000453862;0,004760703;0,000548084;0,004630762;0,000637893;0,004320985;0,000719791;0,00384137;0,000790488;0,003202837;0,000846926;0,002417658;0,000886312;0,00150014;0,000906163;0,000467476;0,000904382;-0,000659352;0,000879331;-0,001854789;0,000829936;-0,003088155;0,000755791;-0,004323424;0,000657261;-0,005519274;0,000535591;-0,006629286;0,000393004;-0,007602001;0,000232804;-0,008380512;5,95E-05;-0,00890134;-0,000121055;-0,009092603; 
0,942477796;0;0;-0,000115287;-0,01145579;-0,000455318;-0,022474498;-0,001011355;-0,033056541;-0,001774673;-0,043202693;-0,002736563;-0,052913842;-0,003888331;-0,062190502;-0,005221284;-0,071032199;-0,006726705;-0,079436814;-0,008395814;-0,087400045;-0,01021972;-0,094915074;-0,012189367;-0,101972558;-0,014295495;-0,108560959;-0,016528592;-0,114667201;-0,018878877;-0,120277569;-0,021336299;-0,125378704;-0,023890549;-0,129958528;-0,026531097;-0,134006951;-0,029247233;-0,137516251;-0,032028117;-0,140481157;-0,03486283;-0,142898756;-0,037740415;-0,144768508;-0,040649932;-0,146092694;-0,043580526;-0,146877573;-0,046521519;-0,147135251; 
0,963421747;0;0;-0,000247416;-0,024518729;-0,000971834;-0,047700199;-0,002146511;-0,06954466;-0,003744713;-0,090053056;-0,005739741;-0,10922777;-0,008104964;-0,127073583;-0,010813879;-0,143598753;-0,013840194;-0,158816086;-0,017157924;-0,172743869;-0,020741513;-0,185406543;-0,024565956;-0,196835011;-0,028606932;-0,207066538;-0,032840925;-0,216144276;-0,037245332;-0,224116486;-0,041798563;-0,231035605;-0,046480107;-0,236957357;-0,051270596;-0,241940047;-0,056151851;-0,246044177;-0,061106923;-0,24933237;-0,066120138;-0,251869485;-0,071177143;-0,253722638;-0,076264944;-0,254960802;-0,08137194;-0,255653683;-0,086487914;-0,255869874; 
0,984365698;0;0;-0,00016198;-0,016057931;-0,000636714;-0,031275361;-0,001407399;-0,045653384;-0,002457269;-0,059194471;-0,003769624;-0,071902633;-0,005327857;-0,083783286;-0,007115482;-0,094842923;-0,009116149;-0,10508871;-0,011313655;-0,114528156;-0,013691951;-0,123168983;-0,016235144;-0,131019316;-0,018927513;-0,13808823;-0,021753536;-0,144386654;-0,024697935;-0,149928543;-0,027745755;-0,154732169;-0,030882457;-0,158821353;-0,034094047;-0,162226458;-0,037367204;-0,164985018;-0,040689435;-0,167142;-0,044049221;-0,168749814;-0,047436164;-0,169868362;-0,050841144;-0,170565477;-0,054256484;-0,17091806;-0,057676152;-0,171013952; 
1,005309649;0;0;8,31E-05;0,008241176;0,000327007;0,016086421;0,000723895;0,023536691;0,001265855;0,030594066;0,00194506;0,03726174;0,002753753;0,043543693;0,003684264;0,049444129;0,004729001;0,054966825;0,005880438;0,06011454;0,007131092;0,064888615;0,008473491;0,069288893;0,009900146;0,07331402;0,011403538;0,076962111;0,012976107;0,080231723;0,014610284;0,083122972;0,016298521;0,085638618;0,018033365;0,08778493;0,019807524;0,089572197;0,021613955;0,091014879;0,023445945;0,0921315;0,02529719;0,092944584;0,027161882;0,093480987;0,029034799;0,093772965;0,030911433;0,093860016; 
1,0262536;0;0;0,000270351;0,026797784;0,001062417;0,052171336;0,002347708;0,076120376;0,004097733;0,098644603;0,006283995;0,119744268;0,008878017;0,1394211;0,011851382;0,157679458;0,015175793;0,174527592;0,018823171;0,189978847;0,022765762;0,204052666;0,026976268;0,216775254;0,031427984;0,228179849;0,036094942;0,238306569;0,040952037;0,247201936;0,045975157;0,25491818;0,051141284;0,261512552;0,056428591;0,267046794;0,061816527;0,271586934;0,067285909;0,275203421;0,072819007;0,277971473;0,078399646;0,279971368;0,084013308;0,281288292;0,089647218;0,282011406;0,095290414;0,282232066; 
1,047197551;0;0;0,000217013;0,02151777;0,000853373;0,041934934;0,001887084;0,061253325;0,003296208;0,079477172;0,005058921;0,09661354;0,007153566;0,112672311;0,009558711;0,127665816;0,012253191;0,141608247;0,015216136;0,15451502;0,018426994;0,166402242;0,021865539;0,177286423;0,025511877;0,187184511;0,029346464;0,196114279;0,033350121;0,204094999;0,03750408;0,211148271;0,041790033;0,217298828;0,046190204;0,222575128;0,050687425;0,2270096;0,055265216;0,230638507;0,059907859;0,233501562;0,064600458;0,235641581;0,069329008;0,237104568;0,07408046;0,237940601;0,078842823;0,23820559; 
1,068141502;0;0;2,16E-05;0,002178222;8,77E-05;0,004446814;0,000200093;0,006803705;0,000360437;0,009244098;0,00057036;0,011759937;0,000831263;0,014339896;0,001144289;0,016969756;0,001510277;0,019633068;0,001929716;0,02231191;0,002402732;0,024987576;0,002929071;0,027641075;0,0035081;0,03025331;0,0041388;0,032804942;0,00481976;0,035275961;0,005549159;0,037645103;0,006324732;0,039889281;0,00714373;0,041983228;0,008002877;0,043899479;0,008898329;0,045608721;0,009825642;0,047080402;0,010779753;0,04828328;0,011754969;0,049185512;0,012744949;0,049753903;0,013742659;0,049952214; 
1,089085453;0;0;-7,53E-05;-0,007462792;-0,000295705;-0,014504543;-0,000652695;-0,021123849;-0,001137823;-0,027317633;-0,001742532;-0,03308113;-0,002458159;-0,038408367;-0,003275916;-0,043293048;-0,004186894;-0,047729697;-0,005182094;-0,051714901;-0,006252478;-0,055248485;-0,007389048;-0,058334469;-0,008582931;-0,060981713;-0,009825484;-0,063204198;-0,011108393;-0,065021004;-0,012423778;-0,066456096;-0,013764282;-0,067538084;-0,015123168;-0,068300163;-0,016494408;-0,068780365;-0,017872791;-0,069022162;-0,019254035;-0,069075291;-0,020634922;-0,068996513;-0,022013442;-0,06884987;-0,023388935;-0,068706045;-0,024762207;-0,068640733; 
1,110029404;0;0;-3,79E-05;-0,003745733;-0,000148154;-0,007240275;-0,000325826;-0,010485616;-0,000565947;-0,013486333;-0,000863698;-0,01625002;-0,001214438;-0,018787204;-0,001613762;-0,021110803;-0,002057542;-0,023235309;-0,002541948;-0,025175811;-0,003063447;-0,026947054;-0,003618793;-0,028562664;-0,004204996;-0,030034659;-0,00481929;-0,031373271;-0,005459095;-0,032587054;-0,006121988;-0,033683165;-0,006805678;-0,034667629;-0,007507983;-0,035545423;-0,008226808;-0,036320208;-0,008960116;-0,036993687;-0,009705874;-0,037564711;-0,01046199;-0,038028437;-0,011226237;-0,038375978;-0,011996173;-0,038594968;-0,012769084;-0,038671158; 
1,130973355;0;0;1,68E-05;0,001623436;6,26E-05;0,002902883;0,000130646;0,003840767;0,000214034;0,004442799;0,000306183;0,004718771;0,000400705;0,004682817;0,000491537;0,004353234;0,000573023;0,003751991;0,000639972;0,002904074;0,000687723;0,00183683;0,000712177;0,000579455;0,000709838;-0,000837279;0,000677839;-0,002380998;0,00061398;-0,004017449;0,000516766;-0,005710087;0,000385462;-0,007419687;0,000220145;-0,00910418;2,18E-05;-0,010718873;-0,000207833;-0,01221707;-0,000465828;-0,013551004;-0,000748458;-0,01467273;-0,001051004;-0,015534545;-0,001367788;-0,016088491;-0,00169216;-0,016284792; 
1,151917306;0;0;-8,27E-05;-0,008214627;-0,000326207;-0,016072558;-0,000723275;-0,023575236;-0,001266869;-0,03072591;-0,001949999;-0,037529843;-0,002765798;-0,043994073;-0,003707552;-0,050126818;-0,004768718;-0,055936655;-0,005942919;-0,061431586;-0,007223926;-0,066618167;-0,00860562;-0,071500814;-0,010081946;-0,076081401;-0,011646858;-0,080359176;-0,013294273;-0,084330957;-0,015018022;-0,087991504;-0,016811813;-0,091333874;-0,018669199;-0,094349558;-0,020583549;-0,09702825;-0,022547998;-0,099357193;-0,024555398;-0,101320203;-0,026598231;-0,102896722;-0,028668522;-0,104061326;-0,03075774;-0,104784182;-0,032856726;-0,105032591; 
1,172861257;0;0;-0,00021093;-0,02092088;-0,000829951;-0,040809048;-0,001836402;-0,059663778;-0,003209602;-0,077483576;-0,004928832;-0,094266349;-0,006973328;-0,110009926;-0,009322291;-0,124712842;-0,011954905;-0,138375289;-0,014850384;-0,151000104;-0,017988033;-0,162593672;-0,021347326;-0,173166604;-0,024907993;-0,182734102;-0,028650118;-0,191316;-0,032554223;-0,198936501;-0,036601355;-0,205623737;-0,040773161;-0,211409352;-0,045051951;-0,216328299;-0,049420771;-0,220419031;-0,053863474;-0,223724142;-0,058364816;-0,226291357;-0,062910566;-0,228174532;-0,067487639;-0,229434202;-0,072084222;-0,230137192;-0,076689892;-0,230355102; 
1,193805208;0;0;-0,000184908;-0,018319377;-0,000725919;-0,035610456;-0,00160248;-0,051874684;-0,002794083;-0,067115482;-0,004280315;-0,081338747;-0,006040906;-0,094553053;-0,008055785;-0,106769618;-0,01030513;-0,118002119;-0,012769415;-0,128266467;-0,015429454;-0,137580663;-0,018266441;-0,145964843;-0,021261998;-0,1534416;-0,024398226;-0,160036587;-0,027657779;-0,16577938;-0,031023948;-0,17070445;-0,034480772;-0,174852071;-0,038013158;-0,178268942;-0,041607012;-0,181008349;-0,045249371;-0,183129788;-0,048928516;-0,184698173;-0,052634073;-0,18578295;-0,056357098;-0,186457603;-0,060090161;-0,186800074;-0,063827445;-0,186894291; 
1,214749159;0;0;4,04E-05;0,004019132;0,00015976;0,007887496;0,000354939;0,01160541;0,000622978;0,015173505;0,000960886;0,018592586;0,001365692;0,021863334;0,001834432;0,024985882;0,002364134;0,027959347;0,002951797;0,030781405;0,003594354;0,033448011;0,004288643;0,035953365;0,005031366;0,038290185;0,005819072;0,040450306;0,006648145;0,042425547;0,007514813;0,044208718;0,008415178;0,045794576;0,009345262;0,047180491;0,010301065;0,048366646;0,011278614;0,049355689;0,012274007;0,05015193;0,013283439;0,05076043;0,014303208;0,051186456;0,01532972;0,051435861;0,016359517;0,05151659; 
1,23569311;0;0;0,000262781;0,026039958;0,001032073;0,050651161;0,002279308;0,073834448;0,003975946;0,095592067;0,006093515;0,115928486;0,00860366;0,134851242;0,011478216;0,152371805;0,014689291;0,168506397;0,018209375;0,183276687;0,022011446;0,196710279;0,026069098;0,208840922;0,030356661;0,219708366;0,034849312;0,229357871;0,039523188;0,237839425;0,044355461;0,245206796;0,049324409;0,251516629;0,054409468;0,256827811;0,05959127;0,261201309;0,064851691;0,264700564;0,070173908;0,267392345;0,075542475;0,26934775;0,080943415;0,270642817;0,086364322;0,271358226;0,091794439;0,271577825; 
1,256637061;0;0;0,000247992;0,024601369;0,000976143;0,048016048;0,002160724;0,070244238;0,003778006;0,091286403;0,005804278;0,111143338;0,008215846;0,129816181;0,010989041;0,147306422;0,014100231;0,16361594;0,017525823;0,178747115;0,021242281;0,192703111;0,025226142;0,20548837;0,029454053;0,217109393;0,033902819;0,227575802;0,03854948;0,236901624;0,043371411;0,245106684;0,048346453;0,252217882;0,053453065;0,258270153;0,058670487;0,263306892;0,063978913;0,267379757;0,069359645;0,270547939;0,074795237;0,272877245;0,08026962;0,274439501;0,085768222;0,27531286;0,091278112;0,275583282; 
1,277581012;0;0;6,39E-05;0,006338556;0,000251658;0,012394462;0,000557753;0,01816806;0,000976504;0,023660219;0,001502296;0,028872587;0,002129559;0,033807805;0,002852786;0,038469705;0,003666559;0,042863441;0,004565579;0,046995517;0,005544687;0,050873654;0,00659889;0,054506445;0,007723368;0,057902733;0,008913477;0,061070718;0,010164719;0,064016845;0,011472696;0,066744584;0,012833043;0,069253313;0,014241333;0,07153751;0,015692976;0,073586478;0,017183121;0,075384687;0,018706563;0,076912639;0,020257676;0,078147941;0,021830366;0,079066027;0,023418024;0,079639962;0,025013467;0,079839024; 
1,298524963;0;0;-9,63E-05;-0,009513695;-0,000376014;-0,018347412;-0,000825641;-0,026502259;-0,001431597;-0,033981042;-0,00218041;-0,040788996;-0,00305874;-0,046934453;-0,00405345;-0,052429424;-0,005151687;-0,057290095;-0,006340963;-0,061537211;-0,007609254;-0,065196287;-0,008945095;-0,0682976;-0,01033767;-0,070875929;-0,011776903;-0,072970008;-0,013253521;-0,07462175;-0,014759118;-0,075875359;-0,016286186;-0,076776504;-0,017828139;-0,07737178;-0,019379334;-0,077708667;-0,020935089;-0,077836082;-0,022491723;-0,077805435;-0,024046619;-0,077671872;-0,025598309;-0,077495147;-0,027146565;-0,077339528;-0,02869248;-0,077272437; 
1,319468915;0;0;-7,42E-05;-0,007367605;-0,000292442;-0,014395818;-0,000647811;-0,021084444;-0,001133552;-0,027433025;-0,001742859;-0,033440766;-0,002468903;-0,039106503;-0,003304829;-0,044428684;-0,004243747;-0,049405376;-0,005278726;-0,054034321;-0,006402786;-0,058313062;-0,007608898;-0,062239205;-0,00888999;-0,065810858;-0,010238963;-0,069027269;-0,01164872;-0,071889636;-0,013112214;-0,074401988;-0,014622516;-0,076571971;-0,016172888;-0,078411322;-0,017756869;-0,079935841;-0,019368351;-0,081164754;-0,021001632;-0,082119551;-0,022651455;-0,082822641;-0,024313009;-0,083296373;-0,025981929;-0,083563042;-0,027654306;-0,083646198; 
1,340412866;0;0;-4,80E-06;-0,000500527;-2,09E-05;-0,001126297;-5,07E-05;-0,001877033;-9,68E-05;-0,002751993;-0,00016158;-0,003749709;-0,000247556;-0,004867724;-0,000357067;-0,006102361;-0,000492395;-0,007448509;-0,000655706;-0,008899438;-0,000849014;-0,010446611;-0,001074142;-0,012079429;-0,001332676;-0,013784877;-0,001625916;-0,015547021;-0,001954806;-0,017346382;-0,002319862;-0,019159256;-0,002721078;-0,020957141;-0,003157825;-0,02270647;-0,003628757;-0,024368833;-0,004131717;-0,025901811;-0,004663667;-0,027260302;-0,005220657;-0,028398047;-0,005797808;-0,029268754;-0,006389319;-0,029826209;-0,006988453;-0,030023037; 
1,361356817;0;0;-4,82E-05;-0,004803387;-0,000191417;-0,00949894;-0,00042745;-0,01408636;-0,000754145;-0,018564924;-0,001169313;-0,02293334;-0,001670732;-0,027189619;-0,002256132;-0,031330935;-0,002923177;-0,035353452;-0,003669444;-0,039252122;-0,004492394;-0,043020461;-0,00538934;-0,046650363;-0,00635742;-0,050132008;-0,007393556;-0,053453895;-0,008494425;-0,056603021;-0,00965643;-0,059565125;-0,010875681;-0,062324868;-0,012147966;-0,064865755;-0,013468731;-0,06716961;-0,014833032;-0,069215495;-0,016235464;-0,070978159;-0,017670063;-0,072426331;-0,019130166;-0,073521445;-0,020608261;-0,074217413;-0,022095853;-0,074461819; 
1,382300768;0;0;-0,00017145;-0,017011878;-0,000675149;-0,033224857;-0,001495119;-0,048639071;-0,002615389;-0,063254815;-0,004019992;-0,077072575;-0,005692976;-0,090093049;-0,007618405;-0,102317203;-0,009780365;-0,113746403;-0,012162975;-0,12438262;-0,014750402;-0,134228708;-0,017526882;-0,143288702;-0,020476745;-0,151568076;-0,023584448;-0,159073909;-0,026834603;-0,165814936;-0,030212015;-0,171801535;-0,033701715;-0,177045775;-0,03728899;-0,181561695;-0,040959438;-0,185366017;-0,044699023;-0,188479389;-0,04849418;-0,190928091;-0,052331939;-0,19274588;-0,056200092;-0,193975403;-0,060087377;-0,19466852;-0,063983655;-0,194885174; 
1,403244719;0;0;-0,000195269;-0,019337427;-0,000765918;-0,037538091;-0,00168922;-0,054602952;-0,002942481;-0,070534525;-0,004503078;-0,085337662;-0,006348516;-0,099020305;-0,008456497;-0,111594139;-0,010804995;-0,123075126;-0,013372353;-0,133483869;-0,016137371;-0,142845837;-0,01907941;-0,151191481;-0,02217849;-0,158556302;-0,025415393;-0,164980947;-0,028771765;-0,170511361;-0,032230227;-0,175198963;-0,035774483;-0,179100737;-0,039389432;-0,182279067;-0,04306127;-0,184801136;-0,046777575;-0,186737762;-0,050527363;-0,188161748;-0,054301114;-0,18914607;-0,058090753;-0,189762457;-0,061889627;-0,190081054;-0,065692474;-0,190171556; 
1,42418867;0;0;3,61E-06;0,000358315;1,42E-05;0,000702129;3,16E-05;0,001031436;5,54E-05;0,001346314;8,54E-05;0,001647092;0,000121192;0,001934539;0,000162656;0,002210029;0,000209527;0,002475625;0,000261633;0,002734033;0,000318861;0,002988431;0,000381166;0,003242206;0,000448568;0,003498675;0,000521151;0,00376084;0,000599056;0,004031237;0,000682469;0,00431185;0,000771607;0,004603996;0,000866708;0,004908002;0,000967998;0,005222488;0,00107565;0,005543128;0,001189706;0,00586094;0,001309967;0,00616041;0,001435845;0,006418024;0,001566198;0,006601881;0,001699168;0,006672802; 
1,445132621;0;0;0,000233715;0,023176766;0,000919284;0,045185493;0,002033352;0,06602686;0,003552586;0,085702458;0,005453696;0,104215017;0,007713459;0,12156853;0,010308746;0,137768347;0,013216547;0,152821314;0,016414009;0,166735995;0,019878469;0,179523008;0,023587498;0,191195435;0,027518961;0,201769245;0,031651071;0,211263658;0,035962462;0,219701397;0,040432258;0,22710884;0,045040148;0,233516174;0,049766465;0,238957709;0,054592277;0,243472561;0,059499489;0,247105849;0,064470983;0,249910361;0,069490791;0,251948408;0,074544296;0,253293295;0,079618464;0,254029716;0,08470206;0,254252653; 
1,466076572;0;0;0,000281413;0,02789744;0,001106143;0,05433169;0,002444928;0,079303095;0,004268521;0,102812739;0,006547709;0,124863066;0,009253345;0,145458605;0,012356403;0,164606722;0,015828036;0,182318307;0,019639657;0,198608347;0,023763022;0,213496338;0,028170324;0,227006578;0,032834294;0,239168389;0,0377283;0,250016352;0,042826456;0,259590614;0,048103739;0,267937258;0,053536109;0,275108647;0,05910064;0,281163583;0,064775642;0,286167055;0,070540781;0,290189433;0,076377174;0,29330512;0,082267453;0,295590942;0,088195799;0,297124843;0,094147959;0,29798559;0,100111272;0,298253938; 
1,487020523;0;0;0,00010103;0,010028413;0,000398153;0,019609277;0,000882422;0,028743341;0,001544918;0,037432245;0,002376762;0,045678564;0,003369133;0,053485636;0,004513284;0,060857273;0,005800547;0,067797446;0,007222331;0,074310043;0,008770123;0,080398701;0,010435475;0,08606674;0,012210008;0,091317114;0,014085392;0,096152299;0,016053344;0,100574081;0,018105605;0,104583211;0,020233917;0,108179034;0,022429996;0,111359268;0,024685493;0,114120141;0,026991975;0,116457076;0,029340921;0,118365924;0,031723743;0,119844491;0,034131838;0,120893793;0,036556662;0,121518327;0,038989785;0,121724901; 
1,507964474;0;0;-9,49E-05;-0,009380481;-0,000370812;-0,018099863;-0,000814505;-0,026159842;-0,001412835;-0,033564415;-0,002152758;-0,040320482;-0,003021398;-0,046438131;-0,004006115;-0,051930717;-0,005094569;-0,05681485;-0,006274784;-0,061110376;-0,007535214;-0,064840397;-0,008864806;-0,068031345;-0,010253071;-0,070713018;-0,011690151;-0,072918542;-0,01316688;-0,074684146;-0,014674844;-0,076048783;-0,016206432;-0,077053656;-0,017754878;-0,077741842;-0,019314294;-0,07815825;-0,02087971;-0,078350106;-0,022447137;-0,078368006;-0,024013639;-0,078267288;-0,025577445;-0,078109187;-0,027138071;-0,077961046;-0,028696434;-0,077895098; 
1,528908425;0;0;-0,000113229;-0,011234206;-0,000445818;-0,021935816;-0,000987105;-0,032103831;-0,001726399;-0,041736072;-0,002652954;-0,050829163;-0,003755943;-0,059378833;-0,005024453;-0,067380416;-0,006447476;-0,07482944;-0,008013922;-0,081722189;-0,009712638;-0,088056197;-0,011532439;-0,093830667;-0,013462143;-0,099046864;-0,015490617;-0,103708589;-0,017606835;-0,107822791;-0,019799949;-0,111400348;-0,022059375;-0,114456927;-0,024374893;-0,117013751;-0,026736773;-0,119098014;-0,029135883;-0,120742751;-0,031563806;-0,121986079;-0,03401293;-0,122870056;-0,036476512;-0,123439683;-0,038948739;-0,123742786;-0,041424791;-0,123831294; 
1,549852376;0;0;-3,74E-05;-0,003713485;-0,000147605;-0,007286855;-0,000327916;-0,010721296;-0,000575548;-0,014019437;-0,000887813;-0,017185453;-0,001262122;-0,020224822;-0,001696003;-0,023143863;-0,002187118;-0,025949177;-0,002733255;-0,028647103;-0,003332324;-0,031243254;-0,003982337;-0,033742133;-0,004681381;-0,03614676;-0,005427587;-0,038458225;-0,00621908;-0,040675082;-0,007053928;-0,042792529;-0,007930059;-0,044801483;-0,008845171;-0,046687702;-0,009796617;-0,048431216;-0,010781298;-0,050006317;-0,011795542;-0,051382155;-0,012835023;-0,052523775;-0,013894678;-0,053393037;-0,014968655;-0,053948694;-0,016050233;-0,054145098; 
1,570796327;0;0;-1,97E-05;-0,001993723;-8,08E-05;-0,004147669;-0,000186632;-0,006459919;-0,00034024;-0,008925985;-0,000544647;-0,011538194;-0,000802669;-0,014285459;-0,00111687;-0,017153302;-0,001489488;-0,020123989;-0,001922377;-0,023176673;-0,002416943;-0,02628747;-0,002974084;-0,029429473;-0,003594131;-0,032572773;-0,004276786;-0,035684584;-0,005021069;-0,038729593;-0,005825276;-0,041670562;-0,006686942;-0,044469124;-0,007602834;-0,047086601;-0,008568943;-0,049484575;-0,009580499;-0,051624956;-0,010631969;-0,053469449;-0,011717042;-0,054978587;-0,0128286;-0,056110858;-0,013958674;-0,056822658;-0,015098407;-0,057069605; 
1,591740278;0;0;-0,000135649;-0,013448597;-0,000533295;-0,026199895;-0,001179005;-0,038255313;-0,002058889;-0,049618089;-0,003159146;-0,060293578;-0,0044661;-0,070289228;-0,005966245;-0,079614347;-0,007646276;-0,088279815;-0,009493121;-0,096297862;-0,011493964;-0,103681952;-0,01363627;-0,110446802;-0,015907814;-0,116608423;-0,018296701;-0,122184085;-0,020791393;-0,127192065;-0,023380724;-0,131651128;-0,026053902;-0,135579772;-0,028800495;-0,138995417;-0,031610404;-0,141913808;-0,034473826;-0,144348887;-0,037381221;-0,146313263;-0,040323299;-0,147819135;-0,043291014;-0,148879137;-0,04627558;-0,149506395;-0,049268468;-0,1497132; 
1,612684229;0;0;-0,00018223;-0,01806174;-0,000716017;-0,035155564;-0,001581998;-0,05128119;-0,002760807;-0,066438249;-0,004233071;-0,080626723;-0,005979425;-0,093847622;-0,007980543;-0,106103755;-0,010217179;-0,117400475;-0,012670222;-0,127746262;-0,015320769;-0,137153088;-0,018150189;-0,145636582;-0,021140204;-0,153216088;-0,02427296;-0,159914756;-0,027531103;-0,165759813;-0,030897873;-0,170783114;-0,034357196;-0,175021926;-0,037893808;-0,178519806;-0,041493384;-0,181327297;-0,045142681;-0,183502164;-0,048829683;-0,185109029;-0,052543726;-0,186218546;-0,056275614;-0,186906602;-0,060017719;-0,187254303;-0,063764099;-0,187349314; 
1,63362818;0;0;-3,86E-05;-0,003810122;-0,000150468;-0,007329785;-0,000329846;-0,010559898;-0,000570947;-0,013502489;-0,000868051;-0,016160796;-0,001215513;-0,018539161;-0,001607785;-0,02064283;-0,002039434;-0,022477828;-0,002505153;-0,024050997;-0,002999781;-0,025370287;-0,003518335;-0,026445249;-0,00405604;-0,027287637;-0,004608386;-0,027911949;-0,005171181;-0,028335745;-0,005740616;-0,028579623;-0,006313321;-0,02866686;-0,006886415;-0,028622874;-0,007457541;-0,028474774;-0,008024903;-0,028251284;-0,008587295;-0,027983211;-0,009144158;-0,027704351;-0,009695647;-0,027452339;-0,010242707;-0,027268709;-0,010787145;-0,02719758; 
1,654572131;0;0;0,000202081;0,020042444;0,000795071;0,039090876;0,001759094;0,057145939;0,003074295;0,074209025;0,004720856;0,090282279;0,006679006;0,105368463;0,008929035;0,119470801;0,011451303;0,132592955;0,014226247;0,144739249;0,017234403;0,155915183;0,020456435;0,166128225;0,023873181;0,175388732;0,027465727;0,183710837;0,031215482;0,191113101;0,035104273;0,197618789;0,039114441;0,20325577;0,043228926;0,208056164;0,04743135;0,212056014;0,051706095;0,215295282;0,056038385;0,217818357;0,060414385;0,219674984;0,064821313;0,220921145;0,069247575;0,221619148;0,073682873;0,22183633; 
1,675516082;0;0;0,000299693;0,029700833;0,001177295;0,057790904;0,002600597;0,084271165;0,004537426;0,10914427;0,006955689;0,132415623;0,009823433;0,154094464;0,013108943;0,17419485;0,016780834;0,192736387;0,020808175;0,209744608;0,025160604;0,225250929;0,029808444;0,239292249;0,034722805;0,251910307;0,039875673;0,263151019;0,045239993;0,273064003;0,050789736;0,281702444;0,056499973;0,28912335;0,062346961;0,295388061;0,068308228;0,300562754;0,074362678;0,30471862;0,080490685;0,307931522;0,086674183;0,310281202;0,09289673;0,311850483;0,099143571;0,312725236;0,105401709;0,312995714; 
1,696460033;0;0;0,00013943;0,013845446;0,000549916;0,027105682;0,001219755;0,039780544;0,002137232;0,05186942;0,003290615;0,063370814;0,004668129;0,074281868;0,006257924;0,084597982;0,008048039;0,094312675;0,010026368;0,10341781;0,012180627;0,111904221;0,01449835;0,119762704;0,016966895;0,126985223;0,019573481;0,133566106;0,022305245;0,139503014;0,025149317;0,14479749;0,028092898;0,149455051;0,031123334;0,153484928;0,034228194;0,156899733;0,037395328;0,159715384;0,040612944;0,161951503;0,043869685;0,163632253;0,047154728;0,164787166;0,050457898;0,165451217;0,053769764;0,165663509; 
1,717403984;0;0;-7,44E-05;-0,007366155;-0,000291831;-0,014310055;-0,000643953;-0,02083182;-0,001122291;-0,026931568;-0,001718402;-0,032609182;-0,00242384;-0,037864037;-0,003230136;-0,042694811;-0,004128792;-0,047099537;-0,005111263;-0,05107602;-0,006168967;-0,054622657;-0,007293304;-0,057739624;-0,008475708;-0,060430267;-0,009707724;-0,06270248;-0,010981107;-0,064569816;-0,012287948;-0,066052144;-0,0136208;-0,067175795;-0,014972804;-0,067973297;-0,016337812;-0,068482984;-0,017710497;-0,068748829;-0,019086471;-0,068820735;-0,020462409;-0,068755284;-0,021836192;-0,068616496;-0,023207055;-0,068475867;-0,024575731;-0,068411038; 
1,738347935;0;0;-0,000155634;-0,015411594;-0,000610391;-0,029912271;-0,001346058;-0,043502862;-0,002344453;-0,056185693;-0,003587465;-0,067965522;-0,005057107;-0,078850487;-0,0067356;-0,088852943;-0,008605454;-0,097989998;-0,010649576;-0,106283668;-0,012851355;-0,113760561;-0,015194756;-0,120451163;-0,017664382;-0,126388861;-0,020245526;-0,131608951;-0,022924199;-0,13614788;-0,025687148;-0,140042923;-0,028521878;-0,143332378;-0,031416672;-0,146056159;-0,034360634;-0,148256519;-0,037343743;-0,149978528;-0,040356905;-0,151270056;-0,043392009;-0,152181243;-0,046441964;-0,152763883;-0,04950073;-0,153071469;-0,052563365;-0,153160583; 
1,759291886;0;0;-6,69E-05;-0,006653532;-0,000264855;-0,013114188;-0,000590137;-0,019381759;-0,001038834;-0,025455469;-0,001607051;-0,031333426;-0,002290842;-0,037011981;-0,003086162;-0,042485169;-0,003988823;-0,047744373;-0,004994436;-0,052778353;-0,006098366;-0,057573692;-0,007295694;-0,062115616;-0,008581201;-0,066389054;-0,009949371;-0,070379673;-0,011394416;-0,074074663;-0,012910313;-0,077463024;-0,01449083;-0,080535318;-0,016129561;-0,08328295;-0,017819926;-0,085697306;-0,01955517;-0,087769097;-0,021328339;-0,089488222;-0,023132277;-0,090844164;-0,024959615;-0,091826518;-0,026802778;-0,092424898;-0,028653974;-0,092627535; 
1,780235837;0;0;-1,52E-05;-0,001535199;-6,21E-05;-0,003168278;-0,000142567;-0,004898491;-0,000258637;-0,00672421;-0,000412156;-0,008642896;-0,000604951;-0,010651238;-0,000838777;-0,012745304;-0,001115304;-0,014920544;-0,001436104;-0,017171504;-0,001802623;-0,019491184;-0,002216147;-0,021870073;-0,002677734;-0,024294999;-0,003188135;-0,026748037;-0,003747688;-0,02920573;-0,004356202;-0,031638833;-0,005012847;-0,034012677;-0,005716053;-0,036288018;-0,006463427;-0,038422093;-0,007251693;-0,040369478;-0,008076644;-0,042082427;-0,008933092;-0,043510641;-0,009814817;-0,044600858;-0,0107145;-0,045297019;-0,011623687;-0,045541719; 
1,801179788;0;0;-9,01E-05;-0,00894494;-0,000355212;-0,017502001;-0,000787594;-0,025671715;-0,001379505;-0,033455123;-0,002123232;-0,040853556;-0,003011089;-0,047868235;-0,004035408;-0,054499813;-0,005188526;-0,06074805;-0,006462766;-0,066611764;-0,007850421;-0,072089126;-0,009343743;-0,077178291;-0,010934957;-0,081878217;-0,01261628;-0,086189435;-0,01437996;-0,090114529;-0,016218317;-0,093658081;-0,018123779;-0,096826015;-0,020088895;-0,099624439;-0,022106327;-0,102058293;-0,024168814;-0,104130205;-0,026269121;-0,105839917;-0,028399976;-0,107184322;-0,030554021;-0,108157755;-0,032723758;-0,108751766;-0,034901479;-0,108953644; 
1,822123739;0;0;-0,000161746;-0,01603458;-0,000635782;-0,031228971;-0,001405302;-0,045582883;-0,002453492;-0,059095942;-0,003763533;-0,071768159;-0,005318619;-0,083600628;-0,007101979;-0,094596292;-0,009096928;-0,104760609;-0,011286917;-0,114101954;-0,013655595;-0,122631671;-0,016186866;-0,130363798;-0,018864937;-0,137314584;-0,02167436;-0,143502036;-0,02460006;-0,148945756;-0,027627375;-0,153667289;-0,030742099;-0,157691081;-0,033930557;-0,161045935;-0,037179707;-0,163766655;-0,040477275;-0,165895469;-0,043811914;-0,167482851;-0,047173371;-0,168587673;-0,05055265;-0,169277043;-0,053942185;-0,169626607;-0,057336017;-0,169722064; 
1,84306769;0;0;-7,25E-05;-0,007162549;-0,000282876;-0,013781191;-0,000620164;-0,019857468;-0,001073582;-0,025394925;-0,001632408;-0,030399466;-0,002286062;-0,034879405;-0,003024157;-0,038845358;-0,003836535;-0,042310151;-0,004713322;-0,045288934;-0,005644971;-0,047799564;-0,006622324;-0,049863284;-0,007636691;-0,051505543;-0,008679938;-0,052756753;-0,009744592;-0,053652722;-0,010823951;-0,054234504;-0,01191218;-0,054547614;-0,013004388;-0,054640666;-0,014096674;-0,054563781;-0,015186142;-0,054367174;-0,016270893;-0,054100319;-0,01735001;-0,053811784;-0,018423539;-0,053549399;-0,019492473;-0,053359965;-0,02055872;-0,053287749; 
1,864011641;0;0;0,000168281;0,016680472;0,000661315;0,032475424;0,001461403;0,047386253;0,002550892;0,061416115;0,003912209;0,074570166;0,005527906;0,086855473;0,007380694;0,098280779;0,009453472;0,108856278;0,011729357;0,11859361;0,014191717;0,127506136;0,016824208;0,135609522;0,019610828;0,14292251;0,022535988;0,149467631;0,025584591;0,155271623;0,028742117;0,160365283;0,031994694;0,164782669;0,035329154;0,168559735;0,038733056;0,171732701;0,042194669;0,174336605;0,045702947;0,176404432;0,049247478;0,177966932;0,052818447;0,179052792;0,056406589;0,179688367;0,060003131;0,179896195; 
1,884955592;0;0;0,000295869;0,029339548;0,001163687;0,057194827;0,002573766;0,083565632;0,004496415;0,108451848;0,006901946;0,131854056;0,009760697;0,153774404;0,013043073;0,174217577;0,016719606;0,193191679;0,020761027;0,210708851;0,025138355;0,226785523;0,029822981;0,241442288;0,034786743;0,254703521;0,040002002;0,266596966;0,045441708;0,277153566;0,051079462;0,286407794;0,056889596;0,294398609;0,062847281;0,301170947;0,06892866;0,306777467;0,075111018;0,311280104;0,081372983;0,31475103;0,08769473;0,317272889;0,094058189;0,318938652;0,100447257;0,319851888;0,106848016;0,320128243; 
1,905899543;0;0;0,000187758;0,018614831;0,000738157;0,036264283;0,001631901;0,05294956;0,002849729;0,068673351;0,004372453;0,08343997;0,006180985;0,097255207;0,008256366;0,110126054;0,010579785;0,122060491;0,013132602;0,133067511;0,015896371;0,143157504;0,018852872;0,152342997;0,021984164;0,16063964;0,025272662;0,168067224;0,028701223;0,174650424;0,032253248;0,180419018;0,035912782;0,185407446;0,039664597;0,189653754;0,043494253;0,193198234;0,047388123;0,196082178;0,051333413;0,198347176;0,055318163;0,200035084;0,059331252;0,201188338;0,063362418;0,20184983;0,067402248;0,202061503; 
1,926843494;0;0;-5,37E-05;-0,005308511;-0,000209854;-0,010244111;-0,000460992;-0,014807771;-0,000799699;-0,0190016;-0,001218612;-0,022828869;-0,001710438;-0,026293771;-0,002267978;-0,029401092;-0,002884132;-0,03215597;-0,003551904;-0,034563942;-0,004264419;-0,036631372;-0,005014942;-0,038366295;-0,005796925;-0,039779541;-0,006604077;-0,040885945;-0,007430448;-0,041705304;-0,008270542;-0,042262852;-0,009119419;-0,042589051;-0,009972794;-0,04271878;-0,010827114;-0,042690169;-0,011679614;-0,042543532;-0,012528348;-0,042320799;-0,013372229;-0,042065614;-0,014211061;-0,041823757;-0,015045587;-0,041643107;-0,015877518;-0,041572294; 
1,947787445;0;0;-0,00017861;-0,017691978;-0,000700919;-0,034369978;-0,001546651;-0,050034347;-0,002695543;-0,06468631;-0,004127373;-0,078328835;-0,005822005;-0,090967678;-0,007759452;-0,102612428;-0,009919969;-0,113277374;-0,012284144;-0,122982015;-0,014833011;-0,131751084;-0,017548146;-0,13961407;-0,020411755;-0,146604356;-0,023406743;-0,152758194;-0,026516761;-0,158113824;-0,02972624;-0,162711033;-0,033020422;-0,166591318;-0,036385405;-0,169798653;-0,039808198;-0,172380573;-0,043276805;-0,174389178;-0,046780323;-0,175881619;-0,050309041;-0,176919927;-0,053854534;-0,177570506;-0,057409747;-0,177904094;-0,060969092;-0,177997049; 
1,968731396;0;0;-0,000107731;-0,010703493;-0,000425357;-0,020989558;-0,000944531;-0,030858347;-0,001656909;-0,040309923;-0,002554144;-0,049343778;-0,003627865;-0,057958173;-0,00486965;-0,066149461;-0,006270982;-0,073911574;-0,007823195;-0,081235879;-0,009517427;-0,088111506;-0,011344582;-0,094526193;-0,013295318;-0,10046753;-0,015360053;-0,105924379;-0,017529006;-0,110888163;-0,019792257;-0,115353731;-0,022139823;-0,119319582;-0,02456172;-0,122787489;-0,027048031;-0,125761731;-0,029588939;-0,128248386;-0,032174766;-0,130255081;-0,034796005;-0,131791365;-0,037443365;-0,1328694;-0,040107826;-0,133504135;-0,042780686;-0,133712104; 
1,989675347;0;0;-2,27E-05;-0,002273656;-9,09E-05;-0,004545004;-0,000204522;-0,006813531;-0,000363447;-0,009078261;-0,000567619;-0,011337976;-0,000816926;-0,013591659;-0,001111242;-0,015838957;-0,001450445;-0,018080512;-0,001834435;-0,020317938;-0,002263149;-0,022553322;-0,002736565;-0,024788231;-0,003254674;-0,027022283;-0,003817426;-0,02925154;-0,004424645;-0,031467003;-0,005075914;-0,033653534;-0,00577045;-0,03578939;-0,006506966;-0,037846404;-0,007283555;-0,039790554;-0,008097574;-0,041582513;-0,008945545;-0,043177769;-0,009823041;-0,044526129;-0,010724568;-0,045570927;-0,011643433;-0,046248761;-0,012571613;-0,046490641; 
2,010619298;0;0;-4,45E-05;-0,004445347;-0,000177571;-0,008854206;-0,000398439;-0,013226455;-0,000706381;-0,017561438;-0,001100635;-0,021857253;-0,001580383;-0,026109853;-0,002144695;-0,030312114;-0,00279246;-0,034453069;-0,003522308;-0,038517503;-0,004332522;-0,042486048;-0,005220959;-0,046335829;-0,006184995;-0,050041581;-0,007221487;-0,053577012;-0,008326766;-0,05691613;-0,009496658;-0,060034209;-0,010726507;-0,062908179;-0,012011213;-0,065516421;-0,013345254;-0,067838194;-0,014722695;-0,06985309;-0,016137197;-0,071540945;-0,017582023;-0,072882382;-0,019050064;-0,073859667;-0,020533877;-0,074457045;-0,022025715;-0,07465965; 
2,031563249;0;0;-0,000138052;-0,013672436;-0,000541587;-0,026548381;-0,001194678;-0,038627936;-0,0020814;-0,049911736;-0,003185855;-0,060401721;-0,004492204;-0,070102138;-0,005984726;-0,079020618;-0,007647894;-0,087169123;-0,00946647;-0,094564571;-0,011425603;-0,101228975;-0,013510932;-0,107189045;-0,015708672;-0,112475302;-0,018005673;-0,117120918;-0,020389468;-0,121160559;-0,022848291;-0,124629555;-0,025371084;-0,1275636;-0,027947511;-0,129999035;-0,030567972;-0,131973474;-0,033223639;-0,133526398;-0,035906494;-0,134699262;-0,038609362;-0,135534964;-0,041325934;-0,136076964;-0,044050773;-0,136368913;-0,046779322;-0,136455718; 
2,0525072;0;0;-8,56E-05;-0,008473694;-0,000335367;-0,016410264;-0,00073847;-0,023810982;-0,001284252;-0,030678665;-0,001962093;-0,037017781;-0,002761478;-0,042834203;-0,003672022;-0,048134763;-0,004683479;-0,052926827;-0,005785756;-0,057218083;-0,006968918;-0,061016711;-0,008223202;-0,064332035;-0,009539053;-0,067175585;-0,01090718;-0,069562417;-0,012318636;-0,071512403;-0,013764933;-0,073051187;-0,015238153;-0,074210591;-0,016731078;-0,075028443;-0,018237301;-0,075548023;-0,019751331;-0,075817542;-0,021268689;-0,075890088;-0,022786011;-0,075824222;-0,024301167;-0,075684915;-0,025813395;-0,075543991;-0,027323432;-0,075479108; 
2,073451151;0;0;0,000120941;0,012001349;0,000476345;0,023446316;0,001055092;0,034336114;0,001846105;0,044673356;0,002838369;0,054462006;0,00402096;0,063706926;0,005383055;0,072413167;0,006913926;0,080585214;0,008602925;0,088226407;0,010439457;0,095338708;0,012412953;0,101922917;0,014512855;0,107979332;0,016728612;0,113508666;0,019049701;0,118512987;0,021465658;0,122996372;0,023966124;0,126965065;0,026540883;0,130427085;0,02917989;0,133391513;0,031873289;0,135867829;0,034611414;0,137865765;0,0373848;0,139395843;0,04018421;0,140470312;0,043000671;0,141103606;0,045825517;0,141311352; 
