Time (s);v0;u1;v1;u2;v2;u3;v3;u4;v4;u5;v5;u6;v6;u7;v7;u8;v8;u9;v9;u10;v10;u11;v11;u12;v12;u13;v13;u14;v14;u15;v15;u16;v16;u17;v17;u18;v18;u19;v19;u20;v20;u21;v21;u22;v22;u23;v23;v24;adv;
0;0;0;0;0;0;0;0;0;0;0;0;0;0;0;0;0;0;0;0;0;0;0;0;0;0;0;0;0;0;0;0;0;0;0;0;0;0;0;0;0;0;0;0;0;0;0;0;0;0; 
0,020943951;-0,000105861;-2,09E-06;-0,000102327;-4,05E-06;-9,17E-05;-5,72E-06;-7,40E-05;-6,96E-06;-4,92E-05;-7,64E-06;-1,73E-05;-7,61E-06;2,17E-05;-6,68E-06;7,48E-05;-4,47E-06;0,000148757;-5,86E-07;0,000243602;5,41E-06;0,00035935;1,39E-05;0,000495993;2,54E-05;0,000653494;3,88E-05;0,00062659;4,92E-05;0,000415416;5,56E-05;0,000225252;5,84E-05;5,59E-05;5,80E-05;-9,29E-05;5,48E-05;-0,000221231;4,93E-05;-0,000329441;4,17E-05;-0,00041768;3,27E-05;-0,00048612;2,24E-05;-0,000534902;1,14E-05;-0,000564128;-0,000573863;-7,17E-06; 
0,041887902;-0,000223406;-4,42E-06;-0,000215932;-8,54E-06;-0,000193516;-1,21E-05;-0,000156182;-1,47E-05;-0,000103963;-1,61E-05;-3,69E-05;-1,61E-05;4,49E-05;-1,43E-05;0,000129383;-1,10E-05;0,000204231;-6,20E-06;0,000269451;-2,38E-07;0,000325036;6,74E-06;0,000371034;1,45E-05;0,000407579;2,25E-05;0,000364441;2,86E-05;0,000250059;3,26E-05;0,000143513;3,44E-05;4,55E-05;3,44E-05;-4,33E-05;3,28E-05;-0,000122124;2,96E-05;-0,00019022;2,52E-05;-0,000246939;1,98E-05;-0,0002917;1,37E-05;-0,000324026;6,96E-06;-0,000343566;-0,000350103;-1,68E-05; 
0,062831853;-1,01E-05;-2,08E-07;-1,10E-05;-4,53E-07;-1,38E-05;-7,74E-07;-1,86E-05;-1,21E-06;-2,52E-05;-1,80E-06;-3,38E-05;-2,57E-06;-4,42E-05;-3,60E-06;-6,01E-05;-5,04E-06;-8,50E-05;-7,06E-06;-0,000118958;-9,86E-06;-0,00016191;-1,36E-05;-0,000213986;-1,85E-05;-0,000275383;-2,41E-05;-0,000264261;-2,85E-05;-0,000177511;-3,13E-05;-9,45E-05;-3,24E-05;-1,61E-05;-3,19E-05;5,64E-05;-3,01E-05;0,000121957;-2,71E-05;0,000179555;-2,30E-05;0,000228168;-1,81E-05;0,000266933;-1,24E-05;0,000295146;-6,32E-06;0,000312287;0,000318036;-2,99E-06; 
0,083775804;0,000313447;6,21E-06;0,000304647;1,21E-05;0,000278255;1,72E-05;0,000234287;2,13E-05;0,000172768;2,40E-05;9,37E-05;2,50E-05;-2,81E-06;2,38E-05;-0,000110941;2,05E-05;-0,000224797;1,48E-05;-0,000344394;6,67E-06;-0,000469745;-4,03E-06;-0,000600814;-1,74E-05;-0,000737442;-3,23E-05;-0,000685628;-4,36E-05;-0,000456504;-5,07E-05;-0,000254543;-5,40E-05;-7,86E-05;-5,40E-05;7,27E-05;-5,13E-05;0,000200569;-4,61E-05;0,00030631;-3,91E-05;0,000391083;-3,06E-05;0,0004559;-2,10E-05;0,000501586;-1,07E-05;0,000528749;0,000537762;2,56E-05; 
0,104719755;0,000409678;8,10E-06;0,000396068;1,57E-05;0,000355235;2,21E-05;0,000287175;2,70E-05;0,000191884;2,96E-05;6,94E-05;2,96E-05;-8,04E-05;2,63E-05;-0,000243711;1,98E-05;-0,000407107;1,00E-05;-0,000570397;-3,00E-06;-0,000733425;-1,93E-05;-0,000896078;-3,88E-05;-0,001058376;-6,00E-05;-0,000977723;-7,64E-05;-0,000665883;-8,68E-05;-0,000377869;-9,17E-05;-0,000114956;-9,16E-05;0,000121441;-8,70E-05;0,000329876;-7,86E-05;0,000508949;-6,69E-05;0,000657378;-5,25E-05;0,000774048;-3,61E-05;0,000858054;-1,84E-05;0,00090873;0,000925668;3,01E-05; 
0,125663706;9,47E-05;1,87E-06;9,17E-05;3,63E-06;8,25E-05;5,13E-06;6,72E-05;6,27E-06;4,59E-05;6,93E-06;1,86E-05;6,98E-06;-1,46E-05;6,26E-06;-6,13E-05;4,39E-06;-0,000128927;9,58E-07;-0,000217786;-4,46E-06;-0,000328104;-1,23E-05;-0,00046015;-2,30E-05;-0,000614098;-3,57E-05;-0,000586645;-4,53E-05;-0,000379545;-5,10E-05;-0,000197389;-5,33E-05;-3,91E-05;-5,27E-05;9,67E-05;-4,96E-05;0,00021125;-4,44E-05;0,000305767;-3,75E-05;0,000381418;-2,93E-05;0,000439185;-2,01E-05;0,000479864;-1,02E-05;0,000504036;0,000512053;6,87E-06; 
0,146607657;-4,45E-05;-8,83E-07;-4,33E-05;-1,72E-06;-3,96E-05;-2,45E-06;-3,36E-05;-3,04E-06;-2,53E-05;-3,45E-06;-1,49E-05;-3,63E-06;-2,57E-06;-3,60E-06;2,13E-06;-3,65E-06;-1,03E-05;-4,12E-06;-3,95E-05;-5,35E-06;-8,53E-05;-7,65E-06;-0,00014724;-1,13E-05;-0,00022489;-1,62E-05;-0,000232462;-2,01E-05;-0,000163053;-2,27E-05;-9,58E-05;-2,40E-05;-3,18E-05;-2,40E-05;2,81E-05;-2,29E-05;8,26E-05;-2,07E-05;0,00013065;-1,77E-05;0,000171375;-1,39E-05;0,000203923;-9,62E-06;0,000227642;-4,91E-06;0,000242063;0,000246902;-4,69E-06; 
0,167551608;3,18E-05;6,27E-07;3,04E-05;1,20E-06;2,61E-05;1,65E-06;1,90E-05;1,94E-06;9,42E-06;2,01E-06;-2,56E-06;1,82E-06;-1,67E-05;1,40E-06;-2,28E-05;1,03E-06;-1,06E-05;1,09E-06;1,95E-05;1,93E-06;6,72E-05;3,89E-06;0,000131725;7,31E-06;0,000212566;1,19E-05;0,000224025;1,58E-05;0,000159331;1,83E-05;9,74E-05;1,97E-05;3,90E-05;1,99E-05;-1,50E-05;1,91E-05;-6,38E-05;1,74E-05;-0,000106478;1,49E-05;-0,000142416;1,18E-05;-0,000170979;8,12E-06;-0,000191707;4,14E-06;-0,000204272;-0,000208482;2,90E-06; 
0,188495559;-0,00010399;-2,05E-06;-9,90E-05;-3,90E-06;-8,42E-05;-5,35E-06;-5,97E-05;-6,22E-06;-2,56E-05;-6,32E-06;1,78E-05;-5,45E-06;7,04E-05;-3,42E-06;0,000134571;2,82E-08;0,000212749;5,18E-06;0,000305339;1,23E-05;0,000412961;2,18E-05;0,000536399;3,39E-05;0,000676457;4,76E-05;0,00063167;5,80E-05;0,000405591;6,40E-05;0,000203405;6,63E-05;2,46E-05;6,52E-05;-0,000131497;6,11E-05;-0,000265493;5,47E-05;-0,000377973;4,62E-05;-0,000469418;3,60E-05;-0,000540198;2,47E-05;-0,000590581;1,25E-05;-0,000620745;-0,000630789;-5,56E-06; 
0,20943951;-0,000338154;-6,70E-06;-0,000328926;-1,30E-05;-0,000301195;-1,86E-05;-0,000254821;-2,31E-05;-0,0001896;-2,61E-05;-0,000105309;-2,72E-05;-1,76E-06;-2,60E-05;0,000118937;-2,23E-05;0,000254486;-1,58E-05;0,000404474;-6,06E-06;0,000568226;7,05E-06;0,000744878;2,38E-05;0,000933535;4,28E-05;0,000886094;5,77E-05;0,000608887;6,73E-05;0,000356118;7,21E-05;0,000128269;7,26E-05;-7,41E-05;6,94E-05;-0,000250376;6,28E-05;-0,000400149;5,35E-05;-0,000523042;4,21E-05;-0,000618807;2,90E-05;-0,000687292;1,48E-05;-0,000728409;-0,000742119;-2,72E-05; 
0,230383461;-0,000385034;-7,61E-06;-0,000371659;-1,47E-05;-0,000331597;-2,07E-05;-0,000265024;-2,51E-05;-0,000172203;-2,74E-05;-5,34E-05;-2,71E-05;9,10E-05;-2,37E-05;0,000243202;-1,74E-05;0,000385485;-8,37E-06;0,000518183;3,25E-06;0,000641924;1,73E-05;0,000757541;3,35E-05;0,000865925;5,06E-05;0,00077896;6,35E-05;0,000513534;7,13E-05;0,000274884;7,46E-05;6,26E-05;7,40E-05;-0,000123961;6,99E-05;-0,000285122;6,27E-05;-0,000421262;5,32E-05;-0,000532587;4,16E-05;-0,000619189;2,86E-05;-0,000681082;1,45E-05;-0,000718239;-0,000730629;-2,81E-05; 
0,251327412;2,78E-05;5,44E-07;2,61E-05;1,02E-06;2,10E-05;1,36E-06;1,26E-05;1,51E-06;1,35E-06;1,40E-06;-1,26E-05;9,85E-07;-2,90E-05;2,92E-07;-3,71E-05;-3,71E-07;-2,61E-05;-6,26E-07;3,63E-06;-1,05E-07;5,14E-05;1,55E-06;0,000116538;4,67E-06;0,000198152;9,01E-06;0,000211035;1,26E-05;0,000148955;1,50E-05;9,08E-05;1,63E-05;3,73E-05;1,65E-05;-1,10E-05;1,59E-05;-5,34E-05;1,44E-05;-8,95E-05;1,23E-05;-0,000119158;9,71E-06;-0,000142177;6,69E-06;-0,00015857;3,41E-06;-0,000168377;-0,00017164;1,30E-06; 
0,272271363;0,000212813;4,22E-06;0,000207015;8,20E-06;0,000189576;1,17E-05;0,000160368;1,45E-05;0,000119202;1,64E-05;6,59E-05;1,71E-05;1,74E-07;1,64E-05;-7,03E-05;1,43E-05;-0,000137802;1,09E-05;-0,00020199;6,24E-06;-0,000262297;4,33E-07;-0,000318012;-6,44E-06;-0,000368452;-1,38E-05;-0,000340584;-1,96E-05;-0,00024042;-2,34E-05;-0,000147123;-2,55E-05;-6,16E-05;-2,60E-05;1,52E-05;-2,50E-05;8,27E-05;-2,27E-05;0,000140085;-1,94E-05;0,000187194;-1,53E-05;0,000223828;-1,06E-05;0,000249954;-5,38E-06;0,000265602;0,000270811;1,83E-05; 
0,293215314;0,000144148;2,85E-06;0,000139172;5,50E-06;0,000124286;7,76E-06;9,96E-05;9,42E-06;6,53E-05;1,03E-05;2,16E-05;1,02E-05;-3,13E-05;8,97E-06;-9,66E-05;6,25E-06;-0,00017768;1,76E-06;-0,000274746;-4,84E-06;-0,000388276;-1,39E-05;-0,000518833;-2,57E-05;-0,000666915;-3,93E-05;-0,000631014;-4,98E-05;-0,000414476;-5,61E-05;-0,000221803;-5,88E-05;-5,18E-05;-5,83E-05;9,65E-05;-5,51E-05;0,000224154;-4,95E-05;0,000331738;-4,19E-05;0,000419642;-3,28E-05;0,000488036;-2,25E-05;0,000536948;-1,15E-05;0,000566333;0,000576135;9,13E-06; 
0,314159265;0,00012368;2,44E-06;0,000118782;4,69E-06;0,000104047;6,54E-06;7,94E-05;7,79E-06;4,45E-05;8,25E-06;-6,13E-07;7,70E-06;-5,63E-05;5,88E-06;-0,000129589;2,35E-06;-0,000227355;-3,38E-06;-0,000349435;-1,18E-05;-0,000495497;-2,34E-05;-0,000665142;-3,85E-05;-0,00085807;-5,61E-05;-0,000818715;-6,97E-05;-0,000546126;-7,81E-05;-0,000295532;-8,17E-05;-6,84E-05;-8,10E-05;0,000134019;-7,65E-05;0,000310542;-6,88E-05;0,000460432;-5,83E-05;0,000583228;-4,56E-05;0,000678719;-3,13E-05;0,000746867;-1,59E-05;0,000787715;0,000801322;8,20E-06; 
0,335103216;0,000274937;5,45E-06;0,000267082;1,06E-05;0,000243551;1,51E-05;0,000204436;1,87E-05;0,000149883;2,10E-05;8,01E-05;2,18E-05;-4,86E-06;2,07E-05;-0,00010169;1,76E-05;-0,000207367;1,23E-05;-0,000322038;4,69E-06;-0,000445982;-5,55E-06;-0,000579523;-1,86E-05;-0,000722855;-3,32E-05;-0,00067921;-4,45E-05;-0,000456623;-5,17E-05;-0,000259162;-5,51E-05;-8,53E-05;-5,52E-05;6,64E-05;-5,25E-05;0,000197021;-4,75E-05;0,000307252;-4,04E-05;0,000397486;-3,17E-05;0,000467831;-2,18E-05;0,000518226;-1,11E-05;0,000548542;0,000558662;2,10E-05; 
0,356047167;0,00025347;5,01E-06;0,000244801;9,68E-06;0,000218776;1,36E-05;0,000175342;1,66E-05;0,000114419;1,81E-05;3,59E-05;1,79E-05;-6,02E-05;1,57E-05;-0,000158545;1,16E-05;-0,000243362;6,04E-06;-0,000314492;-8,46E-07;-0,000371622;-8,73E-06;-0,000414427;-1,73E-05;-0,000442736;-2,59E-05;-0,000388352;-3,24E-05;-0,000262258;-3,64E-05;-0,000144433;-3,82E-05;-3,65E-05;-3,80E-05;6,02E-05;-3,59E-05;0,000144488;-3,23E-05;0,000215817;-2,74E-05;0,000273895;-2,14E-05;0,000318735;-1,47E-05;0,000350515;-7,47E-06;0,000369463;0,000375756;1,97E-05; 
0,376991118;-0,000159444;-3,15E-06;-0,000153626;-6,07E-06;-0,000136155;-8,52E-06;-0,000106976;-1,03E-05;-6,60E-05;-1,11E-05;-1,32E-05;-1,07E-05;5,17E-05;-8,99E-06;0,000119807;-5,96E-06;0,000182477;-1,73E-06;0,000239482;3,58E-06;0,000290504;9,85E-06;0,000335198;1,69E-05;0,000373357;2,43E-05;0,00033274;2,98E-05;0,000220262;3,31E-05;0,000115799;3,45E-05;2,08E-05;3,40E-05;-6,34E-05;3,20E-05;-0,000136176;2,87E-05;-0,000197032;2,42E-05;-0,000246031;1,89E-05;-0,000283466;1,29E-05;-0,000309762;6,58E-06;-0,000325338;-0,000330494;-1,18E-05; 
0,397935069;-0,00036398;-7,21E-06;-0,000353242;-1,40E-05;-0,000321051;-1,99E-05;-0,000267487;-2,45E-05;-0,000192668;-2,75E-05;-9,67E-05;-2,83E-05;2,02E-05;-2,66E-05;0,000147932;-2,24E-05;0,00027662;-1,55E-05;0,0004064;-6,09E-06;0,000537607;5,99E-06;0,000670642;2,08E-05;0,000805819;3,69E-05;0,000749289;4,95E-05;0,000512024;5,76E-05;0,000298316;6,16E-05;0,00010699;6,20E-05;-6,28E-05;5,92E-05;-0,000211495;5,37E-05;-0,000338974;4,58E-05;-0,000444792;3,60E-05;-0,000528247;2,48E-05;-0,000588569;1,27E-05;-0,000625075;-0,000637298;-2,88E-05; 
0,41887902;-0,000221689;-4,38E-06;-0,000214304;-8,47E-06;-0,000192128;-1,20E-05;-0,000155098;-1,46E-05;-0,000103118;-1,60E-05;-3,61E-05;-1,59E-05;4,61E-05;-1,40E-05;0,000144423;-1,00E-05;0,000259629;-3,55E-06;0,000391467;5,74E-06;0,000539486;1,81E-05;0,000703136;3,40E-05;0,000881931;5,19E-05;0,000827274;6,55E-05;0,000545167;7,38E-05;0,000290513;7,73E-05;6,42E-05;7,66E-05;-0,00013321;7,22E-05;-0,00030171;6,47E-05;-0,000441756;5,47E-05;-0,000554192;4,27E-05;-0,000640072;2,93E-05;-0,000700469;1,49E-05;-0,000736298;-0,00074817;-1,56E-05; 
0,439822972;-6,10E-05;-1,20E-06;-5,81E-05;-2,29E-06;-4,95E-05;-3,14E-06;-3,51E-05;-3,65E-06;-1,50E-05;-3,71E-06;1,06E-05;-3,19E-06;4,18E-05;-1,94E-06;8,68E-05;4,33E-07;0,000154432;4,39E-06;0,000244905;1,04E-05;0,00035884;1,89E-05;0,000496953;3,04E-05;0,000659944;4,41E-05;0,000639149;5,47E-05;0,000430784;6,14E-05;0,000239709;6,44E-05;6,54E-05;6,41E-05;-9,22E-05;6,09E-05;-0,000232736;5,50E-05;-0,000355198;4,68E-05;-0,000458292;3,68E-05;-0,000540538;2,53E-05;-0,000600504;1,29E-05;-0,000637005;-0,000649263;-3,25E-06; 
0,460766923;-0,000113654;-2,26E-06;-0,000110948;-4,40E-06;-0,000102811;-6,33E-06;-8,92E-05;-7,93E-06;-7,00E-05;-9,09E-06;-4,51E-05;-9,70E-06;-1,44E-05;-9,63E-06;2,15E-05;-8,81E-06;6,19E-05;-7,13E-06;0,000106417;-4,53E-06;0,000154423;-9,35E-07;0,000205102;3,69E-06;0,000257622;8,89E-06;0,000238174;1,28E-05;0,000152008;1,51E-05;7,80E-05;1,60E-05;1,64E-05;1,58E-05;-3,29E-05;1,47E-05;-7,09E-05;1,30E-05;-9,86E-05;1,08E-05;-0,0001179;8,35E-06;-0,000130466;5,66E-06;-0,000138021;2,86E-06;-0,00014195;-0,000143155;-8,80E-06; 
0,481710874;-9,48E-05;-1,87E-06;-9,12E-05;-3,60E-06;-8,04E-05;-5,04E-06;-6,24E-05;-6,05E-06;-3,74E-05;-6,49E-06;-5,57E-06;-6,23E-06;3,30E-05;-5,22E-06;6,36E-05;-3,83E-06;7,15E-05;-2,51E-06;5,72E-05;-1,69E-06;2,12E-05;-1,80E-06;-3,55E-05;-3,25E-06;-0,00011213;-5,86E-06;-0,000124948;-7,79E-06;-6,93E-05;-8,70E-06;-2,39E-05;-8,81E-06;1,11E-05;-8,32E-06;3,62E-05;-7,43E-06;5,23E-05;-6,28E-06;6,11E-05;-5,02E-06;6,45E-05;-3,72E-06;6,44E-05;-2,45E-06;6,28E-05;-1,21E-06;6,11E-05;6,05E-05;-8,32E-06; 
0,502654825;0,00026382;5,21E-06;0,000254348;1,00E-05;0,000225954;1,41E-05;0,000178699;1,71E-05;0,00011268;1,85E-05;2,80E-05;1,81E-05;-7,52E-05;1,54E-05;-0,000189366;1,05E-05;-0,000306977;3,12E-06;-0,000428434;-6,70E-06;-0,000554387;-1,91E-05;-0,000685695;-3,42E-05;-0,000823276;-5,07E-05;-0,000767842;-6,36E-05;-0,000525007;-7,19E-05;-0,000299992;-7,57E-05;-9,27E-05;-7,57E-05;9,62E-05;-7,20E-05;0,000265892;-6,52E-05;0,000414534;-5,56E-05;0,000540165;-4,37E-05;0,000640671;-3,02E-05;0,000714085;-1,54E-05;0,000758822;0,000773853;1,97E-05; 
0,523598776;0,000423674;8,39E-06;0,000411295;1,63E-05;0,00037415;2,32E-05;0,000312216;2,86E-05;0,000225458;3,20E-05;0,000113835;3,30E-05;-2,27E-05;3,10E-05;-0,000173291;2,60E-05;-0,000327088;1,79E-05;-0,000483653;6,68E-06;-0,000642338;-7,76E-06;-0,000802319;-2,54E-05;-0,000962746;-4,47E-05;-0,000885403;-5,94E-05;-0,000586646;-6,84E-05;-0,000320877;-7,24E-05;-8,83E-05;-7,21E-05;0,000111217;-6,82E-05;0,000278744;-6,12E-05;0,000415719;-5,17E-05;0,000524001;-4,04E-05;0,000605576;-2,77E-05;0,000662302;-1,41E-05;0,000695684;0,000706699;3,28E-05; 
0,544542727;0,000198686;3,93E-06;0,00019184;7,58E-06;0,000171311;1,07E-05;0,000137126;1,30E-05;8,93E-05;1,42E-05;2,80E-05;1,40E-05;-4,69E-05;1,22E-05;-0,000134214;8,56E-06;-0,000233177;2,81E-06;-0,000344072;-5,29E-06;-0,000467425;-1,60E-05;-0,000603924;-2,95E-05;-0,000754263;-4,49E-05;-0,000715565;-5,69E-05;-0,000489793;-6,46E-05;-0,000281771;-6,83E-05;-9,10E-05;-6,84E-05;8,23E-05;-6,51E-05;0,000237546;-5,90E-05;0,000373339;-5,03E-05;0,000487985;-3,96E-05;0,000579636;-2,73E-05;0,00064655;-1,39E-05;0,000687314;0,000701009;1,47E-05; 
0,565486678;-7,77E-05;-1,54E-06;-7,59E-05;-3,01E-06;-7,04E-05;-4,33E-06;-6,13E-05;-5,44E-06;-4,85E-05;-6,25E-06;-3,23E-05;-6,71E-06;-1,26E-05;-6,80E-06;6,29E-07;-6,79E-06;-2,47E-06;-7,00E-06;-2,17E-05;-7,76E-06;-5,66E-05;-9,37E-06;-0,000106718;-1,21E-05;-0,000171529;-1,58E-05;-0,00016897;-1,84E-05;-9,61E-05;-1,97E-05;-3,25E-05;-1,98E-05;2,11E-05;-1,89E-05;6,45E-05;-1,73E-05;9,80E-05;-1,51E-05;0,000122538;-1,24E-05;0,000139611;-9,51E-06;0,00015074;-6,42E-06;0,000157428;-3,23E-06;0,000160902;0,000161967;-7,69E-06; 
0,586430629;-8,44E-05;-1,66E-06;-8,09E-05;-3,19E-06;-7,07E-05;-4,45E-06;-5,36E-05;-5,29E-06;-2,98E-05;-5,59E-06;9,23E-07;-5,21E-06;3,85E-05;-4,03E-06;8,00E-05;-2,00E-06;0,000122529;8,80E-07;0,000165869;4,63E-06;0,000209698;9,27E-06;0,000253598;1,48E-05;0,000297224;2,07E-05;0,000266367;2,50E-05;0,000166032;2,74E-05;7,60E-05;2,81E-05;-2,64E-06;2,73E-05;-6,92E-05;2,54E-05;-0,000123754;2,25E-05;-0,000166919;1,88E-05;-0,000199751;1,45E-05;-0,000223507;9,90E-06;-0,00023942;5,01E-06;-0,000248517;-0,000251471;-5,49E-06; 
0,60737458;-3,24E-05;-6,43E-07;-3,18E-05;-1,26E-06;-3,01E-05;-1,84E-06;-2,72E-05;-2,35E-06;-2,32E-05;-2,76E-06;-1,78E-05;-3,05E-06;-1,13E-05;-3,10E-06;1,12E-05;-2,40E-06;6,42E-05;-3,31E-07;0,0001479;3,72E-06;0,000262657;1,04E-05;0,00040879;2,03E-05;0,000586557;3,27E-05;0,000584969;4,24E-05;0,000397712;4,87E-05;0,000228742;5,17E-05;7,67E-05;5,19E-05;-5,94E-05;4,94E-05;-0,000179656;4,48E-05;-0,000283786;3,82E-05;-0,000370995;3,01E-05;-0,000440288;2,07E-05;-0,000490657;1,06E-05;-0,000521254;-0,000531517;-1,62E-06; 
0,628318531;-0,000289861;-5,73E-06;-0,00027938;-1,10E-05;-0,00024795;-1,55E-05;-0,000195594;-1,87E-05;-0,000122338;-2,03E-05;-2,82E-05;-1,97E-05;8,69E-05;-1,67E-05;0,00021598;-1,10E-05;0,000352192;-2,56E-06;0,000495397;8,84E-06;0,000645357;2,33E-05;0,000801772;4,10E-05;0,000964442;6,03E-05;0,000888764;7,50E-05;0,00058493;8,39E-05;0,000308565;8,75E-05;6,12E-05;8,65E-05;-0,000155928;8,15E-05;-0,000342508;7,30E-05;-0,000498605;6,17E-05;-0,000624751;4,82E-05;-0,000721703;3,31E-05;-0,000790254;1,68E-05;-0,000831083;-0,00084464;-2,09E-05; 
0,649262482;-0,000369415;-7,32E-06;-0,000358992;-1,42E-05;-0,000327722;-2,03E-05;-0,000275605;-2,51E-05;-0,000202662;-2,83E-05;-0,000108946;-2,93E-05;5,45E-06;-2,80E-05;0,000131249;-2,41E-05;0,000259198;-1,76E-05;0,000389371;-8,47E-06;0,000521985;3,32E-06;0,000657351;1,78E-05;0,000795719;3,39E-05;0,000743162;4,64E-05;0,000510402;5,44E-05;0,000301309;5,86E-05;0,000114354;5,92E-05;-5,15E-05;5,66E-05;-0,000196753;5,14E-05;-0,000321257;4,39E-05;-0,000424543;3,46E-05;-0,000505923;2,39E-05;-0,000564678;1,22E-05;-0,000600201;-0,000612089;-2,91E-05; 
0,670206433;-9,88E-05;-1,95E-06;-9,50E-05;-3,75E-06;-8,36E-05;-5,24E-06;-6,46E-05;-6,28E-06;-3,80E-05;-6,71E-06;-3,87E-06;-6,39E-06;3,80E-05;-5,17E-06;8,40E-05;-3,02E-06;0,000130756;6,63E-08;0,000178033;4,10E-06;0,000225531;9,09E-06;0,000272805;1,50E-05;0,000319456;2,14E-05;0,000290181;2,61E-05;0,000189012;2,90E-05;9,59E-05;3,00E-05;1,24E-05;2,95E-05;-6,06E-05;2,77E-05;-0,00012254;2,47E-05;-0,00017358;2,08E-05;-0,000214109;1,62E-05;-0,000244729;1,11E-05;-0,000266062;5,63E-06;-0,000278631;-0,000282781;-7,53E-06; 
0,691150384;0,000247367;4,90E-06;0,000239768;9,49E-06;0,00021698;1,35E-05;0,000179015;1,65E-05;0,000125882;1,84E-05;5,76E-05;1,87E-05;-2,60E-05;1,73E-05;-0,000112516;1,43E-05;-0,000189736;9,82E-06;-0,000257405;4,08E-06;-0,000315078;-2,71E-06;-0,000362141;-1,03E-05;-0,000397986;-1,81E-05;-0,000353567;-2,40E-05;-0,000239158;-2,77E-05;-0,000134522;-2,95E-05;-4,09E-05;-2,94E-05;4,08E-05;-2,79E-05;0,000110272;-2,51E-05;0,000167697;-2,13E-05;0,000213504;-1,66E-05;0,000248288;-1,14E-05;0,000272638;-5,80E-06;0,00028704;0,000291804;2,04E-05; 
0,712094335;0,000248142;4,91E-06;0,000239755;9,48E-06;0,000214596;1,34E-05;0,000172686;1,63E-05;0,000114072;1,78E-05;3,88E-05;1,77E-05;-5,29E-05;1,56E-05;-0,0001557;1,15E-05;-0,000264175;5,03E-06;-0,000378573;-3,73E-06;-0,000499399;-1,50E-05;-0,000627394;-2,89E-05;-0,000763359;-4,43E-05;-0,000710143;-5,61E-05;-0,00047523;-6,34E-05;-0,000263058;-6,67E-05;-7,26E-05;-6,65E-05;9,67E-05;-6,30E-05;0,000244995;-5,68E-05;0,000371991;-4,83E-05;0,000477124;-3,79E-05;0,000559748;-2,60E-05;0,000619254;-1,33E-05;0,00065516;0,000667164;1,75E-05; 
0,733038286;8,25E-05;1,64E-06;8,02E-05;3,18E-06;7,34E-05;4,54E-06;6,20E-05;5,63E-06;4,58E-05;6,34E-06;2,49E-05;6,59E-06;-8,88E-07;6,18E-06;-4,61E-05;4,52E-06;-0,000125197;9,46E-07;-0,000237781;-5,21E-06;-0,000383327;-1,46E-05;-0,00056098;-2,79E-05;-0,00076978;-4,39E-05;-0,000751145;-5,64E-05;-0,000501294;-6,41E-05;-0,000275055;-6,75E-05;-7,33E-05;-6,72E-05;0,000103465;-6,36E-05;0,000255195;-5,71E-05;0,00038221;-4,84E-05;0,000485041;-3,79E-05;0,000564282;-2,60E-05;0,000620468;-1,32E-05;0,000654011;0,000665163;5,99E-06; 
0,753982237;0,000214894;4,24E-06;0,000206677;8,16E-06;0,00018203;1,14E-05;0,000140973;1,37E-05;8,36E-05;1,46E-05;9,85E-06;1,40E-05;-8,00E-05;1,14E-05;-0,000180331;6,73E-06;-0,000285404;-7,26E-08;-0,000395586;-9,13E-06;-0,000511538;-2,06E-05;-0,000634231;-3,46E-05;-0,000764764;-4,99E-05;-0,000706009;-6,16E-05;-0,00046547;-6,87E-05;-0,000247892;-7,16E-05;-5,25E-05;-7,09E-05;0,000121052;-6,70E-05;0,000272821;-6,02E-05;0,000402455;-5,10E-05;0,000509452;-3,99E-05;0,000593285;-2,74E-05;0,000653499;-1,40E-05;0,00068976;0,000701869;1,42E-05; 
0,774926188;0,000222271;4,41E-06;0,000216832;8,60E-06;0,000200523;1,24E-05;0,000173354;1,55E-05;0,000135323;1,77E-05;8,64E-05;1,88E-05;2,66E-05;1,87E-05;-3,85E-05;1,73E-05;-0,000103029;1,46E-05;-0,000166573;1,07E-05;-0,000228451;5,49E-06;-0,000287652;-8,24E-07;-0,00034304;-7,72E-06;-0,00032124;-1,32E-05;-0,000228234;-1,69E-05;-0,000143292;-1,90E-05;-6,73E-05;-1,97E-05;-6,51E-07;-1,91E-05;5,64E-05;-1,75E-05;0,000103949;-1,50E-05;0,000142374;-1,18E-05;0,000171948;-8,16E-06;0,000192917;-4,16E-06;0,000205442;0,000209608;1,91E-05; 
0,795870139;-2,61E-05;-5,22E-07;-2,62E-05;-1,05E-06;-2,64E-05;-1,58E-06;-2,67E-05;-2,12E-06;-2,73E-05;-2,67E-06;-2,79E-05;-3,24E-06;-2,86E-05;-3,76E-06;-2,17E-05;-4,00E-06;3,29E-07;-3,65E-06;3,72E-05;-2,42E-06;8,82E-05;-3,43E-08;0,000152526;3,76E-06;0,000229044;8,65E-06;0,000234675;1,27E-05;0,000165686;1,53E-05;0,000101478;1,67E-05;4,31E-05;1,71E-05;-8,86E-06;1,64E-05;-5,39E-05;1,50E-05;-9,20E-05;1,28E-05;-0,00012311;1,01E-05;-0,000147353;6,96E-06;-0,00016471;3,55E-06;-0,000175152;-0,000178638;-2,45E-06; 
0,81681409;-0,000389286;-7,70E-06;-0,000376595;-1,49E-05;-0,000338508;-2,11E-05;-0,000275002;-2,57E-05;-0,000186062;-2,83E-05;-7,17E-05;-2,84E-05;6,80E-05;-2,56E-05;0,000216255;-1,98E-05;0,000356326;-1,14E-05;0,000488449;-3,40E-07;0,000613146;1,31E-05;0,000731211;2,89E-05;0,000843547;4,56E-05;0,000762391;5,82E-05;0,000504522;6,59E-05;0,00027425;6,93E-05;7,03E-05;6,89E-05;-0,000108218;6,52E-05;-0,000262026;5,86E-05;-0,000391485;4,97E-05;-0,000496871;3,89E-05;-0,000578435;2,67E-05;-0,000636435;1,36E-05;-0,000671115;-0,000682654;-2,99E-05; 
0,837758041;-0,000317102;-6,28E-06;-0,000307099;-1,22E-05;-0,000277124;-1,72E-05;-0,000227262;-2,11E-05;-0,000157617;-2,34E-05;-6,83E-05;-2,37E-05;4,07E-05;-2,17E-05;0,000165681;-1,70E-05;0,000303036;-9,46E-06;0,000452512;1,18E-06;0,000613646;1,52E-05;0,000785753;3,27E-05;0,000968105;5,23E-05;0,000911696;6,76E-05;0,000622476;7,73E-05;0,000355907;8,20E-05;0,000113619;8,21E-05;-0,000103009;7,80E-05;-0,000292919;7,05E-05;-0,000455287;6,00E-05;-0,000589409;4,71E-05;-0,000694626;3,24E-05;-0,000770325;1,65E-05;-0,000815982;-0,000831244;-2,36E-05; 
0,858701992;-4,75E-05;-9,39E-07;-4,59E-05;-1,81E-06;-4,10E-05;-2,56E-06;-3,28E-05;-3,10E-06;-2,11E-05;-3,38E-06;-5,61E-06;-3,30E-06;1,36E-05;-2,74E-06;4,68E-05;-1,27E-06;0,000104058;1,59E-06;0,000185564;6,32E-06;0,000291699;1,34E-05;0,000423007;2,34E-05;0,000580047;3,54E-05;0,000558429;4,46E-05;0,000358223;4,99E-05;0,00018316;5,20E-05;3,14E-05;5,13E-05;-9,88E-05;4,82E-05;-0,000208622;4,31E-05;-0,000299229;3,64E-05;-0,00037159;2,84E-05;-0,00042663;1,94E-05;-0,000465204;9,86E-06;-0,000488027;-0,000495578;-2,96E-06; 
0,879645943;-4,53E-05;-8,89E-07;-4,28E-05;-1,68E-06;-3,55E-05;-2,28E-06;-2,34E-05;-2,59E-06;-6,79E-06;-2,52E-06;1,42E-05;-1,99E-06;3,96E-05;-9,00E-07;7,04E-05;8,71E-07;0,000107889;3,46E-06;0,000151986;6,99E-06;0,00020245;1,16E-05;0,000258902;1,74E-05;0,000320963;2,39E-05;0,000306743;2,91E-05;0,000213868;3,25E-05;0,00012278;3,41E-05;3,56E-05;3,40E-05;-4,59E-05;3,23E-05;-0,000120185;2,92E-05;-0,000185881;2,49E-05;-0,000241814;1,96E-05;-0,000286842;1,35E-05;-0,000319908;6,89E-06;-0,000340139;-0,000346951;-1,64E-06; 
0,900589894;-5,00E-05;-1,00E-06;-4,99E-05;-1,99E-06;-4,95E-05;-2,98E-06;-4,86E-05;-3,94E-06;-4,72E-05;-4,86E-06;-4,49E-05;-5,73E-06;-4,17E-05;-6,57E-06;-4,49E-05;-7,61E-06;-6,19E-05;-9,14E-06;-9,28E-05;-1,14E-05;-0,000137213;-1,47E-05;-0,000195028;-1,93E-05;-0,000265925;-2,49E-05;-0,000263653;-2,93E-05;-0,000181452;-3,21E-05;-9,98E-05;-3,33E-05;-2,09E-05;-3,30E-05;5,35E-05;-3,12E-05;0,000121752;-2,82E-05;0,000182539;-2,40E-05;0,000234601;-1,89E-05;0,000276727;-1,30E-05;0,000307789;-6,62E-06;0,000326848;0,000333275;-6,40E-06; 
0,921533845;0,000131175;2,60E-06;0,000127698;5,06E-06;0,000117202;7,24E-06;9,95E-05;8,99E-06;7,44E-05;1,02E-05;4,16E-05;1,06E-05;1,00E-06;1,01E-05;-5,32E-05;8,35E-06;-0,000126805;4,91E-06;-0,000219776;-5,75E-07;-0,000332277;-8,51E-06;-0,000464594;-1,93E-05;-0,000617025;-3,20E-05;-0,000588642;-4,17E-05;-0,000382979;-4,75E-05;-0,000203576;-5,00E-05;-4,84E-05;-4,96E-05;8,41E-05;-4,67E-05;0,000195553;-4,19E-05;0,000286996;-3,54E-05;0,000359608;-2,76E-05;0,000414515;-1,89E-05;0,000452789;-9,61E-06;0,00047534;0,000482785;1,03E-05; 
0,942477796;0,000433883;8,58E-06;0,000419648;1,66E-05;0,000377016;2,35E-05;0,00030618;2,87E-05;0,000207405;3,16E-05;8,10E-05;3,17E-05;-7,30E-05;2,86E-05;-0,00024032;2,21E-05;-0,000407099;1,23E-05;-0,00057326;-8,22E-07;-0,000738638;-1,72E-05;-0,000902911;-3,69E-05;-0,001065712;-5,82E-05;-0,0009845;-7,48E-05;-0,000671666;-8,53E-05;-0,000382923;-9,03E-05;-0,000120048;-9,03E-05;0,000115498;-8,58E-05;0,000322582;-7,75E-05;0,000500242;-6,60E-05;0,000647546;-5,19E-05;0,000763532;-3,57E-05;0,000847247;-1,82E-05;0,000897859;0,000914798;3,27E-05; 
0,963421747;0,000289024;5,72E-06;0,000280175;1,11E-05;0,000253565;1,57E-05;0,00020903;1,93E-05;0,000146355;2,15E-05;6,53E-05;2,18E-05;-3,41E-05;2,00E-05;-0,000144744;1,60E-05;-0,000259126;9,65E-06;-0,000377255;8,89E-07;-0,000499259;-1,04E-05;-0,000625483;-2,42E-05;-0,000756396;-3,93E-05;-0,000698372;-5,09E-05;-0,000462381;-5,80E-05;-0,000252514;-6,12E-05;-6,74E-05;-6,09E-05;9,38E-05;-5,76E-05;0,000231818;-5,18E-05;0,000347086;-4,38E-05;0,000440083;-3,43E-05;0,000511394;-2,35E-05;0,000561674;-1,20E-05;0,000591544;0,000601446;2,22E-05; 
0,984365698;-7,11E-05;-1,41E-06;-6,90E-05;-2,73E-06;-6,27E-05;-3,89E-06;-5,21E-05;-4,78E-06;-3,69E-05;-5,33E-06;-1,69E-05;-5,43E-06;7,85E-06;-5,07E-06;2,52E-05;-4,55E-06;2,27E-05;-4,29E-06;2,56E-07;-4,68E-06;-4,19E-05;-6,10E-06;-0,00010333;-8,93E-06;-0,000183529;-1,30E-05;-0,000195798;-1,63E-05;-0,000132754;-1,83E-05;-7,39E-05;-1,93E-05;-2,03E-05;-1,92E-05;2,78E-05;-1,82E-05;7,00E-05;-1,64E-05;0,000106395;-1,40E-05;0,000136917;-1,10E-05;0,000161313;-7,56E-06;0,000179201;-3,85E-06;0,000190155;0,000193848;-6,10E-06; 
1,005309649;-0,000150138;-2,98E-06;-0,000146194;-5,80E-06;-0,000134429;-8,30E-06;-0,000115027;-1,03E-05;-8,82E-05;-1,18E-05;-5,43E-05;-1,25E-05;-1,33E-05;-1,23E-05;3,26E-05;-1,11E-05;8,14E-05;-9,01E-06;0,000133017;-5,81E-06;0,000187328;-1,50E-06;0,000243823;3,95E-06;0,000301785;1,01E-05;0,000285447;1,49E-05;0,000198255;1,81E-05;0,000119409;1,97E-05;4,94E-05;2,01E-05;-1,16E-05;1,93E-05;-6,39E-05;1,76E-05;-0,000108124;1,51E-05;-0,000144429;1,19E-05;-0,000172965;8,19E-06;-0,000193616;4,18E-06;-0,000206152;-0,000210359;-1,28E-05; 
1,0262536;-9,86E-05;-1,94E-06;-9,41E-05;-3,70E-06;-8,05E-05;-5,10E-06;-5,76E-05;-5,94E-06;-2,51E-05;-6,04E-06;1,71E-05;-5,19E-06;6,94E-05;-3,18E-06;0,000134474;2,94E-07;0,000215362;5,54E-06;0,00031202;1,29E-05;0,000424633;2,26E-05;0,000553697;3,51E-05;0,000699984;4,94E-05;0,000659867;6,03E-05;0,000434512;6,69E-05;0,000228914;6,96E-05;4,29E-05;6,88E-05;-0,00012327;6,48E-05;-0,00026879;5,81E-05;-0,000392839;4,92E-05;-0,00049471;3,85E-05;-0,000573982;2,64E-05;-0,000630517;1,34E-05;-0,000664365;-0,000675632;-4,68E-06; 
1,047197551;-0,000152525;-3,02E-06;-0,000148213;-5,87E-06;-0,000135346;-8,38E-06;-0,000114114;-1,04E-05;-8,48E-05;-1,17E-05;-4,75E-05;-1,22E-05;-2,57E-06;-1,17E-05;6,02E-05;-9,64E-06;0,000150752;-5,49E-06;0,000269297;1,32E-06;0,000415714;1,13E-05;0,000589601;2,51E-05;0,000790256;4,14E-05;0,000763217;5,41E-05;0,00050861;6,19E-05;0,000280791;6,55E-05;7,98E-05;6,53E-05;-9,48E-05;6,19E-05;-0,000244129;5,57E-05;-0,000369127;4,73E-05;-0,00047074;3,70E-05;-0,00054956;2,54E-05;-0,000605857;1,29E-05;-0,000639672;-0,000650955;-1,19E-05; 
1,068141502;-0,000373675;-7,39E-06;-0,000361367;-1,43E-05;-0,000324367;-2,02E-05;-0,000262468;-2,46E-05;-0,000175399;-2,70E-05;-6,29E-05;-2,70E-05;7,52E-05;-2,40E-05;0,000223274;-1,81E-05;0,000365818;-9,38E-06;0,000502607;1,99E-06;0,000633606;1,59E-05;0,000759083;3,23E-05;0,000879619;4,98E-05;0,000803477;6,32E-05;0,000543815;7,17E-05;0,000305729;7,56E-05;8,92E-05;7,54E-05;-0,000104963;7,16E-05;-0,000275778;6,45E-05;-0,000421955;5,49E-05;-0,000542425;4,30E-05;-0,000636466;2,96E-05;-0,000703709;1,51E-05;-0,000744043;-0,000757482;-2,75E-05; 
1,089085453;-0,000172472;-3,42E-06;-0,000167425;-6,63E-06;-0,00015238;-9,45E-06;-0,000127607;-1,17E-05;-9,35E-05;-1,31E-05;-5,03E-05;-1,36E-05;1,53E-06;-1,30E-05;5,68E-05;-1,14E-05;0,000110277;-8,64E-06;0,000162185;-4,89E-06;0,000212628;-1,46E-07;0,000261475;5,56E-06;0,000308321;1,17E-05;0,000280998;1,63E-05;0,000186403;1,92E-05;0,000103572;2,06E-05;3,26E-05;2,06E-05;-2,70E-05;1,96E-05;-7,64E-05;1,76E-05;-0,000116724;1,49E-05;-0,000148953;1,17E-05;-0,000173767;8,04E-06;-0,000191473;4,09E-06;-0,00020213;-0,000205693;-1,45E-05; 
1,110029404;0,000213578;4,23E-06;0,000206734;8,18E-06;0,000186313;1,16E-05;0,000152625;1,42E-05;0,000106098;1,58E-05;4,72E-05;1,60E-05;-2,38E-05;1,48E-05;-9,69E-05;1,22E-05;-0,000162415;8,34E-06;-0,000220506;3,40E-06;-0,000271478;-2,48E-06;-0,000315399;-9,16E-06;-0,000352092;-1,60E-05;-0,000312222;-2,12E-05;-0,000205498;-2,44E-05;-0,000111155;-2,57E-05;-2,95E-05;-2,56E-05;4,00E-05;-2,42E-05;9,81E-05;-2,18E-05;0,000146076;-1,84E-05;0,000184728;-1,44E-05;0,000214655;-9,90E-06;0,000236083;-5,04E-06;0,000249002;0,000253324;1,72E-05; 
1,130973355;0,000313867;6,22E-06;0,000304971;1,21E-05;0,000278167;1,72E-05;0,000233136;2,13E-05;0,000169438;2,39E-05;8,66E-05;2,46E-05;-1,56E-05;2,32E-05;-0,000130831;1,93E-05;-0,000252348;1,30E-05;-0,000379742;4,12E-06;-0,000512558;-7,51E-06;-0,000650496;-2,19E-05;-0,000793481;-3,80E-05;-0,000744476;-5,05E-05;-0,000511346;-5,86E-05;-0,000298602;-6,26E-05;-0,000105822;-6,29E-05;6,67E-05;-6,00E-05;0,000217976;-5,44E-05;0,000347106;-4,63E-05;0,000453206;-3,64E-05;0,000535771;-2,50E-05;0,000594639;-1,28E-05;0,000629872;0,000641597;2,46E-05; 
1,151917306;0,000166912;3,29E-06;0,00015979;6,30E-06;0,000138552;8,74E-06;0,000103555;1,04E-05;5,53E-05;1,09E-05;-5,72E-06;1,00E-05;-7,91E-05;7,61E-06;-0,000166832;3,26E-06;-0,000271192;-3,35E-06;-0,000392652;-1,26E-05;-0,000531779;-2,47E-05;-0,000689034;-4,03E-05;-0,000864684;-5,78E-05;-0,000808748;-7,11E-05;-0,000525775;-7,90E-05;-0,00027089;-8,21E-05;-4,47E-05;-8,10E-05;0,000152987;-7,62E-05;0,000322881;-6,82E-05;0,00046587;-5,77E-05;0,000582661;-4,51E-05;0,000673626;-3,09E-05;0,000738806;-1,57E-05;0,000778044;0,00079115;1,02E-05; 
1,172861257;7,41E-05;1,47E-06;7,30E-05;2,90E-06;6,93E-05;4,23E-06;6,27E-05;5,39E-06;5,27E-05;6,31E-06;3,87E-05;6,90E-06;2,01E-05;7,00E-06;-1,55E-05;6,09E-06;-8,02E-05;3,60E-06;-0,000173542;-1,04E-06;-0,000294927;-8,38E-06;-0,000443835;-1,90E-05;-0,00061992;-3,20E-05;-0,000613597;-4,23E-05;-0,000420201;-4,89E-05;-0,000244017;-5,21E-05;-8,44E-05;-5,24E-05;5,83E-05;-4,99E-05;0,000183445;-4,52E-05;0,000290096;-3,85E-05;0,000377525;-3,02E-05;0,000445366;-2,08E-05;0,000493594;-1,06E-05;0,00052239;0,00053196;5,94E-06; 
1,193805208;0,000228676;4,52E-06;0,000220097;8,69E-06;0,000194511;1,22E-05;0,000152338;1,47E-05;9,42E-05;1,59E-05;2,06E-05;1,54E-05;-6,78E-05;1,31E-05;-0,000156299;9,25E-06;-0,000230645;4,01E-06;-0,000291258;-2,32E-06;-0,000338764;-9,46E-06;-0,000373715;-1,72E-05;-0,000396476;-2,48E-05;-0,000340383;-3,04E-05;-0,000217788;-3,36E-05;-0,000108328;-3,48E-05;-1,25E-05;-3,42E-05;6,99E-05;-3,21E-05;0,000139805;-2,87E-05;0,000198166;-2,42E-05;0,000245741;-1,89E-05;0,000282914;-1,30E-05;0,000309708;-6,59E-06;0,000325931;0,00033137;1,63E-05; 
1,214749159;1,48E-05;3,04E-07;1,60E-05;6,55E-07;1,94E-05;1,09E-06;2,46E-05;1,65E-06;3,11E-05;2,34E-06;3,83E-05;3,18E-06;4,57E-05;4,20E-06;5,66E-05;5,49E-06;7,45E-05;7,23E-06;0,000100057;9,55E-06;0,000133796;1,26E-05;0,000176314;1,67E-05;0,000227927;2,13E-05;0,000210205;2,46E-05;0,000123672;2,63E-05;4,78E-05;2,66E-05;-1,72E-05;2,57E-05;-7,19E-05;2,38E-05;-0,000117244;2,11E-05;-0,000154515;1,77E-05;-0,000184635;1,37E-05;-0,000208118;9,37E-06;-0,000225077;4,75E-06;-0,00023538;-0,000238841;3,83E-06; 
1,23569311;-0,000310052;-6,14E-06;-0,000301207;-1,19E-05;-0,000274534;-1,70E-05;-0,000229643;-2,10E-05;-0,000165988;-2,35E-05;-8,30E-05;-2,42E-05;1,98E-05;-2,26E-05;0,000135947;-1,87E-05;0,000258731;-1,22E-05;0,000387649;-3,15E-06;0,000522099;8,68E-06;0,000661622;2,33E-05;0,000806045;3,96E-05;0,000757365;5,24E-05;0,00052261;6,07E-05;0,000306581;6,48E-05;0,000109312;6,52E-05;-6,83E-05;6,22E-05;-0,000224871;5,63E-05;-0,00035889;4,80E-05;-0,000469198;3,77E-05;-0,000555101;2,60E-05;-0,000616358;1,32E-05;-0,000653017;-0,000665215;-2,53E-05; 
1,256637061;-0,000405413;-8,02E-06;-0,000392413;-1,55E-05;-0,000353559;-2,20E-05;-0,000289255;-2,69E-05;-0,000200078;-2,98E-05;-8,66E-05;-3,02E-05;5,05E-05;-2,77E-05;0,00019985;-2,22E-05;0,00035005;-1,37E-05;0,000501513;-2,16E-06;0,000654716;1,25E-05;0,000809969;3,02E-05;0,000967259;4,96E-05;0,000887751;6,43E-05;0,000586989;7,33E-05;0,000319347;7,73E-05;8,45E-05;7,69E-05;-0,000118595;7,27E-05;-0,000291676;6,54E-05;-0,000436371;5,55E-05;-0,000553982;4,34E-05;-0,000645291;2,98E-05;-0,00071059;1,52E-05;-0,000749858;-0,000762969;-3,01E-05; 
1,277581012;-0,000117933;-2,33E-06;-0,000113627;-4,49E-06;-0,00010057;-6,29E-06;-7,84E-05;-7,56E-06;-4,65E-05;-8,08E-06;-4,43E-06;-7,66E-06;4,84E-05;-6,05E-06;0,000115912;-2,90E-06;0,000201838;2,14E-06;0,00030579;9,44E-06;0,000427339;1,94E-05;0,000566274;3,22E-05;0,000722764;4,70E-05;0,000690554;5,86E-05;0,000468495;6,58E-05;0,000261957;6,92E-05;7,16E-05;6,88E-05;-0,000101214;6,52E-05;-0,000254435;5,88E-05;-0,000386188;4,99E-05;-0,000494971;3,92E-05;-0,000579864;2,69E-05;-0,000640478;1,37E-05;-0,000676778;-0,00068886;-8,41E-06; 
1,298524963;6,15E-05;1,22E-06;5,94E-05;2,35E-06;5,30E-05;3,30E-06;4,20E-05;3,99E-06;2,58E-05;4,30E-06;4,06E-06;4,11E-06;-2,37E-05;3,39E-06;-4,55E-05;2,41E-06;-4,89E-05;1,56E-06;-3,36E-05;1,20E-06;9,38E-07;1,72E-06;5,49E-05;3,52E-06;0,000127941;6,42E-06;0,000137672;8,58E-06;8,04E-05;9,71E-06;3,46E-05;1,00E-05;-6,02E-07;9,75E-06;-2,67E-05;9,01E-06;-4,59E-05;7,95E-06;-6,00E-05;6,64E-06;-7,06E-05;5,14E-06;-7,86E-05;3,50E-06;-8,44E-05;1,78E-06;-8,80E-05;-8,92E-05;5,92E-06; 
1,319468915;-2,32E-05;-4,56E-07;-2,21E-05;-8,68E-07;-1,87E-05;-1,19E-06;-1,27E-05;-1,35E-06;-3,51E-06;-1,30E-06;9,24E-06;-9,57E-07;2,60E-05;-3,01E-07;3,70E-05;4,19E-07;3,23E-05;8,84E-07;1,14E-05;7,65E-07;-2,61E-05;-2,70E-07;-8,03E-05;-2,56E-06;-0,000150998;-5,88E-06;-0,000157112;-8,39E-06;-9,64E-05;-9,81E-06;-4,71E-05;-1,04E-05;-8,59E-06;-1,02E-05;2,08E-05;-9,57E-06;4,32E-05;-8,52E-06;6,03E-05;-7,18E-06;7,37E-05;-5,59E-06;8,41E-05;-3,83E-06;9,16E-05;-1,95E-06;9,63E-05;9,79E-05;-2,45E-06; 
1,340412866;8,82E-05;1,74E-06;8,44E-05;3,32E-06;7,29E-05;4,60E-06;5,34E-05;5,40E-06;2,53E-05;5,55E-06;-1,18E-05;4,87E-06;-5,84E-05;3,12E-06;-0,000119607;-4,48E-08;-0,000200006;-5,01E-06;-0,000299254;-1,21E-05;-0,000416914;-2,18E-05;-0,000552803;-3,44E-05;-0,000707166;-4,88E-05;-0,000673653;-6,01E-05;-0,000451017;-6,70E-05;-0,000244719;-7,00E-05;-5,55E-05;-6,93E-05;0,00011531;-6,55E-05;0,000265748;-5,88E-05;0,000394185;-4,99E-05;0,000499461;-3,90E-05;0,000581054;-2,68E-05;0,000638969;-1,36E-05;0,000673503;0,000684971;5,08E-06; 
1,361356817;0,00034756;6,88E-06;0,00033676;1,33E-05;0,000304483;1,89E-05;0,00025107;2,32E-05;0,000177012;2,59E-05;8,28E-05;2,64E-05;-3,10E-05;2,45E-05;-0,000158655;2,00E-05;-0,00029438;1,27E-05;-0,000438662;2,41E-06;-0,000592023;-1,10E-05;-0,00075476;-2,78E-05;-0,000926769;-4,66E-05;-0,000864317;-6,09E-05;-0,000578038;-6,99E-05;-0,000322166;-7,40E-05;-9,63E-05;-7,39E-05;0,000100627;-7,02E-05;0,000270098;-6,33E-05;0,000413349;-5,38E-05;0,000531108;-4,22E-05;0,000623487;-2,90E-05;0,000690121;-1,48E-05;0,000730435;0,000743936;2,66E-05; 
1,382300768;0,000362759;7,18E-06;0,000351795;1,39E-05;0,000318793;1,98E-05;0,000263441;2,43E-05;0,000185297;2,70E-05;8,39E-05;2,75E-05;-4,11E-05;2,53E-05;-0,000177775;2,04E-05;-0,000313812;1,28E-05;-0,000448642;2,47E-06;-0,000581588;-1,05E-05;-0,000712177;-2,60E-05;-0,000840325;-4,28E-05;-0,000773355;-5,57E-05;-0,000523636;-6,39E-05;-0,000296119;-6,77E-05;-9,09E-05;-6,77E-05;9,12E-05;-6,42E-05;0,000249116;-5,79E-05;0,000381976;-4,91E-05;0,000489443;-3,85E-05;0,00057178;-2,64E-05;0,000629682;-1,34E-05;0,000663981;0,000675332;2,81E-05; 
1,403244719;1,52E-05;2,94E-07;1,37E-05;5,28E-07;9,27E-06;6,47E-07;2,26E-06;6,04E-07;-6,88E-06;3,61E-07;-1,77E-05;-1,11E-07;-2,97E-05;-8,55E-07;-4,60E-05;-2,00E-06;-6,97E-05;-3,70E-06;-0,000101601;-6,12E-06;-0,00014237;-9,46E-06;-0,000192622;-1,39E-05;-0,000252614;-1,91E-05;-0,000241993;-2,31E-05;-0,000159376;-2,55E-05;-8,41E-05;-2,65E-05;-1,65E-05;-2,62E-05;4,38E-05;-2,48E-05;9,75E-05;-2,24E-05;0,000144819;-1,90E-05;0,000185637;-1,50E-05;0,000219207;-1,03E-05;0,000244419;-5,27E-06;0,000260123;0,000265463;2,98E-07; 
1,42418867;-0,000248533;-4,91E-06;-0,000239807;-9,48E-06;-0,000213748;-1,33E-05;-0,000170696;-1,62E-05;-0,000111141;-1,77E-05;-3,56E-05;-1,75E-05;5,55E-05;-1,55E-05;0,000147495;-1,17E-05;0,000226329;-6,49E-06;0,000292564;-8,00E-08;0,000346987;7,31E-06;0,000390273;1,55E-05;0,000422794;2,37E-05;0,000375123;3,00E-05;0,00025684;3,40E-05;0,000147545;3,60E-05;4,78E-05;3,60E-05;-4,23E-05;3,43E-05;-0,000122962;3,11E-05;-0,000194182;2,66E-05;-0,000255303;2,10E-05;-0,000305166;1,45E-05;-0,0003423;7,41E-06;-0,000365274;-0,000373057;-1,94E-05; 
1,445132621;-0,000132;-2,62E-06;-0,000128877;-5,11E-06;-0,000119396;-7,35E-06;-0,000103239;-9,19E-06;-7,99E-05;-1,05E-05;-4,90E-05;-1,11E-05;-1,01E-05;-1,08E-05;4,41E-05;-9,19E-06;0,000120603;-5,83E-06;0,000218606;-3,06E-07;0,00033731;7,79E-06;0,000475972;1,89E-05;0,000634146;3,19E-05;0,000608993;4,20E-05;0,000402583;4,82E-05;0,000219122;5,09E-05;5,79E-05;5,07E-05;-8,14E-05;4,78E-05;-0,000198711;4,29E-05;-0,000294376;3,62E-05;-0,000369303;2,82E-05;-0,000424922;1,93E-05;-0,000462943;9,80E-06;-0,000484982;-0,00049219;-9,54E-06; 
1,466076572;-0,000131395;-2,59E-06;-0,000125381;-4,94E-06;-0,000107439;-6,81E-06;-7,79E-05;-7,97E-06;-3,70E-05;-8,22E-06;1,46E-05;-7,32E-06;7,67E-05;-5,05E-06;0,000154346;-1,01E-06;0,000253033;5,22E-06;0,000373449;1,41E-05;0,000516476;2,60E-05;0,000682877;4,16E-05;0,000873111;5,94E-05;0,000831447;7,33E-05;0,000556689;8,18E-05;0,000304114;8,56E-05;7,46E-05;8,50E-05;-0,000131678;8,05E-05;-0,000314407;7,26E-05;-0,000473105;6,17E-05;-0,000606674;4,85E-05;-0,000713476;3,34E-05;-0,000791618;1,70E-05;-0,000839339;-0,000855394;-8,05E-06; 
1,487020523;-0,000263795;-5,23E-06;-0,000256451;-1,02E-05;-0,000234327;-1,45E-05;-0,000197159;-1,79E-05;-0,000144566;-2,02E-05;-7,61E-05;-2,09E-05;8,46E-06;-1,98E-05;0,00010612;-1,66E-05;0,00021336;-1,12E-05;0,000329534;-3,34E-06;0,000453825;7,05E-06;0,000585563;2,01E-05;0,000724404;3,48E-05;0,000674893;4,59E-05;0,000446487;5,28E-05;0,000243506;5,58E-05;6,53E-05;5,56E-05;-8,84E-05;5,25E-05;-0,000217649;4,70E-05;-0,000322884;3,97E-05;-0,00040522;3,10E-05;-0,000466304;2,12E-05;-0,000508055;1,08E-05;-0,00053226;-0,000540177;-2,02E-05; 
1,507964474;-0,000245264;-4,85E-06;-0,000237305;-9,39E-06;-0,000213521;-1,33E-05;-0,000174172;-1,63E-05;-0,000119644;-1,80E-05;-5,04E-05;-1,82E-05;3,33E-05;-1,66E-05;0,00011906;-1,35E-05;0,000194988;-8,89E-06;0,000261617;-3,07E-06;0,000319625;3,84E-06;0,000369528;1,17E-05;0,000411487;1,98E-05;0,000373839;2,61E-05;0,00026397;3,04E-05;0,00016133;3,26E-05;6,64E-05;3,31E-05;-2,07E-05;3,19E-05;-0,000100085;2,91E-05;-0,000171319;2,51E-05;-0,000233355;1,99E-05;-0,000284561;1,38E-05;-0,000323022;7,05E-06;-0,000346947;-0,000355073;-1,97E-05; 
1,528908425;0,000127067;2,52E-06;0,000123138;4,87E-06;0,00011143;6,92E-06;9,22E-05;8,51E-06;6,57E-05;9,50E-06;3,23E-05;9,76E-06;-7,62E-06;9,17E-06;-5,18E-05;7,67E-06;-9,82E-05;5,22E-06;-0,000147281;1,76E-06;-0,000199729;-2,79E-06;-0,000255894;-8,50E-06;-0,00031576;-1,49E-05;-0,00030144;-2,01E-05;-0,000214047;-2,35E-05;-0,00013274;-2,54E-05;-5,77E-05;-2,59E-05;1,12E-05;-2,50E-05;7,43E-05;-2,29E-05;0,000131447;-1,98E-05;0,000181725;-1,57E-05;0,000223646;-1,09E-05;0,000255398;-5,60E-06;0,000275267;0,000282037;1,02E-05; 
1,549852376;0,000391302;7,74E-06;0,000378626;1,50E-05;0,000340542;2,12E-05;0,000276882;2,59E-05;0,000187396;2,85E-05;7,18E-05;2,86E-05;-7,01E-05;2,56E-05;-0,000221717;1,98E-05;-0,000366008;1,11E-05;-0,000502503;-2,89E-07;-0,000630646;-1,41E-05;-0,000750152;-3,02E-05;-0,000861194;-4,73E-05;-0,000776066;-6,01E-05;-0,000512044;-6,79E-05;-0,000274191;-7,12E-05;-6,26E-05;-7,06E-05;0,000122188;-6,65E-05;0,000279582;-5,96E-05;0,000409511;-5,03E-05;0,000512621;-3,93E-05;0,000590212;-2,69E-05;0,000643942;-1,36E-05;0,000675409;0,000685759;2,98E-05; 
1,570796327;0,000211798;4,20E-06;0,000205725;8,15E-06;0,000187561;1,16E-05;0,000157469;1,44E-05;0,000115699;1,62E-05;6,25E-05;1,68E-05;-1,74E-06;1,60E-05;-8,31E-05;1,33E-05;-0,00018788;8,31E-06;-0,000316407;4,98E-07;-0,000469164;-1,06E-05;-0,000646329;-2,55E-05;-0,000847604;-4,30E-05;-0,000818674;-5,67E-05;-0,000559674;-6,55E-05;-0,000324826;-6,99E-05;-0,000113901;-7,02E-05;7,38E-05;-6,71E-05;0,000238984;-6,08E-05;0,00038182;-5,20E-05;0,000501756;-4,09E-05;0,000597562;-2,82E-05;0,00066764;-1,44E-05;0,000710438;0,000724838;1,60E-05; 
1,591740278;7,31E-05;1,44E-06;6,92E-05;2,72E-06;5,75E-05;3,68E-06;3,78E-05;4,17E-06;9,90E-06;4,02E-06;-2,66E-05;3,05E-06;-7,19E-05;1,06E-06;-0,000130361;-2,28E-06;-0,000206161;-7,30E-06;-0,000298908;-1,43E-05;-0,000408204;-2,37E-05;-0,000533926;-3,58E-05;-0,000676435;-4,96E-05;-0,000632978;-5,99E-05;-0,000405807;-6,59E-05;-0,000200242;-6,81E-05;-1,66E-05;-6,67E-05;0,000144155;-6,25E-05;0,000281326;-5,57E-05;0,000394566;-4,68E-05;0,000484323;-3,64E-05;0,000551729;-2,49E-05;0,000598299;-1,26E-05;0,00062552;0,000634463;3,42E-06; 
1,612684229;9,75E-05;1,94E-06;9,53E-05;3,78E-06;8,89E-05;5,46E-06;7,83E-05;6,89E-06;6,37E-05;7,99E-06;4,56E-05;8,69E-06;2,40E-05;8,91E-06;-2,97E-06;8,52E-06;-3,79E-05;7,34E-06;-8,10E-05;5,22E-06;-0,000132921;1,97E-06;-0,000193716;-2,59E-06;-0,000263134;-8,08E-06;-0,000261454;-1,26E-05;-0,00018791;-1,56E-05;-0,000121218;-1,75E-05;-6,11E-05;-1,81E-05;-6,72E-06;-1,78E-05;4,27E-05;-1,65E-05;8,73E-05;-1,43E-05;0,000126734;-1,14E-05;0,000159813;-7,96E-06;0,000185015;-4,09E-06;0,000200855;0,000206264;7,74E-06; 
1,63362818;8,94E-05;1,77E-06;8,65E-05;3,42E-06;7,77E-05;4,84E-06;6,29E-05;5,90E-06;4,20E-05;6,47E-06;1,46E-05;6,44E-06;-1,94E-05;5,75E-06;-4,60E-05;4,74E-06;-5,09E-05;3,86E-06;-3,35E-05;3,55E-06;6,64E-06;4,28E-06;6,99E-05;6,50E-06;0,000156237;1,01E-05;0,000177378;1,31E-05;0,000124153;1,51E-05;7,54E-05;1,61E-05;3,10E-05;1,64E-05;-9,65E-06;1,58E-05;-4,74E-05;1,45E-05;-8,22E-05;1,25E-05;-0,000113717;9,96E-06;-0,000140644;6,93E-06;-0,000161457;3,55E-06;-0,000174664;-0,000179195;8,20E-06; 
1,654572131;-0,00023477;-4,65E-06;-0,000227212;-8,99E-06;-0,000204493;-1,27E-05;-0,000166481;-1,55E-05;-0,000112955;-1,71E-05;-4,36E-05;-1,72E-05;4,18E-05;-1,54E-05;0,000139555;-1,15E-05;0,000245775;-5,50E-06;0,000359927;2,90E-06;0,000481374;1,38E-05;0,000609657;2,73E-05;0,000744728;4,23E-05;0,0006901;5,37E-05;0,000454262;6,07E-05;0,000242067;6,36E-05;5,35E-05;6,30E-05;-0,000111042;5,93E-05;-0,000250942;5,31E-05;-0,000366182;4,48E-05;-0,000457408;3,49E-05;-0,000525887;2,39E-05;-0,000573204;1,21E-05;-0,000600872;-0,000609965;-1,81E-05; 
1,675516082;-0,000447345;-8,85E-06;-0,000432912;-1,71E-05;-0,000389663;-2,42E-05;-0,000317756;-2,96E-05;-0,000217454;-3,28E-05;-8,91E-05;-3,30E-05;6,70E-05;-3,00E-05;0,000235348;-2,36E-05;0,000400972;-1,40E-05;0,000564339;-1,07E-06;0,000726153;1,51E-05;0,000887009;3,44E-05;0,001047152;5,53E-05;0,000965892;7,15E-05;0,000657031;8,18E-05;0,000375439;8,67E-05;0,000121451;8,68E-05;-0,000105161;8,27E-05;-0,000304675;7,48E-05;-0,000476935;6,38E-05;-0,000621122;5,02E-05;-0,000735844;3,46E-05;-0,000819431;1,76E-05;-0,000870322;-0,000887417;-3,36E-05; 
1,696460033;-0,000187783;-3,72E-06;-0,000182631;-7,24E-06;-0,000167135;-1,03E-05;-0,000141165;-1,28E-05;-0,000104499;-1,44E-05;-5,68E-05;-1,50E-05;2,10E-06;-1,43E-05;7,53E-05;-1,19E-05;0,000165445;-7,54E-06;0,000271887;-9,06E-07;0,000393795;8,31E-06;0,000530404;2,04E-05;0,000681279;3,43E-05;0,00064604;4,50E-05;0,000429266;5,16E-05;0,000235373;5,46E-05;6,39E-05;5,44E-05;-8,49E-05;5,14E-05;-0,000210925;4,61E-05;-0,000314229;3,89E-05;-0,000395628;3,04E-05;-0,000456463;2,08E-05;-0,000498342;1,06E-05;-0,000522761;-0,000530775;-1,51E-05; 
1,717403984;5,95E-05;1,19E-06;5,93E-05;2,37E-06;5,87E-05;3,53E-06;5,75E-05;4,67E-06;5,56E-05;5,75E-06;5,28E-05;6,77E-06;4,87E-05;7,73E-06;4,94E-05;8,82E-06;6,10E-05;1,03E-05;8,44E-05;1,23E-05;0,000120372;1,52E-05;0,000169881;1,92E-05;0,00023349;2,40E-05;0,000227551;2,78E-05;0,000147408;3,00E-05;7,27E-05;3,07E-05;3,98E-06;3,02E-05;-5,89E-05;2,84E-05;-0,00011623;2,56E-05;-0,000167831;2,17E-05;-0,000212992;1,71E-05;-0,000250452;1,18E-05;-0,000278697;6,01E-06;-0,000296311;-0,000302302;7,18E-06; 
1,738347935;0,000106599;2,10E-06;0,000101931;4,02E-06;8,80E-05;5,56E-06;6,48E-05;6,55E-06;3,25E-05;6,80E-06;-8,47E-06;6,15E-06;-5,80E-05;4,46E-06;-0,000109959;1,77E-06;-0,000158662;-1,86E-06;-0,000204757;-6,41E-06;-0,000249188;-1,18E-05;-0,000292852;-1,81E-05;-0,000336339;-2,48E-05;-0,000304617;-2,98E-05;-0,000201613;-3,29E-05;-0,00010693;-3,42E-05;-2,10E-05;-3,38E-05;5,64E-05;-3,20E-05;0,000125757;-2,88E-05;0,000187031;-2,45E-05;0,000239719;-1,93E-05;0,00028276;-1,33E-05;0,000314828;-6,78E-06;0,000334666;0,000341385;6,76E-06; 
1,759291886;3,33E-05;6,62E-07;3,27E-05;1,30E-06;3,09E-05;1,89E-06;2,79E-05;2,41E-06;2,34E-05;2,81E-06;1,72E-05;3,08E-06;9,07E-06;3,07E-06;-1,58E-05;2,24E-06;-7,17E-05;-8,30E-09;-0,000158271;-4,29E-06;-0,000274445;-1,12E-05;-0,000419423;-2,13E-05;-0,000592692;-3,37E-05;-0,000584611;-4,34E-05;-0,00039055;-4,94E-05;-0,000215037;-5,21E-05;-5,79E-05;-5,19E-05;8,03E-05;-4,90E-05;0,000198942;-4,40E-05;0,000297503;-3,73E-05;0,000376216;-2,91E-05;0,000435804;-2,00E-05;0,000477291;-1,01E-05;0,000501691;0,000509736;1,73E-06; 
1,780235837;0,000267035;5,28E-06;0,000257795;1,02E-05;0,000230078;1,44E-05;0,000183908;1,74E-05;0,000119367;1,90E-05;3,66E-05;1,88E-05;-6,42E-05;1,64E-05;-0,000178778;1,15E-05;-0,000303294;4,15E-06;-0,000438348;-6,06E-06;-0,00058481;-1,93E-05;-0,000743462;-3,59E-05;-0,000914718;-5,44E-05;-0,000852247;-6,85E-05;-0,000564088;-7,71E-05;-0,000304903;-8,09E-05;-7,46E-05;-8,03E-05;0,000127762;-7,59E-05;0,000303218;-6,83E-05;0,000452567;-5,80E-05;0,000576008;-4,55E-05;0,000673184;-3,12E-05;0,000743403;-1,59E-05;0,000785911;0,000800149;1,95E-05; 
1,801179788;0,000385899;7,64E-06;0,000374013;1,48E-05;0,000338376;2,10E-05;0,000279026;2,58E-05;0,000195977;2,87E-05;8,92E-05;2,92E-05;-4,15E-05;2,70E-05;-0,00018361;2,19E-05;-0,00032469;1,40E-05;-0,000464064;3,33E-06;-0,0006009;-1,00E-05;-0,000734509;-2,60E-05;-0,000864629;-4,33E-05;-0,000797972;-5,67E-05;-0,000546387;-6,53E-05;-0,000315018;-6,95E-05;-0,000104414;-6,96E-05;8,41E-05;-6,62E-05;0,000248784;-5,98E-05;0,000388462;-5,09E-05;0,000502379;-3,99E-05;0,000590407;-2,74E-05;0,000652817;-1,40E-05;0,000690029;0,000702389;2,96E-05; 
1,822123739;9,11E-05;1,81E-06;8,86E-05;3,51E-06;8,13E-05;5,02E-06;6,89E-05;6,24E-06;5,16E-05;7,05E-06;2,92E-05;7,37E-06;2,00E-06;7,11E-06;-2,91E-05;6,19E-06;-6,34E-05;4,55E-06;-0,000101344;2,10E-06;-0,000143705;-1,24E-06;-0,000191008;-5,57E-06;-0,000243339;-1,05E-05;-0,000226111;-1,42E-05;-0,000143528;-1,63E-05;-7,41E-05;-1,72E-05;-1,71E-05;-1,71E-05;2,94E-05;-1,61E-05;6,72E-05;-1,44E-05;9,80E-05;-1,22E-05;0,000122905;-9,57E-06;0,000142413;-6,57E-06;0,000156554;-3,34E-06;0,000165163;0,000168057;7,81E-06; 
1,84306769;-0,000228739;-4,53E-06;-0,000222661;-8,83E-06;-0,00020439;-1,26E-05;-0,000173848;-1,57E-05;-0,000130974;-1,78E-05;-7,58E-05;-1,86E-05;-8,39E-06;-1,81E-05;6,15E-05;-1,62E-05;0,00012426;-1,32E-05;0,000180435;-9,06E-06;0,00023061;-3,99E-06;0,000275214;1,91E-06;0,000314198;8,09E-06;0,000279761;1,27E-05;0,000182852;1,55E-05;0,000101788;1,69E-05;3,55E-05;1,70E-05;-1,81E-05;1,62E-05;-6,12E-05;1,46E-05;-9,57E-05;1,24E-05;-0,000123157;9,74E-06;-0,000144227;6,69E-06;-0,000159259;3,41E-06;-0,000168305;-0,000171329;-1,96E-05; 
1,864011641;-0,000269131;-5,32E-06;-0,000259572;-1,03E-05;-0,000230949;-1,44E-05;-0,000183396;-1,75E-05;-0,000117047;-1,90E-05;-3,20E-05;-1,86E-05;7,19E-05;-1,60E-05;0,000187821;-1,11E-05;0,000309132;-3,63E-06;0,000435304;6,37E-06;0,000565713;1,90E-05;0,000699945;3,44E-05;0,000838081;5,12E-05;0,00078071;6,44E-05;0,000533631;7,27E-05;0,00030258;7,66E-05;8,88E-05;7,64E-05;-0,000105507;7,25E-05;-0,000277924;6,54E-05;-0,000426252;5,56E-05;-0,000548885;4,36E-05;-0,000644826;3,00E-05;-0,000713552;1,53E-05;-0,000754837;-0,000768604;-1,89E-05; 
1,884955592;-8,72E-05;-1,73E-06;-8,47E-05;-3,36E-06;-7,73E-05;-4,79E-06;-6,48E-05;-5,91E-06;-4,70E-05;-6,63E-06;-2,38E-05;-6,83E-06;4,88E-06;-6,32E-06;5,08E-05;-4,60E-06;0,000125998;-1,08E-06;0,000231004;4,84E-06;0,000366449;1,38E-05;0,000532782;2,64E-05;0,000729971;4,15E-05;0,000704042;5,30E-05;0,000455261;5,99E-05;0,000237421;6,27E-05;4,94E-05;6,21E-05;-0,000110988;5,85E-05;-0,000246002;5,24E-05;-0,000357803;4,43E-05;-0,000447964;3,46E-05;-0,000517479;2,37E-05;-0,000566896;1,21E-05;-0,000596476;-0,000606327;-6,08E-06; 
1,905899543;-0,000189082;-3,74E-06;-0,000182285;-7,20E-06;-0,000161958;-1,01E-05;-0,00012826;-1,22E-05;-8,14E-05;-1,33E-05;-2,13E-05;-1,30E-05;5,18E-05;-1,11E-05;0,000138576;-7,37E-06;0,000239134;-1,47E-06;0,000353048;6,83E-06;0,000479681;1,78E-05;0,000618548;3,17E-05;0,00076961;4,73E-05;0,00072911;5,96E-05;0,000498459;6,73E-05;0,000283143;7,10E-05;8,42E-05;7,08E-05;-9,66E-05;6,73E-05;-0,00025696;6,07E-05;-0,000394895;5,16E-05;-0,000508971;4,05E-05;-0,000598269;2,79E-05;-0,000662282;1,42E-05;-0,000700761;-0,000713598;-1,30E-05; 
1,926843494;-0,000242813;-4,81E-06;-0,000235581;-9,33E-06;-0,000213822;-1,33E-05;-0,000177384;-1,63E-05;-0,000126118;-1,82E-05;-6,00E-05;-1,86E-05;2,10E-05;-1,74E-05;0,000103509;-1,46E-05;0,000174524;-1,05E-05;0,000234472;-5,25E-06;0,000284012;8,43E-07;0,000323704;7,63E-06;0,000353727;1,45E-05;0,000307865;1,95E-05;0,000198752;2,25E-05;0,000105182;2,38E-05;2,65E-05;2,37E-05;-3,88E-05;2,24E-05;-9,25E-05;2,01E-05;-0,000136263;1,70E-05;-0,000171261;1,33E-05;-0,000198138;9,09E-06;-0,000217222;4,62E-06;-0,000228644;-0,000232448;-1,94E-05; 
1,947787445;4,40E-05;8,67E-07;4,21E-05;1,66E-06;3,61E-05;2,28E-06;2,61E-05;2,67E-06;1,16E-05;2,72E-06;-7,22E-06;2,35E-06;-3,05E-05;1,48E-06;-5,74E-05;3,33E-08;-8,74E-05;-2,04E-06;-0,00012094;-4,83E-06;-0,000158767;-8,43E-06;-0,000201589;-1,29E-05;-0,000249764;-1,79E-05;-0,000227696;-2,16E-05;-0,000138679;-2,36E-05;-6,18E-05;-2,41E-05;3,19E-06;-2,35E-05;5,75E-05;-2,19E-05;0,000102504;-1,95E-05;0,000139543;-1,64E-05;0,00016942;-1,27E-05;0,000192551;-8,72E-06;0,000209077;-4,42E-06;0,000219008;0,000222322;2,17E-06; 
1,968731396;0,000355299;7,04E-06;0,000345092;1,37E-05;0,000314557;1,95E-05;0,000263902;2,41E-05;0,000193357;2,71E-05;0,000103066;2,81E-05;-6,96E-06;2,67E-05;-0,000129645;2,29E-05;-0,000257721;1,64E-05;-0,000390648;7,21E-06;-0,000527614;-4,74E-06;-0,000667834;-1,95E-05;-0,000810818;-3,59E-05;-0,000760418;-4,87E-05;-0,000525477;-5,70E-05;-0,000310564;-6,13E-05;-0,000115663;-6,18E-05;5,84E-05;-5,91E-05;0,000210507;-5,35E-05;0,000339715;-4,56E-05;0,000445487;-3,59E-05;0,00052764;-2,47E-05;0,000586207;-1,26E-05;0,000621291;0,000632976;2,89E-05; 
1,989675347;0,000353421;6,99E-06;0,000341177;1,35E-05;0,000304364;1,90E-05;0,00024278;2,30E-05;0,000156213;2,51E-05;4,46E-05;2,46E-05;-9,22E-05;2,13E-05;-0,000241139;1,50E-05;-0,000389834;5,72E-06;-0,000538696;-6,55E-06;-0,000688483;-2,18E-05;-0,000839971;-4,02E-05;-0,000993692;-6,00E-05;-0,000908884;-7,50E-05;-0,000599295;-8,42E-05;-0,00032004;-8,80E-05;-7,15E-05;-8,72E-05;0,000146941;-8,23E-05;0,000335878;-7,40E-05;0,000495921;-6,27E-05;0,000627269;-4,91E-05;0,000729819;-3,37E-05;0,000803324;-1,71E-05;0,000847538;0,000862295;2,51E-05; 
2,010619298;3,70E-05;7,36E-07;3,64E-05;1,45E-06;3,44E-05;2,11E-06;3,14E-05;2,70E-06;2,76E-05;3,21E-06;2,32E-05;3,62E-06;1,81E-05;3,82E-06;-3,65E-06;3,26E-06;-5,78E-05;1,29E-06;-0,000144;-2,71E-06;-0,000261491;-9,37E-06;-0,000409574;-1,93E-05;-0,000587762;-3,17E-05;-0,000585253;-4,15E-05;-0,000396145;-4,76E-05;-0,000224712;-5,06E-05;-7,05E-05;-5,06E-05;6,60E-05;-4,80E-05;0,000184345;-4,33E-05;0,000284057;-3,68E-05;0,000365082;-2,88E-05;0,000427629;-1,98E-05;0,000472014;-1,01E-05;0,000498524;0,000507341;3,05E-06; 
2,031563249;3,69E-05;7,24E-07;3,48E-05;1,36E-06;2,83E-05;1,83E-06;1,71E-05;2,01E-06;9,94E-07;1,83E-06;-2,04E-05;1,16E-06;-4,71E-05;-7,89E-08;-7,77E-05;-1,96E-06;-0,000110906;-4,54E-06;-0,000147204;-7,87E-06;-0,000187209;-1,21E-05;-0,000231565;-1,72E-05;-0,000280667;-2,28E-05;-0,000257289;-2,70E-05;-0,000163288;-2,94E-05;-7,83E-05;-3,02E-05;-2,80E-06;-2,96E-05;6,36E-05;-2,77E-05;0,000121305;-2,48E-05;0,000170722;-2,09E-05;0,000211795;-1,63E-05;0,000244251;-1,12E-05;0,000267734;-5,70E-06;0,000281947;0,000286704;6,73E-07; 
2,0525072;5,41E-05;1,08E-06;5,31E-05;2,11E-06;5,01E-05;3,07E-06;4,56E-05;3,93E-06;3,99E-05;4,66E-06;3,34E-05;5,26E-06;2,62E-05;5,75E-06;2,47E-05;6,33E-06;3,55E-05;7,25E-06;5,89E-05;8,77E-06;9,54E-05;1,12E-05;0,000145488;1,47E-05;0,000209442;1,91E-05;0,00020485;2,24E-05;0,000128404;2,43E-05;5,96E-05;2,48E-05;-1,30E-06;2,43E-05;-5,46E-05;2,27E-05;-0,00010099;2,03E-05;-0,0001407;1,71E-05;-0,000173757;1,34E-05;-0,000199914;9,16E-06;-0,000218854;4,66E-06;-0,000230319;-0,000234157;6,32E-06; 
2,073451151;-0,00013933;-2,75E-06;-0,000134265;-5,30E-06;-0,000119217;-7,46E-06;-9,46E-05;-9,03E-06;-6,08E-05;-9,83E-06;-1,83E-05;-9,70E-06;3,29E-05;-8,43E-06;9,74E-05;-5,68E-06;0,000180171;-1,10E-06;0,000280933;5,67E-06;0,000399331;1,50E-05;0,000535095;2,72E-05;0,000688263;4,13E-05;0,000655297;5,22E-05;0,000437501;5,89E-05;0,000239552;6,19E-05;6,13E-05;6,15E-05;-9,66E-05;5,82E-05;-0,00023356;5,23E-05;-0,000349165;4,43E-05;-0,000443333;3,47E-05;-0,000516242;2,38E-05;-0,000568133;1,21E-05;-0,0005992;-0,000609545;-1,00E-05; 
;;;;;;;;;;;;;;;;;;;;;;;;;;;;;;;;;;;;;;;;;;;;;;;;;; 
;;;;;;;;;;;;;;;;;;;;;;;;;;;;;;;;;;;;;;;;;;;;;;;;;; 
;;;;;;;;;;;;;;;;;;;;;;;;;;;;;;;;;;;;;;;;;;;;;;;;;; 
