0; 0; 0; 0; 0; 0; 0; 0; 0; 0; 0; 0; 0; 0; 
0,011023132117858924; -0,000623834287266233; -4,973270296040344E-05; 0,0005195820134102156; 9,900786176127488E-05; 7,865186650228233E-16; -4,9732702960497894E-05; -0,0005195820134117236; 0,0006238342872676752; -64007747,583622515; -64007747,583515525; -64007747,583568774; -64007747,58361273; -64007747,583505735; 
0,022046264235717847; -0,00044236487070072457; -3,0654993586008955E-05; 0,0003652899856234966; 6,110732823371485E-05; 1,2392418961467526E-16; -3,065499358617495E-05; -0,0003652899856245284; 0,0004423648707025401; -28124488,31038026; -28124488,31030468; -28124488,310341727; -28124488,310373034; -28124488,310297456; 
0,03306939635357677; 0,0005131820054781488; 3,476606014856811E-05; -0,000423383991093728; -6,932135772284669E-05; -4,764246267472393E-16; 3,4766060148673753E-05; 0,00042338399109491647; -0,0005131820054795728; 29333576,16481869; 29333576,164731044; 29333576,16477392; 29333576,164810278; 29333576,164722636; 
0,044092528471435695; 0,00042649464243365106; 3,815275375205538E-05; -0,0003575323488429223; -7,587427391974088E-05; 1,8454376993241015E-17; 3,815275375227268E-05; 0,0003575323488439936; -0,00042649464243582966; 60345911,43119706; 60345911,43112369; 60345911,431160696; 60345911,43119057; 60345911,431117214; 
0,05511566058929462; 0,0010442784115092382; 7,775189986639502E-05; -0,0008670301051944171; -0,00015489809990692124; -1,6953435075866242E-15; 7,775189986644158E-05; 0,0008670301051968845; -0,0010442784115107812; 84507547,40266487; 84507547,40248603; 84507547,40257439; 84507547,40264826; 84507547,40246938; 
0,06613879270715355; 0,000601792820658872; 4,7344346362698145E-05; -0,0004990915276634015; -9,423912669746841E-05; -2,7462705911689706E-16; 4,7344346362913156E-05; 0,0004990915276648707; -0,0006017928206612605; 62816217,06548377; 62816217,065380745; 62816217,065431856; 62816217,065474115; 62816217,0653711; 
0,07716192482501247; 0,00020758200063328056; 1,8879208971514975E-05; -0,00017682367745823239; -3,757688018444986E-05; 5,571787604819462E-17; 1,8879208971630287E-05; 0,00017682367745872787; -0,0002075820006343826; 25245195,650836114; 25245195,65080015; 25245195,650818452; 25245195,650833227; 25245195,65079726; 
0,08818505694287139; -7,79199043876674E-05; -1,1874957209046301E-05; 7,165238765784178E-05; 2,358335540394191E-05; -5,408787619297964E-16; -1,187495720923195E-05; -7,16523876580482E-05; 7,791990438916143E-05; -23225193,722686727; -23225193,722672727; -23225193,722680546; -23225193,722686127; -23225193,722672127; 
0,09920818906073031; -0,0009554862356200765; -6,635209134170631E-05; 0,00078588380808474; 0,00013221756076529332; 1,4186920941646135E-15; -6,635209134177479E-05; -0,0007858838080869958; 0,0009554862356217508; -68061411,29159431; -68061411,29143137; -68061411,29151112; -68061411,29157843; -68061411,29141547; 
0,11023132117858923; -0,000551940804190715; -5,134775017601613E-05; 0,0004679164913174589; 0,00010214221117031385; 5,490552724414389E-16; -5,134775017615364E-05; -0,00046791649131883465; 0,000551940804192367; -77175605,32648234; -77175605,32638693; -77175605,3264355; -77175605,32647447; -77175605,32637905; 
0,12125445329644816; -0,000936059584456105; -6,53338689203867E-05; 0,0007703770230294571; 0,0001301819186591617; 6,584909911909551E-16; -6,533386892063838E-05; -0,0007703770230316502; 0,0009360595844591733; -67906680,06083538; -67906680,0606757; -67906680,06075388; -67906680,06081983; -67906680,06066015; 
0,1322775854143071; -0,00011356886179663062; -1,378668344811529E-05; 0,00010010444010288575; 2,740292175154137E-05; 2,5202537005920117E-16; -1,3786683448118364E-05; -0,00010010444010320991; 0,00011356886179677451; -23655685,60342714; -23655685,603407145; -23655685,603417788; -23655685,60342586; -23655685,603405867; 
0,14330071753216603; 0,00024672838785484003; 2,091149184348131E-05; -0,00020783184620490436; -4,164000824761907E-05; -3,3240622897821776E-17; 2,0911491843596528E-05; 0,00020783184620554035; -0,00024672838785604534; 25484037,09774695; 25484037,09770441; 25484037,09772581; 25484037,097743303; 25484037,09770076; 
0,15432384965002496; 0,0005663370510526526; 4,550154371208342E-05; -0,0004712935842450867; -9,055575637080201E-05; -8,982828212600108E-16; 4,5501543712117135E-05; 0,00047129358424641233; -0,0005663370510535062; 62602567,80830913; 62602567,80821206; 62602567,8082604; 62602567,80830022; 62602567,80820312; 
0,1653469817678839; 0,0010647194602776088; 7,874100860063705E-05; -0,0008823959717739922; -0,00015687685613133615; -1,0617389578825963E-15; 7,874100860086198E-05; 0,000882395971776576; -0,0010647194602806521; 84356741,96856071; 84356741,96837853; 84356741,96846841; 84356741,96854362; 84356741,96836141; 
0,17637011388574284; 0,0004262817407060069; 3,8297994835590015E-05; -0,00035881375401529354; -7,615999649350356E-05; 7,19743876734404E-17; 3,829799483581224E-05; 0,0003588137540162925; -0,0004262817407081474; 60936313,992780715; 60936313,99270725; 60936313,99274439; 60936313,99277437; 60936313,99270089; 
0,18739324600360177; 0,0004954889613648879; 3,3667577169412295E-05; -0,00040739740396195844; -6,712997882279114E-05; -1,1980317601748604E-15; 3,366757716933502E-05; 0,0004073974039631759; -0,0004954889613649269; 28514261,088636555; 28514261,088552065; 28514261,08859333; 28514261,088628296; 28514261,088543802; 
0,1984163781214607; -0,00040882529427244244; -2,864111829518646E-05; 0,00033623190908947697; 5,7089970054861364E-05; 7,89353134554148E-16; -2,8641118295176073E-05; -0,0003362319090904934; 0,00040882529427289655; -26840384,501071896; -26840384,501002178; -26840384,501036316; -26840384,501065098; -26840384,500995375; 
0,20943951023931964; -0,0006603519451971723; -5,1873881146299794E-05; 0,0005511759124085839; 0,00010328079923967882; 8,625563390747098E-16; -5,1873881146384545E-05; -0,0005511759124101262; 0,0006603519451985308; -65278247,67758564; -65278247,67747228; -65278247,6775287; -65278247,6775754; -65278247,677462034; 
0,22046264235717858; -0,0007427604129796358; -5,9840066520264506E-05; 0,0006172066605790813; 0,00011912040376949143; 2,0346699786316107E-16; -5,984006652056891E-05; -0,0006172066605809141; 0,0007427604129828936; -78114254,44900581; -78114254,44887854; -78114254,44894186; -78114254,44899401; -78114254,44886674; 
0,23148577447503751; -0,0008909221138776102; -6,503287824392838E-05; 0,000739955701228496; 0,00012956913072459194; 1,2831851109598082E-15; -6,50328782440062E-05; -0,0007399557012305861; 0,0008909221138792236; -69399598,3384313; -69399598,33827871; -69399598,338354; -69399598,33841719; -69399598,33826455; 
0,24250890659289645; -8,909670683093225E-06; -5,732316231619138E-06; 8,482313817491136E-06; 1,1322296756400575E-05; 3,2562832784106444E-17; -5,732316231626871E-06; -8,482313817552413E-06; 8,909670683150099E-06; -19723339,917076055; -19723339,917074434; -19723339,917075746; -19723339,917076007; -19723339,91707438; 
0,25353203871075536; 2,612565477528222E-05; 6,416446628920618E-06; -2,184429773800446E-05; -1,2691448165676581E-05; -2,68954997943358E-16; 6,416446628872728E-06; 2,184429773808801E-05; -2,6125654774910908E-05; 19693043,959400885; 19693043,9593964; 19693043,959399033; 19693043,95940047; 19693043,95939599; 
0,2645551708286143; 0,0008398503149570821; 6,292560577862496E-05; -0,0007002609310521327; -0,00012535657896435337; -7,921962817473123E-16; 6,292560577881407E-05; 0,0007002609310541558; -0,0008398503149595437; 69219776,11251688; 69219776,11237279; 69219776,11244416; 69219776,11250381; 69219776,11235969; 
0,27557830294647323; 0,000814448099022706; 6,261711380721176E-05; -0,000672493760044666; -0,00012467344521702116; -4,98425584441218E-16; 6,261711380745879E-05; 0,0006724937600465823; -0,0008144480990255411; 78148425,65943654; 78148425,65929742; 78148425,65936616; 78148425,65942322; 78148425,65928409; 
0,28660143506433217; 0,0005833235175980994; 4,923023500120202E-05; -0,0004926178169848949; -9,799145867574694E-05; -1,0019005026778016E-15; 4,9230235001235303E-05; 0,0004926178169863671; -0,0005833235175990392; 65596614,00817987; 65596614,0080792; 65596614,00812987; 65596614,00817136; 65596614,00807067; 
0,2976245671821911; 0,0004778216846538588; 3,051295475617748E-05; -0,00038735071448469337; -6,083721279327506E-05; -4,094153995799153E-16; 3,051295475627332E-05; 0,0003873507144857415; -0,0004778216846551361; 26171255,623593517; 26171255,623512566; 26171255,623551656; 26171255,623585034; 26171255,623504084; 
0,30864769930005004; -0,0005411865656041225; -3,390665402964956E-05; 0,0004387590234428148; 6,761925945555328E-05; 9,845996601383168E-16; -3,3906654029623974E-05; -0,00043875902344399695; 0,0005411865656045176; -27033107,910044473; -27033107,909952767; -27033107,909996994; -27033107,910034873; -27033107,90994317; 
0,319670831417909; -0,0004055272481041241; -3,963989632911136E-05; 0,0003483205903470346; 7,883025282580028E-05; -2,3280855764094163E-16; -3,96398963293888E-05; -0,0003483205903481317; 0,0004055272481067831; -62925707,46708956; -62925707,46701903; -62925707,46705531; -62925707,467084184; -62925707,467013635; 
0,3306939635357679; -0,0010611148679904978; -7,586919182074088E-05; 0,0008726443458828014; 0,00015115232053232696; 1,3846117389122262E-15; -7,586919182085898E-05; -0,0008726443458852316; 0,0010611148679925894; -81760485,77859783; -81760485,77841692; -81760485,77850565; -81760485,77858019; -81760485,77839924; 
0,34171709565362685; -0,0005846473779363482; -4,9301837108040466E-05; 0,0004932543887995224; 9,81345429860311E-05; 8,193826358193786E-16; -4,9301837108124275E-05; -0,0004932543888010266; 0,0005846473779377175; -65590992,53892023; -65590992,538819365; -65590992,53887011; -65590992,53891166; -65590992,5388108; 
0,3527402277714858; -0,00022965269789823207; -1,7179661111505725E-05; 0,00018685426630737036; 3,4196517091041836E-05; -3,0809136713614027E-16; -1,7179661111680234E-05; -0,00018685426630784467; 0,00022965269789979663; -22586892,604057126; -22586892,604018148; -22586892,604037236; -22586892,60405311; -22586892,604014136; 
0,3637633598893447; 0,00010830810714738284; 1,0699464120252274E-05; -8,88511768087829E-05; -2,124937435193931E-05; 2,615959926677399E-16; 1,0699464120365963E-05; 8,885117680899162E-05; -0,000108308107148323; 20808557,931054328; 20808557,931035873; 20808557,93104518; 20808557,931052487; 20808557,931034036; 
0,37478649200720365; 0,0009157042802906517; 6,686596788374919E-05; -0,0007604305690535877; -0,00013323076173421352; -8,902347783598464E-16; 6,686596788394804E-05; 0,0007604305690558141; -0,0009157042802933232; 70149029,67751265; 70149029,67735581; 70149029,6774332; 70149029,67749806; 70149029,67734124; 
0,3858096241250626; 0,0005993736666091197; 5,1474807808055374E-05; -0,0005004076874026791; -0,00010240807370417768; -8,115346051590177E-16; 5,147480780813485E-05; 0,0005004076874041091; -0,0005993736666103558; 75456794,43188018; 75456794,4317773; 75456794,43182889; 75456794,4318709; 75456794,43176796; 
0,3968327562429215; 0,0008853217566771271; 6,47351048673938E-05; -0,0007341967478120234; -0,00012897523455930246; -8,928343314123978E-16; 6,473510486757392E-05; 0,000734196747814146; -0,0008853217566795864; 69262986,6172407; 69262986,61708915; 69262986,6171639; 69262986,61722653; 69262986,617075; 
0,40785588836078046; 0,00016154818137664902; 1,4585906000899092E-05; -0,0001352064119470623; -2,9008490535375473E-05; 1,9888629122144564E-16; 1,4585906001029664E-05; 0,00013520641194745983; -0,0001615481813778416; 22621406,43292624; 22621406,43289848; 22621406,432912484; 22621406,432923775; 22621406,432896003; 
0,4188790204786394; -0,00028550633513504053; -2,160954576156606E-05; 0,00023674986662433357; 4,3041065331335804E-05; -1,3459010960190022E-16; -2,1609545761734897E-05; -0,00023674986662503174; 0,0002855063351367059; -24716229,706243712; -24716229,706194844; -24716229,706219006; -24716229,706239134; -24716229,706190266; 
0,42990215259649833; -0,0005421279211959403; -4,515889474304655E-05; 0,00045282132061565204; 8,986702703257614E-05; 5,760820632796396E-16; -4,515889474315535E-05; -0,00045282132061693833; 0,0005421279211973599; -63153322,46769809; -63153322,46760497; -63153322,46765157; -63153322,4676897; -63153322,46759658; 
0,44092528471435727; -0,0010712876444926322; -7,858724374935315E-05; 0,0008879896009356018; 0,00015657135462301996; 1,573197273784147E-15; -7,858724374944966E-05; -0,0008879896009381949; 0,0010712876444946712; -83997572,79577048; -83997572,79558714; -83997572,79567759; -83997572,7957533; -83997572,79556997; 
0,4519484168322162; -0,00043745402182657813; -3,893976188117939E-05; 0,00036615327371632156; 7,744293113743236E-05; -2,644973204267753E-16; -3,893976188145397E-05; -0,00036615327371734147; 0,0004374540218291456; -61095609,81917304; -61095609,81909785; -61095609,81913574; -61095609,81916635; -61095609,81909114; 
0,46297154895007514; -0,0004694218704934379; -3,2693765442030885E-05; 0,0003894257548924064; 6,518150033764839E-05; 8,676485781686476E-16; -3,269376544203038E-05; -0,00038942575489357885; 0,0004694218704940474; -28596156,510440398; -28596156,51036003; -28596156,51039952; -28596156,5104329; -28596156,51035253; 
0,4739946810679341; 0,00037293393014632903; 2,7599680249309828E-05; -0,0003116968522850903; -5,5003658086018996E-05; -2,447197304054254E-16; 2,75996802494288E-05; 0,000311696852286049; -0,00037293393014775666; 27226747,770614456; 27226747,770550393; 27226747,770582132; 27226747,770608716; 27226747,77054465; 
0,485017813185793; 0,0007000100407410264; 5,2677725041075596E-05; -0,0005774371126662169; -0,00010489450806589596; -1,1053704811534487E-15; 5,267772504110746E-05; 0,0005774371126678167; -0,0007000100407420145; 64520806,155621715; 64520806,155502185; 64520806,15556113; 64520806,15561022; 64520806,15549067; 
0,49604094530365195; 0,0007049445765267867; 5,954243800718026E-05; -0,0005936578594414513; -0,00011851646347069; -4,743726449715578E-16; 5,954243800740925E-05; 0,0005936578594432388; -0,0007049445765294125; 79291275,08194508; 79291275,08182357; 79291275,08188465; 79291275,08193466; 79291275,08181311; 
0,5070640774215108; 0,0009230177190870971; 6,466113625967352E-05; -0,0007577923164953386; -0,00012883755984485767; -7,965203416955955E-16; 6,46611362598777E-05; 0,0007577923164974533; -0,0009230177190897334; 67791372,5667656; 67791372,56660834; 67791372,56668526; 67791372,56675012; 67791372,56659283; 
0,5180872095393697; -1,6132489805897915E-05; 6,787846669820148E-06; 2,7356981342208496E-06; -1,3418230947541577E-05; -2,338154634687227E-16; 6,787846669778505E-06; -2,735698134161911E-06; 1,613248980624819E-05; 21726319,57361235; 21726319,57361412; 21726319,573614486; 21726319,573613595; 21726319,573615354; 
0,5291103416572286; -6,779797574804001E-06; -8,014920828107277E-06; 1,594691356162849E-05; 1,5871731372477315E-05; -1,3370645674854274E-17; -8,014920828136662E-06; -1,5946913561728134E-05; 6,779797575029565E-06; -22005547,47943107; -22005547,479428947; -22005547,479431186; -22005547,479431923; -22005547,479429804; 
0,5401334737750875; -0,0008569892016301531; -6,104729767614495E-05; 0,0007038892831942675; 0,0001216180567356212; 1,2575121819976378E-15; -6,104729767620844E-05; -0,0007038892831962656; 0,0008569892016316333; -66721538,356271684; -66721538,356125616; -66721538,35619718; -66721538,35625732; -66721538,35611125; 
0,5511566058929463; -0,0007949926183741655; -6,4451174317494E-05; 0,0006672353104071699; 0,00012832394563654865; 3,400145776260546E-16; -6,4451174317788E-05; -0,0006672353104091094; 0,0007949926183773641; -80688881,1879302; -80688881,18779336; -80688881,18786182; -80688881,1879182; -80688881,18778136; 
0,5621797380108052; -0,0006092763197196991; -4,774727562377117E-05; 0,0005031385923746082; 9,504324411493593E-05; 6,755968475587839E-16; -4,774727562388352E-05; -0,0005031385923760702; 0,0006092763197212713; -63154083,22159363; -63154083,22148955; -63154083,22154107; -63154083,221583664; -63154083,22147959; 
0,5732028701286641; -0,0004428127253367887; -3,1426219880608594E-05; 0,00036925971615665984; 6,264780475458354E-05; 9,011504073589702E-16; -3,1426219880579293E-05; -0,0003692597161576978; 0,000442812725337062; -28400928,666465327; -28400928,666389342; -28400928,666426834; -28400928,666458435; -28400928,66638245; 
0,584226002246523; 0,0004970676363845292; 3,417120656325911E-05; -0,0004128267777258726; -6,813393903078487E-05; -1,1434933766785368E-15; 3,417120656318879E-05; 0,0004128267777270223; -0,0004970676363845417; 28975713,06615449; 28975713,06606935; 28975713,066111166; 28975713,06614659; 28975713,066061452; 
0,5952491343643819; 0,00045607018745824293; 3,99493028596012E-05; -0,0003801230059039641; -7,946083560659431E-05; -1,1737671230335171E-16; 3,9949302859797266E-05; 0,0003801230059051113; -0,00045607018746030156; 61298051,76721032; 61298051,76713207; 61298051,76717136; 61298051,7672032; 61298051,767124936; 
0,6062722664822408; 0,0010091200268356358; 7,519224762297587E-05; -0,000838813362440287; -0,00014978841499764013; -8,502998002000493E-16; 7,519224762322037E-05; 0,0008388133624426595; -0,0010091200268386798; 83086388,2222951; 83086388,22212218; 83086388,22220768; 83086388,22227915; 83086388,22210623; 
0,6172953986000996; 0,0006318897091235889; 5,006474987991374E-05; -0,0005242440529530376; -9,966790618543423E-05; -1,0342322376737106E-15; 5,0064749879952066E-05; 0,0005242440529545957; -0,0006318897091246355; 64527089,08013865; 64527089,080030456; 64527089,0800842; 64527089,08012856; 64527089,08002036; 
0,6283185307179585; 0,0001932269576259252; 1,661477371810887E-05; -0,0001634848124890741; -3,306067752152298E-05; 2,0910656512041704E-17; 1,6614773718203673E-05; 0,0001634848124895116; -0,0001932269576268416; 23435320,167931635; 23435320,167898256; 23435320,167915095; 23435320,16792884; 23435320,167895462; 
0,6393416628358174; -8,72508709828541E-05; -1,0544854681070354E-05; 7,668508787903252E-05; 2,093539218700657E-05; 2,1372471215385512E-16; -1,0544854681060728E-05; -7,668508787923003E-05; 8,725087098282106E-05; -21474913,80088951; -21474913,800874174; -21474913,80088232; -21474913,800888512; -21474913,80087317; 
0,6503647949536763; -0,0009193717414320506; -6,652432700636723E-05; 0,0007598320831571182; 0,00013255084624593476; 7,139904024868859E-16; -6,652432700660829E-05; -0,0007598320831593268; 0,0009193717414350395; -69659249,55702007; -69659249,55686292; -69659249,55694021; -69659249,55700512; -69659249,55684796; 
0,6613879270715352; -0,0006121667235714502; -5,2250174141488863E-05; 0,0005129695823959197; 0,00010395676980420047; 5,21224987372149E-16; -5,2250174141649413E-05; -0,0005129695823973932; 0,0006121667235733539; -75741698,21427041; -75741698,21416515; -75741698,21421804; -75741698,2142611; -75741698,21415582; 
0,672411059189394; -0,0008596699657890735; -6,372175466631949E-05; 0,0007126061792164265; 0,00012694862758731696; 1,3315804179720802E-15; -6,372175466637791E-05; -0,0007126061792184886; 0,0008596699657905344; -69240486,68516365; -69240486,68501653; -69240486,68508914; -69240486,68514986; -69240486,68500271; 
0,6834341913072529; -0,0001946921748855989; -1,5557952009990524E-05; 0,0001614925595664287; 3,0954818236161615E-05; -3,095389340094393E-16; -1,555795201015977E-05; -0,00016149255956689087; 0,00019469217488714185; -22308647,539037645; -22308647,53900431; -22308647,539020874; -22308647,539034527; -22308647,539001193; 
0,6944573234251118; 0,0003203150534615163; 2,2248071593508802E-05; -0,0002630600315339285; -4,43235083575671E-05; -2,304075227719864E-16; 2,224807159359333E-05; 0,00026306003153468233; -0,0003203150534625629; 23999728,0157324; 23999728,015677806; 23999728,015704498; 23999728,01572703; 23999728,01567244; 
0,7054804555429707; 0,0005105630371663713; 4,5084158572788686E-05; -0,00043038173842945747; -8,9709235289973E-05; -7,319480934174038E-17; 4,508415857302068E-05; 0,000430381738430708; -0,0005105630371687251; 64317158,100908816; 64317158,100820765; 64317158,10086523; 64317158,10090129; 64317158,10081324; 
0,7165035876608296; 0,0010967235417224535; 7,798864993525691E-05; -0,0009043406420103727; -0,00015538624214512994; -1,726027963332904E-15; 7,798864993531469E-05; 0,0009043406420129762; -0,0010967235417242071; 82383766,66114508; 82383766,66095783; 82383766,66104971; 82383766,66112703; 82383766,6609398; 
0,7275267197786884; 0,00041843750648060785; 4,016999468356064E-05; -0,0003559798747833971; -7,988903913456716E-05; -8,279373770894917E-17; 4,0169994683751185E-05; 0,00035597987478443144; -0,00041843750648251; 63113584,588504486; 63113584,588432044; 63113584,58846909; 63113584,588498615; 63113584,58842615; 
0,7385498518965473; 0,0004842048234519375; 3,10158270961491E-05; -0,00039537121065322505; -6,184282625747098E-05; -3,585687081906166E-16; 3,101582709627051E-05; 0,0003953712106543646; -0,00048420482345349936; 26265048,601971827; 26265048,601889513; 26265048,601929408; 26265048,60196351; 26265048,6018812; 
0,7495729840144062; -0,0003873992274536745; -2,5758584587570622E-05; 0,00031678020019554147; 5,13394890743652E-05; 6,308490656549223E-17; -2,5758584587726805E-05; -0,0003167802001964597; 0,0003873992274553845; -24705531,928406075; -24705531,928340178; -24705531,928372223; -24705531,928399455; -24705531,928333562; 
0,7605961161322651; -0,0006814227203073143; -5,436549268080086E-05; 0,000569409476131767; 0,00010825176009002558; 8,056699344111591E-16; -5,436549268091716E-05; -0,0005694094761334022; 0,0006814227203089729; -67097385,646448106; -67097385,646331064; -67097385,646389395; -67097385,6464376; -67097385,64632053; 
0,771619248250124; -0,0007312823510991652; -5,828187292332888E-05; 0,0006077812348086903; 0,00011601272150317109; 9,272968459366292E-16; -5,8281872923437384E-05; -0,0006077812348104579; 0,0007312823511008451; -76783331,06108394; -76783331,06095865; -76783331,06102097; -76783331,06107236; -76783331,06094705; 
0,7826423803679828; -0,0008872508939870858; -6,532786363460772E-05; 0,0007360034492222087; 0,00013015457286925876; 6,6156571740968E-16; -6,532786363484728E-05; -0,0007360034492243215; 0,0008872508939899879; -70136853,51304165; -70136853,51288979; -70136853,51296476; -70136853,51302749; -70136853,5128756; 
0,7936655124858417; -2,8150668967935798E-05; -6,737508390612697E-06; 2,6176486573751473E-05; 1,3332788697264725E-05; -8,550089561777211E-17; -6,737508390655654E-06; -2,6176486573835095E-05; 2,8150668968273466E-05; -19595129,121331565; -19595129,121326473; -19595129,12132955; -19595129,121331375; -19595129,121326283; 
0,8046886446037006; 5,609061241740558E-05; 8,458425014115091E-06; -4,9333504407775615E-05; -1,677157453340159E-05; 4,509567133625168E-16; 8,45842501426244E-06; 4,933350440791705E-05; -5,6090612418589826E-05; 20096880,72469452; 20096880,72468465; 20096880,724690054; 20096880,724693883; 20096880,72468401; 
0,8157117767215595; 0,0008080483324892836; 6,034369891477194E-05; -0,0006702390144288687; -0,00012019928946186125; -1,3487292663930868E-15; 6,034369891480426E-05; 0,0006702390144308173; -0,0008080483324904832; 68434374,56731482; 68434374,56717649; 68434374,56724484; 68434374,56730187; 68434374,56716359; 
0,8267349088394184; 0,0008374289855219424; 6,513299070071928E-05; -0,000696315271378014; -0,00012969766686966836; -7,147994135409093E-16; 6,513299070092496E-05; 0,0006963152713799979; -0,0008374289855244799; 79126690,46715516; 79126690,46701163; 79126690,46708287; 79126690,46714188; 79126690,4669984; 
0,8377580409572772; 0,0005788490385731389; 4,7344653921559045E-05; -0,00048297223362416295; -9,422800113137697E-05; -1,8799713568546217E-16; 4,734465392179117E-05; 0,0004829722336255962; -0,0005788490385756288; 64609543,275886305; 64609543,275786966; 64609543,27583656; 64609543,27587732; 64609543,275777966; 
0,8487811730751361; 0,00045760165077109904; 3,138438653375648E-05; -0,0003776582009232436; -6,257287673857204E-05; -1,0264592633529553E-15; 3,1384386533695625E-05; 0,00037765820092428763; -0,00045760165077113427; 27027565,524196323; 27027565,524118166; 27027565,52415643; 27027565,524188843; 27027565,524110667; 
0,859804305192995; -0,0004952557089529939; -3,3653106524713486E-05; 0,0004087455690516382; 6,710665572412114E-05; 7,832522052939878E-16; -3,3653106524731044E-05; -0,0004087455690527704; 0,000495255708953692; -27690590,800930455; -27690590,80084585; -27690590,800887246; -27690590,800922345; -27690590,800837737; 
0,8708274373108539; -0,0004726045836464572; -4,08319847565465E-05; 0,00039512636381981774; 8,121832682399416E-05; 6,1202849752672E-16; -4,0831984756623904E-05; -0,0003951263638210015; 0,0004726045836476; -62455956,57849875; -62455956,57841757; -62455956,57845835; -62455956,57849147; -62455956,57841029; 
0,8818505694287128; -0,0009820695685918031; -7,417115388353537E-05; 0,0008163072188630186; 0,00014775313911399458; 6,94765382827825E-16; -7,41711538838104E-05; -0,0008163072188653445; 0,0009820695685950648; -82119496,54206662; -82119496,54189831; -82119496,54198165; -82119496,54205109; -82119496,54188278; 
0,8928737015465716; -0,0006639656839267105; -5,093982562639654E-05; 0,0005498271567897661; 0,00010141377210151436; 7,26152122436336E-16; -5,0939825626521904E-05; -0,0005498271567913684; 0,0006639656839284622; -65230341,60126876; -65230341,6011552; -65230341,6012114; -65230341,601258054; -65230341,601144485; 
0,9038968336644305; -0,00016156542144153186; -1,6155156868634578E-05; 0,00013918412583194194; 3,214387755156629E-05; 4,096329019656976E-16; -1,6155156868613704E-05; -0,0001391841258323481; 0,00016156542144152454; -23057137,39263682; -23057137,392608657; -23057137,39262319; -23057137,392634712; -23057137,392606564; 
0,9149199657822894; 6,012469215904643E-05; 1,0687608307551677E-05; -5,692026145749048E-05; -2,122024629705319E-05; -3,114620202627721E-16; 1,0687608307515148E-05; 5,692026145767764E-05; -6,012469215879728E-05; 21453129,674240924; 21453129,67422995; 21453129,674236268; 21453129,67424061; 21453129,674229648; 
0,9259430979001483; 0,0009400741531869763; 6,57243475023333E-05; -0,000773643577484586; -0,00013095413877764548; -1,0547278804244262E-15; 6,57243475024851E-05; 0,0007736435774867816; -0,0009400741531892578; 69336392,33316912; 69336392,3330088; 69336392,33308733; 69336392,33315353; 69336392,33299318; 
0,9369662300180072; 0,0005972289739418938; 5,3614618796562587E-05; -0,000504437574874476; -0,0001066807665145059; -9,284967173236614E-17; 5,361461879683849E-05; 0,0005044375748759824; -0,0005972289739447196; 76350707,62644064; 76350707,62633756; 76350707,62638977; 76350707,62643194; 76350707,62632886; 
0,947989362135866; 0,0008717012568784196; 6,201231141422855E-05; -0,0007183397250486017; -0,00012353617757871873; -1,396727495091062E-15; 6,201231141426199E-05; 0,0007183397250506207; -0,0008717012568796632; 68443784,06336531; 68443784,06321655; 68443784,06328957; 68443784,06335095; 68443784,06320216; 
0,9590124942537249; 0,0001814225544033071; 1,731743108945337E-05; -0,00015502061784170755; -3,446707763914005E-05; -7,954260111729055E-17; 1,7317431089531954E-05; 0,00015502061784221198; -0,00018142255440415655; 23170327,580834586; 23170327,580803104; 23170327,580819216; 23170327,580832116; 23170327,580800615; 
0,9700356263715838; -0,0003016286108242964; -2,375794615870532E-05; 0,00025227455132122454; 4,733645554522594E-05; 7,070931685845647E-16; -2,375794615867469E-05; -0,0002522745513220076; 0,0003016286108244481; -24800406,620682172; -24800406,620630328; -24800406,620656148; -24800406,620677546; -24800406,620625705; 
0,9810587584894427; -0,0005376201332957276; -4,40580855521112E-05; 0,0004480590243966813; 8,76620090417143E-05; -2,9776522789648916E-17; -4,405808555236703E-05; -0,0004480590243979247; 0,0005376201332982733; -63685485,366134785; -63685485,36604256; -63685485,36608859; -63685485,36612637; -63685485,366034135; 
0,9920818906073016; -0,001060529553495592; -7,841772833017276E-05; 0,0008789666190283685; 0,00015624053844238362; 1,3581233004423556E-15; -7,841772833032206E-05; -0,000878966619030953; 0,001060529553498044; -82772953,64951771; -82772953,64933622; -82772953,64942576; -82772953,64950068; -82772953,64931917; 
1,0031050227251606; -0,00046195151719783637; -4,030752605823631E-05; 0,0003877431357194188; 8,016553586755084E-05; 5,594946368871193E-16; -4,030752605831185E-05; -0,0003877431357204958; 0,0004619515171988704; -62997844,90569076; -62997844,90561124; -62997844,9056513; -62997844,90568379; -62997844,90560427; 
1,0141281548430194; -0,00043752590266190293; -3,0475230727421058E-05; 0,0003604322385041733; 6,076107587005789E-05; 2,2895833739057196E-16; -3,0475230727566263E-05; -0,00036043223850525417; 0,00043752590266360654; -26116750,586211756; -26116750,586137082; -26116750,586173642; -26116750,586204536; -26116750,58612985; 
1,0251512869608783; 0,0003431880636902762; 2,5065109061256162E-05; -0,0002831059635503983; -4,995467298802051E-05; -3,767159011523762E-16; 2,506510906132253E-05; 0,00028310596355125356; -0,00034318806369123314; 24331425,97913083; 24331425,979072202; 24331425,979101025; 24331425,979125187; 24331425,979066577; 
1,0361744190787372; 0,0007172834959696225; 5,493910364171254E-05; -0,0005971615436026205; -0,00010939572070763096; -4,0163718303433974E-16; 5,4939103641940133E-05; 0,0005971615436043106; -0,0007172834959721986; 67647918,8425507; 67647918,8424277; 67647918,84248868; 67647918,84253941; 67647918,84241644; 
1,047197551196596; 0,0007085767034712439; 5,805136380155198E-05; -0,00058976123266244; -0,00011555552544571362; -9,84525100352648E-16; 5,805136380164089E-05; 0,0005897612326641715; -0,0007085767034727371; 76097756,29342467; 76097756,29330316; 76097756,29336376; 76097756,2934135; 76097756,29329202; 
1,058220683314455; 0,0008941517628241073; 6,509935537118645E-05; -0,0007422006520801633; -0,00012969242412982397; -1,0263610938938996E-15; 6,509935537133369E-05; 0,0007422006520822877; -0,0008941517628263028; 70939686,2196604; 70939686,21950732; 70939686,21958286; 70939686,2196462; 70939686,21949309; 
1,0692438154323138; 3,698521622389141E-05; 7,404085159902245E-06; -3,171158866531937E-05; -1,467207940251024E-05; 5,070893629730048E-16; 7,404085160056384E-06; 3,1711588665416144E-05; -3,698521622509859E-05; 18661138,81207767; 18661138,812071234; 18661138,812074885; 18661138,81207718; 18661138,812070727; 
1,0802669475501727; -7,79485380952799E-05; -9,409545918032508E-06; 6,439632336943138E-05; 1,8681205485426004E-05; -4,926276165686033E-16; -9,409545918197576E-06; -6,43963233696051E-05; 7,794853809661209E-05; -18987746,081110246; -18987746,081096925; -18987746,081103813; -18987746,081108972; -18987746,08109563; 
1,0912900796680316; -0,0007778187852175776; -5,935555860593968E-05; 0,0006493965821617127; 0,00011821391627837713; 9,455836882856885E-16; -5,935555860606612E-05; -0,0006493965821636197; 0,0007778187852195002; -69781807,93373844; -69781807,9336049; -69781807,93367122; -69781807,93372642; -69781807,93359286; 
1,1023132117858905; -0,0008705868074375491; -6,587914324296633E-05; 0,0007185774541545442; 0,0001312012315741645; 1,1849286000497838E-15; -6,587914324306023E-05; -0,000718577454156568; 0,0008705868074392257; -77476098,91299036; -77476098,9128417; -77476098,91291507; -77476098,91297615; -77476098,91282742; 
