data__time;data__result__001;data__result__002;data__result__003;data__result__004;data__result__005;data__result__006
0,314159265;0,017146751;0,010264628;0,034333279;1,06E-18;0,017146751;-0,010264628
0,628318531;0,01804423;0,010824808;0,036089121;1,19E-18;0,01804423;-0,010824808
0,942477796;0,017185997;0,010289863;0,034411588;9,25E-19;0,017185997;-0,010289863
1,256637061;0,018006562;0,010800641;0,036014074;8,45E-19;0,018006562;-0,010800641
1,570796327;0,017222147;0,010313005;0,034483505;7,93E-19;0,017222147;-0,010313005
1,884955592;0,017971872;0,010778481;0,035945162;9,06E-19;0,017971872;-0,010778481
2,199114858;0,017255433;0,010334224;0,034549534;7,61E-19;0,017255433;-0,010334224
2,513274123;0,017939937;0,010758164;0,035881899;9,27E-19;0,017939937;-0,010758164
2,827433388;0,017286068;0,010353675;0,034610141;8,64E-19;0,017286068;-0,010353675
3,141592654;0,017910552;0,010739542;0,03582384;9,39E-19;0,017910552;-0,010739542
3,455751919;0,017314253;0,010371503;0,034665756;9,15E-19;0,017314253;-0,010371503
3,769911184;0,017883523;0,010722477;0,035770571;9,52E-19;0,017883523;-0,010722477
4,08407045;0,017340171;0,010387837;0,034716774;9,49E-19;0,017340171;-0,010387837
4,398229715;0,017858672;0,010706843;0,035721713;1,02E-18;0,017858672;-0,010706843
4,71238898;0,017363995;0,0104028;0,034763559;9,28E-19;0,017363995;-0,0104028
5,026548246;0,017835835;0,010692524;0,035676916;9,05E-19;0,017835835;-0,010692524
5,340707511;0,017385884;0,010416502;0,034806449;9,04E-19;0,017385884;-0,010416502
5,654866776;0,017814857;0,010679413;0,035635855;9,31E-19;0,017814857;-0,010679413
5,969026042;0,017405986;0,010429046;0,034845755;9,03E-19;0,017405986;-0,010429046
6,283185307;0,017795597;0,010667413;0,035598234;9,90E-19;0,017795597;-0,010667413
6,597344573;0,017424438;0,010440526;0,034881761;9,61E-19;0,017424438;-0,010440526
6,911503838;0,017777922;0,010656432;0,035563776;9,44E-19;0,017777922;-0,010656432
7,225663103;0,017441366;0,010451028;0,034914733;9,73E-19;0,017441366;-0,010451028
7,539822369;0,01776171;0,010646388;0,03553223;9,72E-19;0,01776171;-0,010646388
7,853981634;0,01745689;0,010460633;0,034944912;9,76E-19;0,01745689;-0,010460633
8,168140899;0,017746847;0,010637204;0,035503361;9,92E-19;0,017746847;-0,010637204
8,482300165;0,017471118;0,010469413;0,034972525;9,57E-19;0,017471118;-0,010469413
8,79645943;0,017733229;0,01062881;0,035476954;9,73E-19;0,017733229;-0,01062881
9,110618695;0,01748415;0,010477436;0,034997776;9,88E-19;0,01748415;-0,010477436
9,424777961;0,017720758;0,010621142;0,03545281;9,99E-19;0,017720758;-0,010621142
9,738937226;0,017496082;0,010484764;0,035020858;1,00E-18;0,017496082;-0,010484764
10,05309649;0,017709345;0,01061414;0,035430747;9,93E-19;0,017709345;-0,01061414
10,36725576;0,017506998;0,010491454;0,035041944;1,00E-18;0,017506998;-0,010491454
10,68141502;0,017698906;0,010607749;0,035410596;9,97E-19;0,017698906;-0,010607749
10,99557429;0,017516979;0,010497558;0,035061198;9,98E-19;0,017516979;-0,010497558
11,30973355;0,017689364;0,01060192;0,035392202;1,01E-18;0,017689364;-0,01060192
11,62389282;0,0175261;0,010503125;0,035078769;9,92E-19;0,0175261;-0,010503125
11,93805208;0,017680647;0,010596605;0,035375421;9,85E-19;0,017680647;-0,010596605
12,25221135;0,017534429;0,010508198;0,035094793;9,70E-19;0,017534429;-0,010508198
12,56637061;0,01767269;0,010591762;0,035360122;9,75E-19;0,01767269;-0,010591762
12,88052988;0,017542029;0,01051282;0,035109397;9,72E-19;0,017542029;-0,01051282
13,19468915;0,017665433;0,010587353;0,035346183;9,74E-19;0,017665433;-0,010587353
13,50884841;0,017548958;0,010517026;0,035122698;9,76E-19;0,017548958;-0,010517026
13,82300768;0,017658818;0,010583341;0,035333493;9,75E-19;0,017658818;-0,010583341
14,13716694;0,017555272;0,010520853;0,035134804;9,78E-19;0,017555272;-0,010520853
14,45132621;0,017652793;0,010579692;0,035321948;9,80E-19;0,017652793;-0,010579692
14,76548547;0,017561019;0,010524331;0,035145813;9,83E-19;0,017561019;-0,010524331
15,07964474;0,017647312;0,010576378;0,035311453;9,79E-19;0,017647312;-0,010576378
15,393804;0,017566246;0,010527489;0,035155815;9,81E-19;0,017566246;-0,010527489
15,70796327;0,017642329;0,010573368;0,035301921;9,78E-19;0,017642329;-0,010573368
16,02212253;0,017570995;0,010530355;0,035164896;9,78E-19;0,017570995;-0,010530355
16,3362818;0,017637803;0,010570639;0,035293272;9,79E-19;0,017637803;-0,010570639
16,65044106;0,017575307;0,010532954;0,035173132;9,82E-19;0,017575307;-0,010532954
16,96460033;0,017633697;0,010568166;0,035285431;9,81E-19;0,017633697;-0,010568166
17,27875959;0,017579216;0,010535307;0,035180594;9,82E-19;0,017579216;-0,010535307
17,59291886;0,017629976;0,010565927;0,035278331;9,80E-19;0,017629976;-0,010565927
17,90707813;0,017582757;0,010537436;0,035187348;9,85E-19;0,017582757;-0,010537436
18,22123739;0,017626608;0,010563903;0,035271909;9,74E-19;0,017626608;-0,010563903
18,53539666;0,01758596;0,01053936;0,035193453;9,83E-19;0,01758596;-0,01053936
18,84955592;0,017623563;0,010562075;0,035266107;9,80E-19;0,017623563;-0,010562075
19,16371519;0,017588853;0,010541097;0,035198965;9,84E-19;0,017588853;-0,010541097
19,47787445;0,017620814;0,010560426;0,035260872;9,80E-19;0,017620814;-0,010560426
19,79203372;0,017591464;0,010542662;0,035203935;9,93E-19;0,017591464;-0,010542662
20,10619298;0,017618336;0,010558941;0,035256156;9,89E-19;0,017618336;-0,010558941
20,42035225;0,017593815;0,010544071;0,035208409;9,93E-19;0,017593815;-0,010544071
20,73451151;0,017616106;0,010557605;0,035251913;9,91E-19;0,017616106;-0,010557605
21,04867078;0,017595929;0,010545336;0,035212431;9,93E-19;0,017595929;-0,010545336
21,36283004;0,017614103;0,010556406;0,035248103;9,91E-19;0,017614103;-0,010556406
21,67698931;0,017597827;0,010546472;0,035216039;1,00E-18;0,017597827;-0,010546472
21,99114858;0,017612306;0,010555331;0,035244688;9,94E-19;0,017612306;-0,010555331
22,30530784;0,017599527;0,010547489;0,03521927;1,00E-18;0,017599527;-0,010547489
22,61946711;0,017610698;0,01055437;0,035241632;9,88E-19;0,017610698;-0,01055437
22,93362637;0,017601047;0,010548397;0,035222157;9,93E-19;0,017601047;-0,010548397
23,24778564;0,017609262;0,010553512;0,035238905;9,89E-19;0,017609262;-0,010553512
23,5619449;0,017602403;0,010549207;0,035224732;9,91E-19;0,017602403;-0,010549207
23,87610417;0,017607983;0,010552748;0,035236477;9,86E-19;0,017607983;-0,010552748
24,19026343;0,017603608;0,010549927;0,035227021;9,82E-19;0,017603608;-0,010549927
24,5044227;0,017606848;0,01055207;0,03523432;9,79E-19;0,017606848;-0,01055207
24,81858196;0,017604677;0,010550565;0,035229051;9,68E-19;0,017604677;-0,010550565
25,13274123;0,017605842;0,01055147;0,035232411;9,79E-19;0,017605842;-0,01055147
25,44690049;0,017605622;0,010551129;0,035230845;9,85E-19;0,017605622;-0,010551129
25,76105976;0,017604955;0,01055094;0,035230727;9,63E-19;0,017604955;-0,01055094
26,07521902;0,017606454;0,010551626;0,035232425;9,52E-19;0,017606454;-0,010551626
26,38937829;0,017604175;0,010550474;0,035229246;9,48E-19;0,017604175;-0,010550474
26,70353756;0,017607184;0,010552062;0,035233811;9,59E-19;0,017607184;-0,010552062
27,01769682;0,017603493;0,010550067;0,035227951;9,51E-19;0,017603493;-0,010550067
27,33185609;0,01760782;0,010552442;0,03523502;9,47E-19;0,01760782;-0,010552442
27,64601535;0,0176029;0,010549712;0,035226823;9,55E-19;0,0176029;-0,010549712
27,96017462;0,017608373;0,010552773;0,035236071;9,53E-19;0,017608373;-0,010552773
28,27433388;0,017602386;0,010549405;0,035225846;9,48E-19;0,017602386;-0,010549405
28,58849315;0,017608849;0,010553058;0,035236977;9,40E-19;0,017608849;-0,010553058
28,90265241;0,017601945;0,010549141;0,035225007;9,39E-19;0,017601945;-0,010549141
29,21681168;0,017609257;0,010553302;0,035237752;9,33E-19;0,017609257;-0,010553302
29,53097094;0,017601569;0,010548916;0,035224292;9,39E-19;0,017601569;-0,010548916
29,84513021;0,017609603;0,010553509;0,03523841;9,39E-19;0,017609603;-0,010553509
30,15928947;0,017601253;0,010548725;0,035223688;9,31E-19;0,017601253;-0,010548725
30,47344874;0,017609892;0,010553683;0,035238963;9,24E-19;0,017609892;-0,010553683
30,78760801;0,017600989;0,010548567;0,035223185;9,20E-19;0,017600989;-0,010548567
31,10176727;0,017610131;0,010553827;0,03523942;9,14E-19;0,017610131;-0,010553827
31,41592654;0,017600773;0,010548436;0,035222771;9,12E-19;0,017600773;-0,010548436
31,7300858;0,017610325;0,010553945;0,035239791;9,10E-19;0,017610325;-0,010553945
32,04424507;0,0176006;0,010548332;0,035222439;8,97E-19;0,0176006;-0,010548332
32,35840433;0,017610478;0,010554038;0,035240086;9,01E-19;0,017610478;-0,010554038
32,6725636;0,017600466;0,010548249;0,035222179;9,13E-19;0,017600466;-0,010548249
32,98672286;0,017610595;0,01055411;0,035240313;9,08E-19;0,017610595;-0,01055411
33,30088213;0,017600365;0,010548187;0,035221985;8,94E-19;0,017600365;-0,010548187
33,61504139;0,01761068;0,010554162;0,035240478;8,97E-19;0,01761068;-0,010554162
33,92920066;0,017600295;0,010548144;0,035221847;9,00E-19;0,017600295;-0,010548144
34,24335992;0,017610736;0,010554198;0,035240589;9,06E-19;0,017610736;-0,010554198
34,55751919;0,017600253;0,010548116;0,035221761;9,10E-19;0,017600253;-0,010548116
34,87167845;0,017610766;0,010554218;0,035240651;9,03E-19;0,017610766;-0,010554218
35,18583772;0,017600234;0,010548103;0,035221721;9,06E-19;0,017600234;-0,010548103
35,49999699;0,017610773;0,010554225;0,035240671;9,03E-19;0,017610773;-0,010554225
35,81415625;0,017600237;0,010548102;0,035221721;9,06E-19;0,017600237;-0,010548102
36,12831552;0,017610761;0,01055422;0,035240653;9,11E-19;0,017610761;-0,01055422
36,44247478;0,017600259;0,010548112;0,035221756;9,03E-19;0,017600259;-0,010548112
36,75663405;0,017610731;0,010554205;0,035240602;9,00E-19;0,017610731;-0,010554205
37,07079331;0,017600297;0,010548132;0,035221822;8,90E-19;0,017600297;-0,010548132
37,38495258;0,017610685;0,01055418;0,035240522;8,90E-19;0,017610685;-0,01055418
37,69911184;0,017600349;0,01054816;0,035221915;8,90E-19;0,017600349;-0,01054816
38,01327111;0,017610627;0,010554148;0,035240416;8,99E-19;0,017610627;-0,010554148
38,32743037;0,017600414;0,010548196;0,035222032;9,02E-19;0,017600414;-0,010548196
38,64158964;0,017610556;0,010554109;0,035240289;9,05E-19;0,017610556;-0,010554109
38,9557489;0,017600489;0,010548238;0,035222169;9,04E-19;0,017600489;-0,010548238
39,26990817;0,017610476;0,010554064;0,035240143;9,18E-19;0,017610476;-0,010554064
39,58406744;0,017600574;0,010548286;0,035222323;9,20E-19;0,017600574;-0,010548286
39,8982267;0,017610388;0,010554014;0,035239981;9,19E-19;0,017610388;-0,010554014
40,21238597;0,017600666;0,010548338;0,035222492;9,14E-19;0,017600666;-0,010548338
40,52654523;0,017610292;0,01055396;0,035239806;9,16E-19;0,017610292;-0,01055396
40,8407045;0,017600765;0,010548394;0,035222673;9,18E-19;0,017600765;-0,010548394
41,15486376;0,01761019;0,010553902;0,03523962;9,23E-19;0,01761019;-0,010553902
41,46902303;0,017600869;0,010548454;0,035222864;9,28E-19;0,017600869;-0,010548454
41,78318229;0,017610084;0,010553841;0,035239424;9,32E-19;0,017610084;-0,010553841
42,09734156;0,017600978;0,010548516;0,035223064;9,27E-19;0,017600978;-0,010548516
42,41150082;0,017609973;0,010553778;0,035239221;9,22E-19;0,017609973;-0,010553778
42,72566009;0,017601089;0,010548579;0,03522327;9,24E-19;0,017601089;-0,010548579
43,03981935;0,01760986;0,010553714;0,035239013;9,27E-19;0,01760986;-0,010553714
43,35397862;0,017601204;0,010548645;0,035223481;9,29E-19;0,017601204;-0,010548645
43,66813788;0,017609745;0,010553648;0,0352388;9,24E-19;0,017609745;-0,010553648
43,98229715;0,01760132;0,010548712;0,035223695;9,23E-19;0,01760132;-0,010548712
44,29645642;0,017609628;0,010553581;0,035238584;9,21E-19;0,017609628;-0,010553581
44,61061568;0,017601438;0,010548779;0,035223912;9,23E-19;0,017601438;-0,010548779
44,92477495;0,01760951;0,010553513;0,035238366;9,24E-19;0,01760951;-0,010553513
45,23893421;0,017601556;0,010548847;0,03522413;9,23E-19;0,017601556;-0,010548847
45,55309348;0,017609391;0,010553445;0,035238148;9,25E-19;0,017609391;-0,010553445
45,86725274;0,017601674;0,010548915;0,035224349;9,26E-19;0,017601674;-0,010548915
46,18141201;0,017609273;0,010553377;0,035237929;9,21E-19;0,017609273;-0,010553377
46,49557127;0,017601792;0,010548982;0,035224567;9,19E-19;0,017601792;-0,010548982
46,80973054;0,017609155;0,01055331;0,035237712;9,22E-19;0,017609155;-0,01055331
47,1238898;0,01760191;0,01054905;0,035224784;9,22E-19;0,01760191;-0,01054905
47,43804907;0,017609038;0,010553242;0,035237496;9,22E-19;0,017609038;-0,010553242
47,75220833;0,017602026;0,010549117;0,035224999;9,21E-19;0,017602026;-0,010549117
48,0663676;0,017608923;0,010553176;0,035237282;9,18E-19;0,017608923;-0,010553176
48,38052687;0,017602141;0,010549183;0,035225211;9,18E-19;0,017602141;-0,010549183
48,69468613;0,017608809;0,01055311;0,035237071;9,15E-19;0,017608809;-0,01055311
49,0088454;0,017602254;0,010549248;0,03522542;9,15E-19;0,017602254;-0,010549248
49,32300466;0,017608696;0,010553046;0,035236863;9,12E-19;0,017608696;-0,010553046
49,63716393;0,017602366;0,010549312;0,035225627;9,12E-19;0,017602366;-0,010549312
49,95132319;0,017608586;0,010552982;0,035236659;9,21E-19;0,017608586;-0,010552982
50,26548246;0,017602475;0,010549375;0,035225829;9,24E-19;0,017602475;-0,010549375
50,57964172;0,017608478;0,01055292;0,035236458;9,20E-19;0,017608478;-0,01055292
50,89380099;0,017602582;0,010549436;0,035226027;9,24E-19;0,017602582;-0,010549436
51,20796025;0,017608372;0,010552859;0,035236262;9,21E-19;0,017608372;-0,010552859
51,52211952;0,017602687;0,010549497;0,035226221;9,18E-19;0,017602687;-0,010549497
51,83627878;0,017608268;0,010552799;0,03523607;9,15E-19;0,017608268;-0,010552799
52,15043805;0,01760279;0,010549556;0,035226411;9,15E-19;0,01760279;-0,010549556
52,46459731;0,017608167;0,010552741;0,035235883;9,12E-19;0,017608167;-0,010552741
52,77875658;0,017602889;0,010549613;0,035226596;9,09E-19;0,017602889;-0,010549613
53,09291585;0,017608068;0,010552684;0,035235701;9,05E-19;0,017608068;-0,010552684
53,40707511;0,017602987;0,010549669;0,035226776;9,03E-19;0,017602987;-0,010549669
53,72123438;0,017607972;0,010552629;0,035235523;9,08E-19;0,017607972;-0,010552629
54,03539364;0,017603082;0,010549724;0,035226951;9,14E-19;0,017603082;-0,010549724
54,34955291;0,017607879;0,010552575;0,03523535;9,13E-19;0,017607879;-0,010552575
54,66371217;0,017603174;0,010549777;0,035227122;9,08E-19;0,017603174;-0,010549777
54,97787144;0,017607788;0,010552523;0,035235182;9,03E-19;0,017607788;-0,010552523
55,2920307;0,017603263;0,010549828;0,035227287;9,00E-19;0,017603263;-0,010549828
55,60618997;0,0176077;0,010552472;0,035235019;8,98E-19;0,0176077;-0,010552472
55,92034923;0,01760335;0,010549878;0,035227448;9,00E-19;0,01760335;-0,010549878
56,2345085;0,017607614;0,010552423;0,035234861;8,95E-19;0,017607614;-0,010552423
56,54866776;0,017603434;0,010549927;0,035227603;8,92E-19;0,017603434;-0,010549927
56,86282703;0,017607532;0,010552375;0,035234708;8,87E-19;0,017607532;-0,010552375
57,1769863;0,017603515;0,010549974;0,035227754;8,83E-19;0,017603515;-0,010549974
57,49114556;0,017607452;0,010552329;0,03523456;8,88E-19;0,017607452;-0,010552329
57,80530483;0,017603594;0,010550019;0,035227899;8,86E-19;0,017603594;-0,010550019
58,11946409;0,017607374;0,010552284;0,035234417;8,84E-19;0,017607374;-0,010552284
58,43362336;0,01760367;0,010550063;0,03522804;8,86E-19;0,01760367;-0,010550063
58,74778262;0,0176073;0,010552241;0,035234279;8,93E-19;0,0176073;-0,010552241
59,06194189;0,017603743;0,010550105;0,035228176;8,86E-19;0,017603743;-0,010550105
59,37610115;0,017607227;0,0105522;0,035234145;8,89E-19;0,017607227;-0,0105522
59,69026042;0,017603814;0,010550146;0,035228307;8,91E-19;0,017603814;-0,010550146
60,00441968;0,017607158;0,01055216;0,035234016;8,86E-19;0,017607158;-0,01055216
60,31857895;0,017603883;0,010550186;0,035228434;8,88E-19;0,017603883;-0,010550186
60,63273821;0,017607091;0,010552121;0,035233892;8,89E-19;0,017607091;-0,010552121
60,94689748;0,017603949;0,010550224;0,035228556;8,88E-19;0,017603949;-0,010550224
61,26105675;0,017607026;0,010552084;0,035233772;8,89E-19;0,017607026;-0,010552084
61,57521601;0,017604012;0,01055026;0,035228673;8,88E-19;0,017604012;-0,01055026
61,88937528;0,017606963;0,010552048;0,035233657;8,89E-19;0,017606963;-0,010552048
62,20353454;0,017604073;0,010550295;0,035228787;8,88E-19;0,017604073;-0,010550295
62,51769381;0,017606903;0,010552013;0,035233545;8,83E-19;0,017606903;-0,010552013
62,83185307;0,017604132;0,010550329;0,035228896;8,86E-19;0,017604132;-0,010550329
63,14601234;0,017606846;0,01055198;0,035233439;8,87E-19;0,017606846;-0,01055198
63,4601716;0,017604189;0,010550362;0,035229;8,86E-19;0,017604189;-0,010550362
63,77433087;0,01760679;0,010551948;0,035233336;8,87E-19;0,01760679;-0,010551948
64,08849013;0,017604243;0,010550393;0,035229101;8,88E-19;0,017604243;-0,010550393
64,4026494;0,017606737;0,010551917;0,035233237;8,87E-19;0,017606737;-0,010551917
64,71680866;0,017604296;0,010550424;0,035229198;8,89E-19;0,017604296;-0,010550424
65,03096793;0,017606685;0,010551887;0,035233142;8,84E-19;0,017606685;-0,010551887
65,34512719;0,017604346;0,010550453;0,035229291;8,77E-19;0,017604346;-0,010550453
65,65928646;0,017606636;0,010551859;0,035233051;8,72E-19;0,017606636;-0,010551859
65,97344573;0,017604394;0,01055048;0,03522938;8,70E-19;0,017604394;-0,01055048
66,28760499;0,017606589;0,010551832;0,035232963;8,69E-19;0,017606589;-0,010551832
66,60176426;0,017604441;0,010550507;0,035229466;8,70E-19;0,017604441;-0,010550507
66,91592352;0,017606543;0,010551805;0,035232879;8,72E-19;0,017606543;-0,010551805
67,23008279;0,017604485;0,010550533;0,035229548;8,67E-19;0,017604485;-0,010550533
67,54424205;0,0176065;0,01055178;0,035232799;8,65E-19;0,0176065;-0,01055178
67,85840132;0,017604528;0,010550558;0,035229627;8,61E-19;0,017604528;-0,010550558
68,17256058;0,017606458;0,010551756;0,035232721;8,56E-19;0,017606458;-0,010551756
68,48671985;0,017604569;0,010550581;0,035229703;8,55E-19;0,017604569;-0,010550581
68,80087911;0,017606418;0,010551733;0,035232647;8,56E-19;0,017606418;-0,010551733
69,11503838;0,017604608;0,010550604;0,035229776;8,61E-19;0,017604608;-0,010550604
69,42919764;0,017606379;0,010551711;0,035232576;8,66E-19;0,017606379;-0,010551711
69,74335691;0,017604646;0,010550625;0,035229845;8,64E-19;0,017604646;-0,010550625
70,05751618;0,017606342;0,01055169;0,035232508;8,65E-19;0,017606342;-0,01055169
70,37167544;0,017604682;0,010550646;0,035229912;8,67E-19;0,017604682;-0,010550646
70,68583471;0,017606307;0,010551669;0,035232443;8,68E-19;0,017606307;-0,010551669
70,99999397;0,017604716;0,010550666;0,035229975;8,66E-19;0,017604716;-0,010550666
71,31415324;0,017606273;0,01055165;0,035232381;8,67E-19;0,017606273;-0,01055165
71,6283125;0,017604749;0,010550685;0,035230037;8,66E-19;0,017604749;-0,010550685
71,94247177;0,017606241;0,010551631;0,035232321;8,67E-19;0,017606241;-0,010551631
72,25663103;0,017604781;0,010550703;0,035230095;8,66E-19;0,017604781;-0,010550703
72,5707903;0,01760621;0,010551613;0,035232264;8,71E-19;0,01760621;-0,010551613
72,88494956;0,017604811;0,010550721;0,035230151;8,69E-19;0,017604811;-0,010550721
73,19910883;0,01760618;0,010551596;0,035232209;8,71E-19;0,01760618;-0,010551596
73,51326809;0,01760484;0,010550738;0,035230204;8,69E-19;0,01760484;-0,010550738
73,82742736;0,017606152;0,01055158;0,035232157;8,71E-19;0,017606152;-0,01055158
74,14158662;0,017604868;0,010550754;0,035230255;8,76E-19;0,017604868;-0,010550754
74,45574589;0,017606125;0,010551564;0,035232107;8,79E-19;0,017606125;-0,010551564
74,76990516;0,017604895;0,010550769;0,035230304;8,77E-19;0,017604895;-0,010550769
75,08406442;0,017606099;0,010551549;0,035232059;8,79E-19;0,017606099;-0,010551549
75,39822369;0,01760492;0,010550784;0,035230351;8,76E-19;0,01760492;-0,010550784
75,71238295;0,017606074;0,010551535;0,035232013;8,72E-19;0,017606074;-0,010551535
76,02654222;0,017604944;0,010550797;0,035230396;8,76E-19;0,017604944;-0,010550797
76,34070148;0,017606051;0,010551521;0,03523197;8,79E-19;0,017606051;-0,010551521
76,65486075;0,017604967;0,010550811;0,035230439;8,83E-19;0,017604967;-0,010550811
76,96902001;0,017606028;0,010551508;0,035231928;8,88E-19;0,017606028;-0,010551508
77,28317928;0,01760499;0,010550824;0,035230479;8,89E-19;0,01760499;-0,010550824
77,59733854;0,017606006;0,010551496;0,035231888;8,90E-19;0,017606006;-0,010551496
77,91149781;0,017605011;0,010550836;0,035230518;8,85E-19;0,017605011;-0,010550836
78,22565707;0,017605986;0,010551484;0,03523185;8,84E-19;0,017605986;-0,010551484
78,53981634;0,017605031;0,010550847;0,035230556;8,92E-19;0,017605031;-0,010550847
78,85397561;0,017605966;0,010551473;0,035231814;8,88E-19;0,017605966;-0,010551473
79,16813487;0,01760505;0,010550859;0,035230591;8,85E-19;0,01760505;-0,010550859
79,48229414;0,017605947;0,010551462;0,035231779;8,87E-19;0,017605947;-0,010551462
79,7964534;0,017605069;0,010550869;0,035230625;8,88E-19;0,017605069;-0,010550869
80,11061267;0,017605929;0,010551451;0,035231746;8,97E-19;0,017605929;-0,010551451
80,42477193;0,017605086;0,010550879;0,035230657;8,97E-19;0,017605086;-0,010550879
80,7389312;0,017605912;0,010551441;0,035231714;8,97E-19;0,017605912;-0,010551441
81,05309046;0,017605103;0,010550889;0,035230688;8,99E-19;0,017605103;-0,010550889
81,36724973;0,017605895;0,010551432;0,035231684;8,95E-19;0,017605895;-0,010551432
81,68140899;0,017605119;0,010550898;0,035230718;8,93E-19;0,017605119;-0,010550898
81,99556826;0,01760588;0,010551423;0,035231655;8,90E-19;0,01760588;-0,010551423
82,30972752;0,017605134;0,010550907;0,035230746;8,84E-19;0,017605134;-0,010550907
82,62388679;0,017605865;0,010551414;0,035231628;8,84E-19;0,017605865;-0,010551414
82,93804605;0,017605149;0,010550916;0,035230773;8,81E-19;0,017605149;-0,010550916
83,25220532;0,01760585;0,010551406;0,035231601;8,78E-19;0,01760585;-0,010551406
83,56636459;0,017605163;0,010550924;0,035230798;8,81E-19;0,017605163;-0,010550924
83,88052385;0,017605837;0,010551398;0,035231577;8,77E-19;0,017605837;-0,010551398
84,19468312;0,017605176;0,010550931;0,035230823;8,75E-19;0,017605176;-0,010550931
84,50884238;0,017605824;0,010551391;0,035231553;8,77E-19;0,017605824;-0,010551391
84,82300165;0,017605189;0,010550939;0,035230846;8,75E-19;0,017605189;-0,010550939
85,13716091;0,017605811;0,010551383;0,03523153;8,74E-19;0,017605811;-0,010551383
85,45132018;0,017605201;0,010550946;0,035230868;8,75E-19;0,017605201;-0,010550946
85,76547944;0,0176058;0,010551377;0,035231508;8,77E-19;0,0176058;-0,010551377
86,07963871;0,017605213;0,010550952;0,035230889;8,75E-19;0,017605213;-0,010550952
86,39379797;0,017605788;0,01055137;0,035231488;8,71E-19;0,017605788;-0,01055137
86,70795724;0,017605224;0,010550959;0,035230909;8,65E-19;0,017605224;-0,010550959
87,0221165;0,017605778;0,010551364;0,035231468;8,65E-19;0,017605778;-0,010551364
87,33627577;0,017605234;0,010550965;0,035230929;8,65E-19;0,017605234;-0,010550965
87,65043504;0,017605767;0,010551358;0,035231449;8,64E-19;0,017605767;-0,010551358
87,9645943;0,017605244;0,01055097;0,035230947;8,62E-19;0,017605244;-0,01055097
88,27875357;0,017605758;0,010551352;0,035231431;8,61E-19;0,017605758;-0,010551352
88,59291283;0,017605254;0,010550976;0,035230964;8,65E-19;0,017605254;-0,010550976
88,9070721;0,017605748;0,010551347;0,035231414;8,64E-19;0,017605748;-0,010551347
89,22123136;0,017605263;0,010550981;0,035230981;8,59E-19;0,017605263;-0,010550981
89,53539063;0,017605739;0,010551342;0,035231398;8,68E-19;0,017605739;-0,010551342
89,84954989;0,017605271;0,010550986;0,035230997;8,62E-19;0,017605271;-0,010550986
90,16370916;0,017605731;0,010551337;0,035231383;8,61E-19;0,017605731;-0,010551337
90,47786842;0,01760528;0,010550991;0,035231012;8,56E-19;0,01760528;-0,010550991
90,79202769;0,017605723;0,010551332;0,035231368;8,53E-19;0,017605723;-0,010551332
91,10618695;0,017605288;0,010550996;0,035231026;8,53E-19;0,017605288;-0,010550996
91,42034622;0,017605715;0,010551328;0,035231354;8,55E-19;0,017605715;-0,010551328
91,73450548;0,017605295;0,010551;0,03523104;8,50E-19;0,017605295;-0,010551
92,04866475;0,017605708;0,010551324;0,035231341;8,54E-19;0,017605708;-0,010551324
92,36282402;0,017605302;0,010551004;0,035231053;8,58E-19;0,017605302;-0,010551004
92,67698328;0,017605701;0,01055132;0,035231328;8,57E-19;0,017605701;-0,01055132
92,99114255;0,017605309;0,010551008;0,035231065;8,58E-19;0,017605309;-0,010551008
93,30530181;0,017605694;0,010551316;0,035231316;8,60E-19;0,017605694;-0,010551316
93,61946108;0,017605316;0,010551012;0,035231077;8,57E-19;0,017605316;-0,010551012
93,93362034;0,017605688;0,010551312;0,035231304;8,56E-19;0,017605688;-0,010551312
94,24777961;0,017605322;0,010551015;0,035231088;8,56E-19;0,017605322;-0,010551015
94,56193887;0,017605682;0,010551309;0,035231293;8,52E-19;0,017605682;-0,010551309
94,87609814;0,017605328;0,010551019;0,035231099;8,53E-19;0,017605328;-0,010551019
95,1902574;0,017605676;0,010551305;0,035231283;8,46E-19;0,017605676;-0,010551305
95,50441667;0,017605333;0,010551022;0,035231109;8,42E-19;0,017605333;-0,010551022
95,81857593;0,017605671;0,010551302;0,035231273;8,47E-19;0,017605671;-0,010551302
96,1327352;0,017605339;0,010551025;0,035231119;8,46E-19;0,017605339;-0,010551025
96,44689447;0,017605665;0,010551299;0,035231264;8,41E-19;0,017605665;-0,010551299
96,76105373;0,017605344;0,010551028;0,035231128;8,40E-19;0,017605344;-0,010551028
97,075213;0,01760566;0,010551296;0,035231255;8,38E-19;0,01760566;-0,010551296
97,38937226;0,017605349;0,010551031;0,035231137;8,34E-19;0,017605349;-0,010551031
97,70353153;0,017605656;0,010551294;0,035231246;8,35E-19;0,017605656;-0,010551294
98,01769079;0,017605353;0,010551033;0,035231145;8,40E-19;0,017605353;-0,010551033
98,33185006;0,017605651;0,010551291;0,035231238;8,43E-19;0,017605651;-0,010551291
98,64600932;0,017605358;0,010551036;0,035231153;8,47E-19;0,017605358;-0,010551036
98,96016859;0,017605647;0,010551288;0,03523123;8,49E-19;0,017605647;-0,010551288
99,27432785;0,017605362;0,010551038;0,035231161;8,44E-19;0,017605362;-0,010551038
99,58848712;0,017605643;0,010551286;0,035231223;8,40E-19;0,017605643;-0,010551286
99,90264638;0,017605366;0,010551041;0,035231168;8,44E-19;0,017605366;-0,010551041
100,2168056;0,017605639;0,010551284;0,035231216;8,40E-19;0,017605639;-0,010551284
100,5309649;0,01760537;0,010551043;0,035231174;8,38E-19;0,01760537;-0,010551043
100,8451242;0,017605635;0,010551282;0,035231209;8,35E-19;0,017605635;-0,010551282
101,1592834;0,017605373;0,010551045;0,035231181;8,30E-19;0,017605373;-0,010551045
101,4734427;0,017605631;0,01055128;0,035231203;8,30E-19;0,017605631;-0,01055128
101,787602;0,017605377;0,010551047;0,035231187;8,31E-19;0,017605377;-0,010551047
102,1017612;0,017605628;0,010551278;0,035231197;8,30E-19;0,017605628;-0,010551278
102,4159205;0,01760538;0,010551049;0,035231193;8,31E-19;0,01760538;-0,010551049
102,7300798;0,017605625;0,010551276;0,035231191;8,33E-19;0,017605625;-0,010551276
103,044239;0,017605383;0,010551051;0,035231199;8,36E-19;0,017605383;-0,010551051
103,3583983;0,017605622;0,010551274;0,035231186;8,43E-19;0,017605622;-0,010551274
103,6725576;0,017605386;0,010551052;0,035231204;8,39E-19;0,017605386;-0,010551052
103,9867168;0,017605619;0,010551272;0,035231181;8,38E-19;0,017605619;-0,010551272
104,3008761;0,017605389;0,010551054;0,035231209;8,38E-19;0,017605389;-0,010551054
104,6150354;0,017605616;0,010551271;0,035231176;8,36E-19;0,017605616;-0,010551271
104,9291946;0,017605392;0,010551056;0,035231214;8,34E-19;0,017605392;-0,010551056
105,2433539;0,017605613;0,010551269;0,035231171;8,33E-19;0,017605613;-0,010551269
105,5575132;0,017605394;0,010551057;0,035231218;8,30E-19;0,017605394;-0,010551057
105,8716724;0,017605611;0,010551268;0,035231167;8,33E-19;0,017605611;-0,010551268
106,1858317;0,017605397;0,010551059;0,035231222;8,34E-19;0,017605397;-0,010551059
106,499991;0,017605609;0,010551266;0,035231163;8,35E-19;0,017605609;-0,010551266
106,8141502;0,017605399;0,01055106;0,035231226;8,31E-19;0,017605399;-0,01055106
107,1283095;0,017605606;0,010551265;0,035231159;8,27E-19;0,017605606;-0,010551265
107,4424688;0,017605401;0,010551061;0,03523123;8,23E-19;0,017605401;-0,010551061
107,756628;0,017605604;0,010551264;0,035231155;8,19E-19;0,017605604;-0,010551264
108,0707873;0,017605403;0,010551062;0,035231234;8,17E-19;0,017605403;-0,010551062
108,3849465;0,017605602;0,010551263;0,035231151;8,14E-19;0,017605602;-0,010551263
108,6991058;0,017605406;0,010551064;0,035231238;8,13E-19;0,017605406;-0,010551064
109,0132651;0,0176056;0,010551261;0,035231148;8,13E-19;0,0176056;-0,010551261
109,3274243;0,017605407;0,010551065;0,035231241;8,11E-19;0,017605407;-0,010551065
109,6415836;0,017605598;0,01055126;0,035231145;8,13E-19;0,017605598;-0,01055126
109,9557429;0,017605409;0,010551066;0,035231244;8,11E-19;0,017605409;-0,010551066
110,2699021;0,017605596;0,010551259;0,035231142;8,09E-19;0,017605596;-0,010551259
110,5840614;0,017605411;0,010551067;0,035231247;8,13E-19;0,017605411;-0,010551067
110,8982207;0,017605595;0,010551258;0,035231139;8,15E-19;0,017605595;-0,010551258
111,2123799;0,017605413;0,010551068;0,03523125;8,18E-19;0,017605413;-0,010551068
111,5265392;0,017605593;0,010551257;0,035231136;8,15E-19;0,017605593;-0,010551257
111,8406985;0,017605414;0,010551069;0,035231253;8,13E-19;0,017605414;-0,010551069
112,1548577;0,017605591;0,010551257;0,035231133;8,13E-19;0,017605591;-0,010551257
112,469017;0,017605416;0,01055107;0,035231255;8,16E-19;0,017605416;-0,01055107
112,7831763;0,01760559;0,010551256;0,035231131;8,14E-19;0,01760559;-0,010551256
113,0973355;0,017605417;0,01055107;0,035231258;8,11E-19;0,017605417;-0,01055107
113,4114948;0,017605589;0,010551255;0,035231128;8,10E-19;0,017605589;-0,010551255
113,7256541;0,017605419;0,010551071;0,03523126;8,13E-19;0,017605419;-0,010551071
114,0398133;0,017605587;0,010551254;0,035231126;8,13E-19;0,017605587;-0,010551254
114,3539726;0,01760542;0,010551072;0,035231262;8,15E-19;0,01760542;-0,010551072
114,6681319;0,017605586;0,010551253;0,035231124;8,13E-19;0,017605586;-0,010551253
114,9822911;0,017605421;0,010551073;0,035231264;8,15E-19;0,017605421;-0,010551073
115,2964504;0,017605585;0,010551253;0,035231122;8,20E-19;0,017605585;-0,010551253
115,6106097;0,017605422;0,010551073;0,035231266;8,20E-19;0,017605422;-0,010551073
115,9247689;0,017605584;0,010551252;0,03523112;8,19E-19;0,017605584;-0,010551252
116,2389282;0,017605424;0,010551074;0,035231268;8,18E-19;0,017605424;-0,010551074
116,5530874;0,017605582;0,010551251;0,035231118;8,17E-19;0,017605582;-0,010551251
116,8672467;0,017605425;0,010551075;0,03523127;8,17E-19;0,017605425;-0,010551075
117,181406;0,017605581;0,010551251;0,035231117;8,18E-19;0,017605581;-0,010551251
117,4955652;0,017605426;0,010551075;0,035231271;8,22E-19;0,017605426;-0,010551075
117,8097245;0,01760558;0,01055125;0,035231115;8,21E-19;0,01760558;-0,01055125
118,1238838;0,017605427;0,010551076;0,035231273;8,16E-19;0,017605427;-0,010551076
118,438043;0,017605579;0,01055125;0,035231113;8,14E-19;0,017605579;-0,01055125
118,7522023;0,017605428;0,010551076;0,035231274;8,13E-19;0,017605428;-0,010551076
119,0663616;0,017605578;0,010551249;0,035231112;8,12E-19;0,017605578;-0,010551249
119,3805208;0,017605429;0,010551077;0,035231276;8,08E-19;0,017605429;-0,010551077
119,6946801;0,017605578;0,010551248;0,035231111;8,08E-19;0,017605578;-0,010551248
120,0088394;0,017605429;0,010551077;0,035231277;8,07E-19;0,017605429;-0,010551077
120,3229986;0,017605577;0,010551248;0,035231109;8,06E-19;0,017605577;-0,010551248
120,6371579;0,01760543;0,010551078;0,035231278;8,05E-19;0,01760543;-0,010551078
120,9513172;0,017605576;0,010551248;0,035231108;8,02E-19;0,017605576;-0,010551248
121,2654764;0,017605431;0,010551078;0,03523128;8,02E-19;0,017605431;-0,010551078
121,5796357;0,017605575;0,010551247;0,035231107;8,02E-19;0,017605575;-0,010551247
121,893795;0,017605432;0,010551079;0,035231281;8,02E-19;0,017605432;-0,010551079
122,2079542;0,017605574;0,010551247;0,035231106;8,01E-19;0,017605574;-0,010551247
122,5221135;0,017605432;0,010551079;0,035231282;8,03E-19;0,017605432;-0,010551079
122,8362728;0,017605574;0,010551246;0,035231105;8,06E-19;0,017605574;-0,010551246
123,150432;0,017605433;0,01055108;0,035231283;8,11E-19;0,017605433;-0,01055108
123,4645913;0,017605573;0,010551246;0,035231104;8,11E-19;0,017605573;-0,010551246
123,7787506;0,017605434;0,01055108;0,035231284;8,13E-19;0,017605434;-0,01055108
124,0929098;0,017605572;0,010551245;0,035231103;8,14E-19;0,017605572;-0,010551245
124,4070691;0,017605434;0,01055108;0,035231285;8,12E-19;0,017605434;-0,01055108
124,7212283;0,017605572;0,010551245;0,035231102;8,12E-19;0,017605572;-0,010551245
125,0353876;0,017605435;0,010551081;0,035231286;8,12E-19;0,017605435;-0,010551081
125,3495469;0,017605571;0,010551245;0,035231101;8,16E-19;0,017605571;-0,010551245
125,6637061;0,017605436;0,010551081;0,035231286;8,18E-19;0,017605436;-0,010551081
125,9778654;0,017605571;0,010551244;0,0352311;8,14E-19;0,017605571;-0,010551244
126,2920247;0,017605436;0,010551081;0,035231287;8,12E-19;0,017605436;-0,010551081
126,6061839;0,01760557;0,010551244;0,0352311;8,10E-19;0,01760557;-0,010551244
126,9203432;0,017605437;0,010551082;0,035231288;8,09E-19;0,017605437;-0,010551082
127,2345025;0,01760557;0,010551244;0,035231099;8,09E-19;0,01760557;-0,010551244
127,5486617;0,017605437;0,010551082;0,035231289;8,04E-19;0,017605437;-0,010551082
127,862821;0,017605569;0,010551244;0,035231098;8,01E-19;0,017605569;-0,010551244
128,1769803;0,017605438;0,010551082;0,035231289;8,04E-19;0,017605438;-0,010551082
128,4911395;0,017605569;0,010551243;0,035231098;8,05E-19;0,017605569;-0,010551243
128,8052988;0,017605438;0,010551083;0,03523129;8,06E-19;0,017605438;-0,010551083
129,1194581;0,017605568;0,010551243;0,035231097;8,07E-19;0,017605568;-0,010551243
129,4336173;0,017605439;0,010551083;0,03523129;8,07E-19;0,017605439;-0,010551083
129,7477766;0,017605568;0,010551243;0,035231096;8,05E-19;0,017605568;-0,010551243
130,0619359;0,017605439;0,010551083;0,035231291;8,03E-19;0,017605439;-0,010551083
130,3760951;0,017605567;0,010551242;0,035231096;8,01E-19;0,017605567;-0,010551242
130,6902544;0,017605439;0,010551083;0,035231291;8,04E-19;0,017605439;-0,010551083
131,0044137;0,017605567;0,010551242;0,035231095;8,05E-19;0,017605567;-0,010551242
131,3185729;0,01760544;0,010551083;0,035231292;8,04E-19;0,01760544;-0,010551083
131,6327322;0,017605567;0,010551242;0,035231095;8,06E-19;0,017605567;-0,010551242
131,9468915;0,01760544;0,010551084;0,035231292;8,05E-19;0,01760544;-0,010551084
132,2610507;0,017605566;0,010551242;0,035231095;8,07E-19;0,017605566;-0,010551242
132,57521;0,01760544;0,010551084;0,035231293;8,11E-19;0,01760544;-0,010551084
132,8893692;0,017605566;0,010551242;0,035231094;8,09E-19;0,017605566;-0,010551242
133,2035285;0,017605441;0,010551084;0,035231293;8,11E-19;0,017605441;-0,010551084
133,5176878;0,017605566;0,010551241;0,035231094;8,13E-19;0,017605566;-0,010551241
133,831847;0,017605441;0,010551084;0,035231293;8,10E-19;0,017605441;-0,010551084
134,1460063;0,017605565;0,010551241;0,035231093;8,12E-19;0,017605565;-0,010551241
134,4601656;0,017605441;0,010551085;0,035231294;8,11E-19;0,017605441;-0,010551085
134,7743248;0,017605565;0,010551241;0,035231093;8,09E-19;0,017605565;-0,010551241
135,0884841;0,017605442;0,010551085;0,035231294;8,05E-19;0,017605442;-0,010551085
135,4026434;0,017605565;0,010551241;0,035231093;8,03E-19;0,017605565;-0,010551241
135,7168026;0,017605442;0,010551085;0,035231294;8,02E-19;0,017605442;-0,010551085
136,0309619;0,017605564;0,010551241;0,035231093;8,00E-19;0,017605564;-0,010551241
136,3451212;0,017605442;0,010551085;0,035231295;7,99E-19;0,017605442;-0,010551085
136,6592804;0,017605564;0,010551241;0,035231092;8,00E-19;0,017605564;-0,010551241
136,9734397;0,017605443;0,010551085;0,035231295;7,97E-19;0,017605443;-0,010551085
137,287599;0,017605564;0,01055124;0,035231092;7,97E-19;0,017605564;-0,01055124
137,6017582;0,017605443;0,010551085;0,035231295;7,97E-19;0,017605443;-0,010551085
137,9159175;0,017605564;0,01055124;0,035231092;7,95E-19;0,017605564;-0,01055124
138,2300768;0,017605443;0,010551086;0,035231295;7,91E-19;0,017605443;-0,010551086
138,544236;0,017605563;0,01055124;0,035231092;7,88E-19;0,017605563;-0,01055124
138,8583953;0,017605443;0,010551086;0,035231296;7,85E-19;0,017605443;-0,010551086
139,1725546;0,017605563;0,01055124;0,035231091;7,82E-19;0,017605563;-0,01055124
139,4867138;0,017605444;0,010551086;0,035231296;7,80E-19;0,017605444;-0,010551086
139,8008731;0,017605563;0,01055124;0,035231091;7,76E-19;0,017605563;-0,01055124
140,1150324;0,017605444;0,010551086;0,035231296;7,76E-19;0,017605444;-0,010551086
140,4291916;0,017605563;0,01055124;0,035231091;7,78E-19;0,017605563;-0,01055124
140,7433509;0,017605444;0,010551086;0,035231296;7,76E-19;0,017605444;-0,010551086
141,0575101;0,017605562;0,01055124;0,035231091;7,78E-19;0,017605562;-0,01055124
141,3716694;0,017605444;0,010551086;0,035231296;7,78E-19;0,017605444;-0,010551086
141,6858287;0,017605562;0,010551239;0,035231091;7,80E-19;0,017605562;-0,010551239
141,9999879;0,017605444;0,010551086;0,035231296;7,79E-19;0,017605444;-0,010551086
142,3141472;0,017605562;0,010551239;0,035231091;7,76E-19;0,017605562;-0,010551239
142,6283065;0,017605445;0,010551086;0,035231297;7,80E-19;0,017605445;-0,010551086
142,9424657;0,017605562;0,010551239;0,035231091;7,78E-19;0,017605562;-0,010551239
143,256625;0,017605445;0,010551087;0,035231297;7,81E-19;0,017605445;-0,010551087
143,5707843;0,017605562;0,010551239;0,03523109;7,82E-19;0,017605562;-0,010551239
143,8849435;0,017605445;0,010551087;0,035231297;7,86E-19;0,017605445;-0,010551087
144,1991028;0,017605561;0,010551239;0,03523109;7,86E-19;0,017605561;-0,010551239
144,5132621;0,017605445;0,010551087;0,035231297;7,86E-19;0,017605445;-0,010551087
144,8274213;0,017605561;0,010551239;0,03523109;7,88E-19;0,017605561;-0,010551239
145,1415806;0,017605445;0,010551087;0,035231297;7,84E-19;0,017605445;-0,010551087
145,4557399;0,017605561;0,010551239;0,03523109;7,88E-19;0,017605561;-0,010551239
145,7698991;0,017605446;0,010551087;0,035231297;7,86E-19;0,017605446;-0,010551087
146,0840584;0,017605561;0,010551239;0,03523109;7,82E-19;0,017605561;-0,010551239
146,3982177;0,017605446;0,010551087;0,035231297;7,80E-19;0,017605446;-0,010551087
146,7123769;0,017605561;0,010551239;0,03523109;7,78E-19;0,017605561;-0,010551239
147,0265362;0,017605446;0,010551087;0,035231297;7,76E-19;0,017605446;-0,010551087
147,3406955;0,017605561;0,010551238;0,03523109;7,78E-19;0,017605561;-0,010551238
147,6548547;0,017605446;0,010551087;0,035231297;7,81E-19;0,017605446;-0,010551087
147,969014;0,01760556;0,010551238;0,03523109;7,85E-19;0,01760556;-0,010551238
148,2831732;0,017605446;0,010551087;0,035231297;7,87E-19;0,017605446;-0,010551087
148,5973325;0,01760556;0,010551238;0,03523109;7,85E-19;0,01760556;-0,010551238
148,9114918;0,017605446;0,010551087;0,035231297;7,87E-19;0,017605446;-0,010551087
149,225651;0,01760556;0,010551238;0,03523109;7,89E-19;0,01760556;-0,010551238
149,5398103;0,017605446;0,010551088;0,035231297;7,91E-19;0,017605446;-0,010551088
149,8539696;0,01760556;0,010551238;0,03523109;7,91E-19;0,01760556;-0,010551238
150,1681288;0,017605447;0,010551088;0,035231297;7,89E-19;0,017605447;-0,010551088
150,4822881;0,01760556;0,010551238;0,03523109;7,86E-19;0,01760556;-0,010551238
150,7964474;0,017605447;0,010551088;0,035231297;7,87E-19;0,017605447;-0,010551088
151,1106066;0,01760556;0,010551238;0,03523109;7,86E-19;0,01760556;-0,010551238
151,4247659;0,017605447;0,010551088;0,035231297;7,87E-19;0,017605447;-0,010551088
151,7389252;0,01760556;0,010551238;0,03523109;7,88E-19;0,01760556;-0,010551238
152,0530844;0,017605447;0,010551088;0,035231297;7,88E-19;0,017605447;-0,010551088
152,3672437;0,017605559;0,010551238;0,03523109;7,91E-19;0,017605559;-0,010551238
152,681403;0,017605447;0,010551088;0,035231297;7,94E-19;0,017605447;-0,010551088
152,9955622;0,017605559;0,010551238;0,03523109;7,96E-19;0,017605559;-0,010551238
153,3097215;0,017605447;0,010551088;0,035231297;7,93E-19;0,017605447;-0,010551088
153,6238808;0,017605559;0,010551238;0,03523109;7,90E-19;0,017605559;-0,010551238
153,93804;0,017605447;0,010551088;0,035231297;7,89E-19;0,017605447;-0,010551088
154,2521993;0,017605559;0,010551237;0,03523109;7,87E-19;0,017605559;-0,010551237
154,5663586;0,017605447;0,010551088;0,035231297;7,87E-19;0,017605447;-0,010551088
154,8805178;0,017605559;0,010551237;0,03523109;7,84E-19;0,017605559;-0,010551237
155,1946771;0,017605448;0,010551088;0,035231297;7,80E-19;0,017605448;-0,010551088
155,5088364;0,017605559;0,010551237;0,03523109;7,81E-19;0,017605559;-0,010551237
155,8229956;0,017605448;0,010551088;0,035231297;7,84E-19;0,017605448;-0,010551088
156,1371549;0,017605559;0,010551237;0,03523109;7,85E-19;0,017605559;-0,010551237
156,4513141;0,017605448;0,010551088;0,035231297;7,84E-19;0,017605448;-0,010551088
156,7654734;0,017605559;0,010551237;0,03523109;7,83E-19;0,017605559;-0,010551237
157,0796327;0,017605448;0,010551088;0,035231297;7,80E-19;0,017605448;-0,010551088
157,3937919;0,017605559;0,010551237;0,03523109;7,80E-19;0,017605559;-0,010551237
157,7079512;0,017605448;0,010551089;0,035231297;7,83E-19;0,017605448;-0,010551089
158,0221105;0,017605558;0,010551237;0,03523109;7,84E-19;0,017605558;-0,010551237
158,3362697;0,017605448;0,010551089;0,035231297;7,84E-19;0,017605448;-0,010551089
158,650429;0,017605558;0,010551237;0,03523109;7,87E-19;0,017605558;-0,010551237
158,9645883;0,017605448;0,010551089;0,035231297;7,92E-19;0,017605448;-0,010551089
159,2787475;0,017605558;0,010551237;0,03523109;7,93E-19;0,017605558;-0,010551237
159,5929068;0,017605448;0,010551089;0,035231297;7,94E-19;0,017605448;-0,010551089
159,9070661;0,017605558;0,010551237;0,03523109;7,94E-19;0,017605558;-0,010551237
160,2212253;0,017605448;0,010551089;0,035231297;7,93E-19;0,017605448;-0,010551089
160,5353846;0,017605558;0,010551237;0,03523109;7,91E-19;0,017605558;-0,010551237
160,8495439;0,017605449;0,010551089;0,035231297;7,90E-19;0,017605449;-0,010551089
161,1637031;0,017605558;0,010551237;0,03523109;7,91E-19;0,017605558;-0,010551237
161,4778624;0,017605449;0,010551089;0,035231297;7,87E-19;0,017605449;-0,010551089
161,7920217;0,017605558;0,010551237;0,03523109;7,86E-19;0,017605558;-0,010551237
162,1061809;0,017605449;0,010551089;0,035231297;7,89E-19;0,017605449;-0,010551089
162,4203402;0,017605558;0,010551237;0,03523109;7,92E-19;0,017605558;-0,010551237
162,7344995;0,017605449;0,010551089;0,035231297;7,91E-19;0,017605449;-0,010551089
163,0486587;0,017605558;0,010551237;0,035231091;7,85E-19;0,017605558;-0,010551237
163,362818;0,017605449;0,010551089;0,035231297;7,86E-19;0,017605449;-0,010551089
163,6769773;0,017605558;0,010551236;0,035231091;7,88E-19;0,017605558;-0,010551236
163,9911365;0,017605449;0,010551089;0,035231297;7,85E-19;0,017605449;-0,010551089
164,3052958;0,017605557;0,010551236;0,035231091;7,88E-19;0,017605557;-0,010551236
164,619455;0,017605449;0,010551089;0,035231296;7,88E-19;0,017605449;-0,010551089
164,9336143;0,017605557;0,010551236;0,035231091;7,89E-19;0,017605557;-0,010551236
165,2477736;0,017605449;0,010551089;0,035231296;7,93E-19;0,017605449;-0,010551089
165,5619328;0,017605557;0,010551236;0,035231091;7,91E-19;0,017605557;-0,010551236
165,8760921;0,017605449;0,010551089;0,035231296;7,88E-19;0,017605449;-0,010551089
166,1902514;0,017605557;0,010551236;0,035231091;7,85E-19;0,017605557;-0,010551236
166,5044106;0,017605449;0,010551089;0,035231296;7,85E-19;0,017605449;-0,010551089
166,8185699;0,017605557;0,010551236;0,035231091;7,85E-19;0,017605557;-0,010551236
167,1327292;0,017605449;0,010551089;0,035231296;7,79E-19;0,017605449;-0,010551089
167,4468884;0,017605557;0,010551236;0,035231091;7,77E-19;0,017605557;-0,010551236
167,7610477;0,01760545;0,01055109;0,035231296;7,78E-19;0,01760545;-0,01055109
168,075207;0,017605557;0,010551236;0,035231091;7,77E-19;0,017605557;-0,010551236
168,3893662;0,01760545;0,01055109;0,035231296;7,78E-19;0,01760545;-0,01055109
168,7035255;0,017605557;0,010551236;0,035231091;7,77E-19;0,017605557;-0,010551236
169,0176848;0,01760545;0,01055109;0,035231296;7,76E-19;0,01760545;-0,01055109
169,331844;0,017605557;0,010551236;0,035231091;7,73E-19;0,017605557;-0,010551236
169,6460033;0,01760545;0,01055109;0,035231296;7,73E-19;0,01760545;-0,01055109
169,9601626;0,017605557;0,010551236;0,035231091;7,79E-19;0,017605557;-0,010551236
170,2743218;0,01760545;0,01055109;0,035231296;7,82E-19;0,01760545;-0,01055109
170,5884811;0,017605557;0,010551236;0,035231091;7,83E-19;0,017605557;-0,010551236
170,9026404;0,01760545;0,01055109;0,035231296;7,85E-19;0,01760545;-0,01055109
171,2167996;0,017605557;0,010551236;0,035231091;7,85E-19;0,017605557;-0,010551236
171,5309589;0,01760545;0,01055109;0,035231296;7,86E-19;0,01760545;-0,01055109
171,8451182;0,017605556;0,010551236;0,035231092;7,89E-19;0,017605556;-0,010551236
172,1592774;0,01760545;0,01055109;0,035231296;7,89E-19;0,01760545;-0,01055109
172,4734367;0,017605556;0,010551236;0,035231092;7,91E-19;0,017605556;-0,010551236
172,7875959;0,01760545;0,01055109;0,035231295;7,92E-19;0,01760545;-0,01055109
173,1017552;0,017605556;0,010551236;0,035231092;7,91E-19;0,017605556;-0,010551236
173,4159145;0,01760545;0,01055109;0,035231295;7,88E-19;0,01760545;-0,01055109
173,7300737;0,017605556;0,010551236;0,035231092;7,89E-19;0,017605556;-0,010551236
174,044233;0,01760545;0,01055109;0,035231295;7,89E-19;0,01760545;-0,01055109
174,3583923;0,017605556;0,010551236;0,035231092;7,88E-19;0,017605556;-0,010551236
174,6725515;0,01760545;0,01055109;0,035231295;7,88E-19;0,01760545;-0,01055109
174,9867108;0,017605556;0,010551235;0,035231092;7,91E-19;0,017605556;-0,010551235
175,3008701;0,01760545;0,01055109;0,035231295;7,90E-19;0,01760545;-0,01055109
175,6150293;0,017605556;0,010551235;0,035231092;7,87E-19;0,017605556;-0,010551235
175,9291886;0,017605451;0,01055109;0,035231295;7,87E-19;0,017605451;-0,01055109
176,2433479;0,017605556;0,010551235;0,035231092;7,87E-19;0,017605556;-0,010551235
176,5575071;0,017605451;0,01055109;0,035231295;7,85E-19;0,017605451;-0,01055109
176,8716664;0,017605556;0,010551235;0,035231092;7,84E-19;0,017605556;-0,010551235
177,1858257;0,017605451;0,01055109;0,035231295;7,83E-19;0,017605451;-0,01055109
177,4999849;0,017605556;0,010551235;0,035231092;7,83E-19;0,017605556;-0,010551235
177,8141442;0,017605451;0,01055109;0,035231295;7,80E-19;0,017605451;-0,01055109
178,1283035;0,017605556;0,010551235;0,035231092;7,80E-19;0,017605556;-0,010551235
178,4424627;0,017605451;0,01055109;0,035231295;7,79E-19;0,017605451;-0,01055109
178,756622;0,017605556;0,010551235;0,035231092;7,75E-19;0,017605556;-0,010551235
179,0707813;0,017605451;0,01055109;0,035231295;7,73E-19;0,017605451;-0,01055109
179,3849405;0,017605556;0,010551235;0,035231093;7,70E-19;0,017605556;-0,010551235
179,6990998;0,017605451;0,010551091;0,035231295;7,70E-19;0,017605451;-0,010551091
180,0132591;0,017605556;0,010551235;0,035231093;7,69E-19;0,017605556;-0,010551235
180,3274183;0,017605451;0,010551091;0,035231294;7,72E-19;0,017605451;-0,010551091
180,6415776;0,017605555;0,010551235;0,035231093;7,75E-19;0,017605555;-0,010551235
180,9557368;0,017605451;0,010551091;0,035231294;7,70E-19;0,017605451;-0,010551091
181,2698961;0,017605555;0,010551235;0,035231093;7,73E-19;0,017605555;-0,010551235
181,5840554;0,017605451;0,010551091;0,035231294;7,73E-19;0,017605451;-0,010551091
181,8982146;0,017605555;0,010551235;0,035231093;7,69E-19;0,017605555;-0,010551235
182,2123739;0,017605451;0,010551091;0,035231294;7,68E-19;0,017605451;-0,010551091
182,5265332;0,017605555;0,010551235;0,035231093;7,65E-19;0,017605555;-0,010551235
182,8406924;0,017605451;0,010551091;0,035231294;7,63E-19;0,017605451;-0,010551091
183,1548517;0,017605555;0,010551235;0,035231093;7,60E-19;0,017605555;-0,010551235
183,469011;0,017605451;0,010551091;0,035231294;7,63E-19;0,017605451;-0,010551091
183,7831702;0,017605555;0,010551235;0,035231093;7,63E-19;0,017605555;-0,010551235
184,0973295;0,017605451;0,010551091;0,035231294;7,65E-19;0,017605451;-0,010551091
184,4114888;0,017605555;0,010551235;0,035231093;7,64E-19;0,017605555;-0,010551235
184,725648;0,017605452;0,010551091;0,035231294;7,66E-19;0,017605452;-0,010551091
185,0398073;0,017605555;0,010551235;0,035231093;7,70E-19;0,017605555;-0,010551235
185,3539666;0,017605452;0,010551091;0,035231294;7,64E-19;0,017605452;-0,010551091
185,6681258;0,017605555;0,010551235;0,035231094;7,66E-19;0,017605555;-0,010551235
185,9822851;0,017605452;0,010551091;0,035231294;7,64E-19;0,017605452;-0,010551091
186,2964444;0,017605555;0,010551235;0,035231094;7,66E-19;0,017605555;-0,010551235
186,6106036;0,017605452;0,010551091;0,035231293;7,69E-19;0,017605452;-0,010551091
186,9247629;0,017605555;0,010551235;0,035231094;7,66E-19;0,017605555;-0,010551235
187,2389222;0,017605452;0,010551091;0,035231293;7,68E-19;0,017605452;-0,010551091
187,5530814;0,017605555;0,010551234;0,035231094;7,72E-19;0,017605555;-0,010551234
187,8672407;0,017605452;0,010551091;0,035231293;7,73E-19;0,017605452;-0,010551091
188,1814;0,017605555;0,010551234;0,035231094;7,72E-19;0,017605555;-0,010551234
188,4955592;0,017605452;0,010551091;0,035231293;7,70E-19;0,017605452;-0,010551091
188,8097185;0,017605555;0,010551234;0,035231094;7,67E-19;0,017605555;-0,010551234
189,1238777;0,017605452;0,010551091;0,035231293;7,69E-19;0,017605452;-0,010551091
189,438037;0,017605554;0,010551234;0,035231094;7,69E-19;0,017605554;-0,010551234
189,7521963;0,017605452;0,010551091;0,035231293;7,69E-19;0,017605452;-0,010551091
190,0663555;0,017605554;0,010551234;0,035231094;7,73E-19;0,017605554;-0,010551234
190,3805148;0,017605452;0,010551091;0,035231293;7,75E-19;0,017605452;-0,010551091
190,6946741;0,017605554;0,010551234;0,035231094;7,74E-19;0,017605554;-0,010551234
191,0088333;0,017605452;0,010551091;0,035231293;7,72E-19;0,017605452;-0,010551091
191,3229926;0,017605554;0,010551234;0,035231094;7,70E-19;0,017605554;-0,010551234
191,6371519;0,017605452;0,010551091;0,035231293;7,72E-19;0,017605452;-0,010551091
191,9513111;0,017605554;0,010551234;0,035231094;7,71E-19;0,017605554;-0,010551234
192,2654704;0,017605452;0,010551092;0,035231293;7,69E-19;0,017605452;-0,010551092
192,5796297;0,017605554;0,010551234;0,035231095;7,64E-19;0,017605554;-0,010551234
192,8937889;0,017605452;0,010551092;0,035231293;7,64E-19;0,017605452;-0,010551092
193,2079482;0,017605554;0,010551234;0,035231095;7,65E-19;0,017605554;-0,010551234
193,5221075;0,017605453;0,010551092;0,035231292;7,69E-19;0,017605453;-0,010551092
193,8362667;0,017605554;0,010551234;0,035231095;7,74E-19;0,017605554;-0,010551234
194,150426;0,017605453;0,010551092;0,035231292;7,72E-19;0,017605453;-0,010551092
194,4645853;0,017605554;0,010551234;0,035231095;7,73E-19;0,017605554;-0,010551234
194,7787445;0,017605453;0,010551092;0,035231292;7,74E-19;0,017605453;-0,010551092
195,0929038;0,017605554;0,010551234;0,035231095;7,72E-19;0,017605554;-0,010551234
195,4070631;0,017605453;0,010551092;0,035231292;7,67E-19;0,017605453;-0,010551092
195,7212223;0,017605554;0,010551234;0,035231095;7,65E-19;0,017605554;-0,010551234
196,0353816;0,017605453;0,010551092;0,035231292;7,64E-19;0,017605453;-0,010551092
196,3495408;0,017605554;0,010551234;0,035231095;7,65E-19;0,017605554;-0,010551234
196,6637001;0,017605453;0,010551092;0,035231292;7,69E-19;0,017605453;-0,010551092
196,9778594;0,017605554;0,010551234;0,035231095;7,71E-19;0,017605554;-0,010551234
197,2920186;0,017605453;0,010551092;0,035231292;7,68E-19;0,017605453;-0,010551092
197,6061779;0,017605554;0,010551234;0,035231095;7,67E-19;0,017605554;-0,010551234
197,9203372;0,017605453;0,010551092;0,035231292;7,68E-19;0,017605453;-0,010551092
198,2344964;0,017605554;0,010551234;0,035231095;7,67E-19;0,017605554;-0,010551234
198,5486557;0,017605453;0,010551092;0,035231292;7,66E-19;0,017605453;-0,010551092
198,862815;0,017605553;0,010551234;0,035231096;7,68E-19;0,017605553;-0,010551234
199,1769742;0,017605453;0,010551092;0,035231292;7,68E-19;0,017605453;-0,010551092
199,4911335;0,017605553;0,010551234;0,035231096;7,69E-19;0,017605553;-0,010551234
199,8052928;0,017605453;0,010551092;0,035231291;7,73E-19;0,017605453;-0,010551092
200,119452;0,017605553;0,010551234;0,035231096;7,70E-19;0,017605553;-0,010551234
200,4336113;0,017605453;0,010551092;0,035231291;7,71E-19;0,017605453;-0,010551092
200,7477706;0,017605553;0,010551233;0,035231096;7,70E-19;0,017605553;-0,010551233
201,0619298;0,017605453;0,010551092;0,035231291;7,71E-19;0,017605453;-0,010551092
201,3760891;0,017605553;0,010551233;0,035231096;7,74E-19;0,017605553;-0,010551233
201,6902484;0,017605453;0,010551092;0,035231291;7,76E-19;0,017605453;-0,010551092
202,0044076;0,017605553;0,010551233;0,035231096;7,76E-19;0,017605553;-0,010551233
202,3185669;0,017605453;0,010551092;0,035231291;7,72E-19;0,017605453;-0,010551092
202,6327262;0,017605553;0,010551233;0,035231096;7,71E-19;0,017605553;-0,010551233
202,9468854;0,017605453;0,010551092;0,035231291;7,70E-19;0,017605453;-0,010551092
203,2610447;0,017605553;0,010551233;0,035231096;7,71E-19;0,017605553;-0,010551233
203,575204;0,017605454;0,010551092;0,035231291;7,67E-19;0,017605454;-0,010551092
203,8893632;0,017605553;0,010551233;0,035231096;7,66E-19;0,017605553;-0,010551233
204,2035225;0,017605454;0,010551092;0,035231291;7,69E-19;0,017605454;-0,010551092
204,5176817;0,017605553;0,010551233;0,035231096;7,75E-19;0,017605553;-0,010551233
204,831841;0,017605454;0,010551092;0,035231291;7,73E-19;0,017605454;-0,010551092
205,1460003;0,017605553;0,010551233;0,035231096;7,71E-19;0,017605553;-0,010551233
205,4601595;0,017605454;0,010551093;0,035231291;7,67E-19;0,017605454;-0,010551093
205,7743188;0,017605553;0,010551233;0,035231097;7,67E-19;0,017605553;-0,010551233
206,0884781;0,017605454;0,010551093;0,035231291;7,66E-19;0,017605454;-0,010551093
206,4026373;0,017605553;0,010551233;0,035231097;7,67E-19;0,017605553;-0,010551233
206,7167966;0,017605454;0,010551093;0,03523129;7,62E-19;0,017605454;-0,010551093
207,0309559;0,017605553;0,010551233;0,035231097;7,63E-19;0,017605553;-0,010551233
207,3451151;0,017605454;0,010551093;0,03523129;7,63E-19;0,017605454;-0,010551093
207,6592744;0,017605553;0,010551233;0,035231097;7,65E-19;0,017605553;-0,010551233
207,9734337;0,017605454;0,010551093;0,03523129;7,61E-19;0,017605454;-0,010551093
208,2875929;0,017605553;0,010551233;0,035231097;7,56E-19;0,017605553;-0,010551233
208,6017522;0,017605454;0,010551093;0,03523129;7,61E-19;0,017605454;-0,010551093
208,9159115;0,017605552;0,010551233;0,035231097;7,61E-19;0,017605552;-0,010551233
209,2300707;0,017605454;0,010551093;0,03523129;7,58E-19;0,017605454;-0,010551093
209,54423;0,017605552;0,010551233;0,035231097;7,59E-19;0,017605552;-0,010551233
209,8583893;0,017605454;0,010551093;0,03523129;7,58E-19;0,017605454;-0,010551093
210,1725485;0,017605552;0,010551233;0,035231097;7,59E-19;0,017605552;-0,010551233
210,4867078;0,017605454;0,010551093;0,03523129;7,58E-19;0,017605454;-0,010551093
210,8008671;0,017605552;0,010551233;0,035231097;7,59E-19;0,017605552;-0,010551233
211,1150263;0,017605454;0,010551093;0,03523129;7,58E-19;0,017605454;-0,010551093
211,4291856;0,017605552;0,010551233;0,035231097;7,59E-19;0,017605552;-0,010551233
211,7433449;0,017605454;0,010551093;0,03523129;7,60E-19;0,017605454;-0,010551093
212,0575041;0,017605552;0,010551233;0,035231098;7,57E-19;0,017605552;-0,010551233
212,3716634;0,017605454;0,010551093;0,03523129;7,59E-19;0,017605454;-0,010551093
212,6858226;0,017605552;0,010551233;0,035231098;7,62E-19;0,017605552;-0,010551233
212,9999819;0,017605454;0,010551093;0,035231289;7,63E-19;0,017605454;-0,010551093
213,3141412;0,017605552;0,010551233;0,035231098;7,61E-19;0,017605552;-0,010551233
213,6283004;0,017605455;0,010551093;0,035231289;7,63E-19;0,017605455;-0,010551093
213,9424597;0,017605552;0,010551232;0,035231098;7,65E-19;0,017605552;-0,010551232
214,256619;0,017605455;0,010551093;0,035231289;7,68E-19;0,017605455;-0,010551093
214,5707782;0,017605552;0,010551232;0,035231098;7,70E-19;0,017605552;-0,010551232
214,8849375;0,017605455;0,010551093;0,035231289;7,67E-19;0,017605455;-0,010551093
215,1990968;0,017605552;0,010551232;0,035231098;7,68E-19;0,017605552;-0,010551232
215,513256;0,017605455;0,010551093;0,035231289;7,69E-19;0,017605455;-0,010551093
215,8274153;0,017605552;0,010551232;0,035231098;7,66E-19;0,017605552;-0,010551232
216,1415746;0,017605455;0,010551093;0,035231289;7,65E-19;0,017605455;-0,010551093
216,4557338;0,017605552;0,010551232;0,035231098;7,67E-19;0,017605552;-0,010551232
216,7698931;0,017605455;0,010551093;0,035231289;7,69E-19;0,017605455;-0,010551093
217,0840524;0,017605552;0,010551232;0,035231098;7,67E-19;0,017605552;-0,010551232
217,3982116;0,017605455;0,010551093;0,035231289;7,69E-19;0,017605455;-0,010551093
217,7123709;0,017605552;0,010551232;0,035231098;7,71E-19;0,017605552;-0,010551232
218,0265302;0,017605455;0,010551093;0,035231289;7,70E-19;0,017605455;-0,010551093
218,3406894;0,017605552;0,010551232;0,035231098;7,70E-19;0,017605552;-0,010551232
218,6548487;0,017605455;0,010551093;0,035231289;7,72E-19;0,017605455;-0,010551093
218,969008;0,017605551;0,010551232;0,035231099;7,75E-19;0,017605551;-0,010551232
219,2831672;0,017605455;0,010551094;0,035231289;7,76E-19;0,017605455;-0,010551094
219,5973265;0,017605551;0,010551232;0,035231099;7,72E-19;0,017605551;-0,010551232
219,9114858;0,017605455;0,010551094;0,035231288;7,70E-19;0,017605455;-0,010551094
220,225645;0,017605551;0,010551232;0,035231099;7,72E-19;0,017605551;-0,010551232
220,5398043;0,017605455;0,010551094;0,035231288;7,73E-19;0,017605455;-0,010551094
220,8539635;0,017605551;0,010551232;0,035231099;7,72E-19;0,017605551;-0,010551232
221,1681228;0,017605455;0,010551094;0,035231288;7,70E-19;0,017605455;-0,010551094
221,4822821;0,017605551;0,010551232;0,035231099;7,71E-19;0,017605551;-0,010551232
221,7964413;0,017605455;0,010551094;0,035231288;7,70E-19;0,017605455;-0,010551094
222,1106006;0,017605551;0,010551232;0,035231099;7,72E-19;0,017605551;-0,010551232
222,4247599;0,017605455;0,010551094;0,035231288;7,71E-19;0,017605455;-0,010551094
222,7389191;0,017605551;0,010551232;0,035231099;7,72E-19;0,017605551;-0,010551232
223,0530784;0,017605455;0,010551094;0,035231288;7,74E-19;0,017605455;-0,010551094
223,3672377;0,017605551;0,010551232;0,035231099;7,73E-19;0,017605551;-0,010551232
223,6813969;0,017605456;0,010551094;0,035231288;7,77E-19;0,017605456;-0,010551094
223,9955562;0,017605551;0,010551232;0,035231099;7,78E-19;0,017605551;-0,010551232
224,3097155;0,017605456;0,010551094;0,035231288;7,78E-19;0,017605456;-0,010551094
224,6238747;0,017605551;0,010551232;0,035231099;7,82E-19;0,017605551;-0,010551232
224,938034;0,017605456;0,010551094;0,035231288;7,86E-19;0,017605456;-0,010551094
225,2521933;0,017605551;0,010551232;0,035231099;7,87E-19;0,017605551;-0,010551232
225,5663525;0,017605456;0,010551094;0,035231288;7,81E-19;0,017605456;-0,010551094
225,8805118;0,017605551;0,010551232;0,0352311;7,79E-19;0,017605551;-0,010551232
226,1946711;0,017605456;0,010551094;0,035231287;7,76E-19;0,017605456;-0,010551094
226,5088303;0,017605551;0,010551232;0,0352311;7,76E-19;0,017605551;-0,010551232
226,8229896;0,017605456;0,010551094;0,035231287;7,75E-19;0,017605456;-0,010551094
227,1371489;0,017605551;0,010551232;0,0352311;7,72E-19;0,017605551;-0,010551232
227,4513081;0,017605456;0,010551094;0,035231287;7,75E-19;0,017605456;-0,010551094
227,7654674;0,017605551;0,010551231;0,0352311;7,75E-19;0,017605551;-0,010551231
228,0796267;0,017605456;0,010551094;0,035231287;7,77E-19;0,017605456;-0,010551094
228,3937859;0,017605551;0,010551231;0,0352311;7,79E-19;0,017605551;-0,010551231
228,7079452;0,017605456;0,010551094;0,035231287;7,73E-19;0,017605456;-0,010551094
229,0221044;0,01760555;0,010551231;0,0352311;7,74E-19;0,01760555;-0,010551231
229,3362637;0,017605456;0,010551094;0,035231287;7,74E-19;0,017605456;-0,010551094
229,650423;0,01760555;0,010551231;0,0352311;7,71E-19;0,01760555;-0,010551231
229,9645822;0,017605456;0,010551094;0,035231287;7,72E-19;0,017605456;-0,010551094
230,2787415;0,01760555;0,010551231;0,0352311;7,71E-19;0,01760555;-0,010551231
230,5929008;0,017605456;0,010551094;0,035231287;7,72E-19;0,017605456;-0,010551094
230,90706;0,01760555;0,010551231;0,0352311;7,70E-19;0,01760555;-0,010551231
231,2212193;0,017605456;0,010551094;0,035231287;7,67E-19;0,017605456;-0,010551094
231,5353786;0,01760555;0,010551231;0,0352311;7,67E-19;0,01760555;-0,010551231
231,8495378;0,017605456;0,010551094;0,035231287;7,68E-19;0,017605456;-0,010551094
232,1636971;0,01760555;0,010551231;0,035231101;7,67E-19;0,01760555;-0,010551231
232,4778564;0,017605456;0,010551095;0,035231287;7,63E-19;0,017605456;-0,010551095
232,7920156;0,01760555;0,010551231;0,035231101;7,60E-19;0,01760555;-0,010551231
233,1061749;0,017605456;0,010551095;0,035231286;7,60E-19;0,017605456;-0,010551095
233,4203342;0,01760555;0,010551231;0,035231101;7,57E-19;0,01760555;-0,010551231
233,7344934;0,017605457;0,010551095;0,035231286;7,54E-19;0,017605457;-0,010551095
234,0486527;0,01760555;0,010551231;0,035231101;7,55E-19;0,01760555;-0,010551231
234,362812;0,017605457;0,010551095;0,035231286;7,60E-19;0,017605457;-0,010551095
234,6769712;0,01760555;0,010551231;0,035231101;7,63E-19;0,01760555;-0,010551231
234,9911305;0,017605457;0,010551095;0,035231286;7,63E-19;0,017605457;-0,010551095
235,3052898;0,01760555;0,010551231;0,035231101;7,60E-19;0,01760555;-0,010551231
235,619449;0,017605457;0,010551095;0,035231286;7,60E-19;0,017605457;-0,010551095
235,9336083;0,01760555;0,010551231;0,035231101;7,62E-19;0,01760555;-0,010551231
236,2477675;0,017605457;0,010551095;0,035231286;7,62E-19;0,017605457;-0,010551095
236,5619268;0,01760555;0,010551231;0,035231101;7,60E-19;0,01760555;-0,010551231
236,8760861;0,017605457;0,010551095;0,035231286;7,62E-19;0,017605457;-0,010551095
237,1902453;0,01760555;0,010551231;0,035231101;7,60E-19;0,01760555;-0,010551231
237,5044046;0,017605457;0,010551095;0,035231286;7,58E-19;0,017605457;-0,010551095
237,8185639;0,01760555;0,010551231;0,035231101;7,60E-19;0,01760555;-0,010551231
238,1327231;0,017605457;0,010551095;0,035231286;7,59E-19;0,017605457;-0,010551095
238,4468824;0,01760555;0,010551231;0,035231101;7,61E-19;0,01760555;-0,010551231
238,7610417;0,017605457;0,010551095;0,035231286;7,60E-19;0,017605457;-0,010551095
239,0752009;0,01760555;0,010551231;0,035231102;7,61E-19;0,01760555;-0,010551231
239,3893602;0,017605457;0,010551095;0,035231286;7,61E-19;0,017605457;-0,010551095
239,7035195;0,017605549;0,010551231;0,035231102;7,61E-19;0,017605549;-0,010551231
240,0176787;0,017605457;0,010551095;0,035231285;7,62E-19;0,017605457;-0,010551095
240,331838;0,017605549;0,010551231;0,035231102;7,61E-19;0,017605549;-0,010551231
240,6459973;0,017605457;0,010551095;0,035231285;7,59E-19;0,017605457;-0,010551095
240,9601565;0,017605549;0,010551231;0,035231102;7,56E-19;0,017605549;-0,010551231
241,2743158;0,017605457;0,010551095;0,035231285;7,58E-19;0,017605457;-0,010551095
241,5884751;0,017605549;0,01055123;0,035231102;7,56E-19;0,017605549;-0,01055123
241,9026343;0,017605457;0,010551095;0,035231285;7,56E-19;0,017605457;-0,010551095
242,2167936;0,017605549;0,01055123;0,035231102;7,56E-19;0,017605549;-0,01055123
242,5309529;0,017605457;0,010551095;0,035231285;7,55E-19;0,017605457;-0,010551095
242,8451121;0,017605549;0,01055123;0,035231102;7,56E-19;0,017605549;-0,01055123
243,1592714;0,017605457;0,010551095;0,035231285;7,59E-19;0,017605457;-0,010551095
243,4734307;0,017605549;0,01055123;0,035231102;7,62E-19;0,017605549;-0,01055123
243,7875899;0,017605457;0,010551095;0,035231285;7,60E-19;0,017605457;-0,010551095
244,1017492;0,017605549;0,01055123;0,035231102;7,62E-19;0,017605549;-0,01055123
244,4159084;0,017605457;0,010551095;0,035231285;7,62E-19;0,017605457;-0,010551095
244,7300677;0,017605549;0,01055123;0,035231102;7,65E-19;0,017605549;-0,01055123
245,044227;0,017605458;0,010551095;0,035231285;7,66E-19;0,017605458;-0,010551095
245,3583862;0,017605549;0,01055123;0,035231102;7,66E-19;0,017605549;-0,01055123
245,6725455;0,017605458;0,010551095;0,035231285;7,66E-19;0,017605458;-0,010551095
245,9867048;0,017605549;0,01055123;0,035231103;7,64E-19;0,017605549;-0,01055123
246,300864;0,017605458;0,010551096;0,035231285;7,66E-19;0,017605458;-0,010551096
246,6150233;0,017605549;0,01055123;0,035231103;7,68E-19;0,017605549;-0,01055123
246,9291826;0,017605458;0,010551096;0,035231284;7,66E-19;0,017605458;-0,010551096
247,2433418;0,017605549;0,01055123;0,035231103;7,66E-19;0,017605549;-0,01055123
247,5575011;0,017605458;0,010551096;0,035231284;7,67E-19;0,017605458;-0,010551096
247,8716604;0,017605549;0,01055123;0,035231103;7,65E-19;0,017605549;-0,01055123
248,1858196;0,017605458;0,010551096;0,035231284;7,66E-19;0,017605458;-0,010551096
248,4999789;0,017605549;0,01055123;0,035231103;7,63E-19;0,017605549;-0,01055123
248,8141382;0,017605458;0,010551096;0,035231284;7,66E-19;0,017605458;-0,010551096
249,1282974;0,017605549;0,01055123;0,035231103;7,68E-19;0,017605549;-0,01055123
249,4424567;0,017605458;0,010551096;0,035231284;7,71E-19;0,017605458;-0,010551096
249,756616;0,017605549;0,01055123;0,035231103;7,71E-19;0,017605549;-0,01055123
250,0707752;0,017605458;0,010551096;0,035231284;7,70E-19;0,017605458;-0,010551096
250,3849345;0,017605548;0,01055123;0,035231103;7,70E-19;0,017605548;-0,01055123
250,6990938;0,017605458;0,010551096;0,035231284;7,70E-19;0,017605458;-0,010551096
251,013253;0,017605548;0,01055123;0,035231103;7,70E-19;0,017605548;-0,01055123
251,3274123;0,017605458;0,010551096;0,035231284;7,70E-19;0,017605458;-0,010551096
251,6415716;0,017605548;0,01055123;0,035231103;7,70E-19;0,017605548;-0,01055123
251,9557308;0,017605458;0,010551096;0,035231284;7,69E-19;0,017605458;-0,010551096
252,2698901;0,017605548;0,01055123;0,035231103;7,70E-19;0,017605548;-0,01055123
252,5840493;0,017605458;0,010551096;0,035231284;7,68E-19;0,017605458;-0,010551096
252,8982086;0,017605548;0,01055123;0,035231104;7,66E-19;0,017605548;-0,01055123
253,2123679;0,017605458;0,010551096;0,035231284;7,68E-19;0,017605458;-0,010551096
253,5265271;0,017605548;0,01055123;0,035231104;7,64E-19;0,017605548;-0,01055123
253,8406864;0,017605458;0,010551096;0,035231283;7,67E-19;0,017605458;-0,010551096
254,1548457;0,017605548;0,01055123;0,035231104;7,70E-19;0,017605548;-0,01055123
254,4690049;0,017605458;0,010551096;0,035231283;7,65E-19;0,017605458;-0,010551096
254,7831642;0,017605548;0,01055123;0,035231104;7,66E-19;0,017605548;-0,01055123
255,0973235;0,017605458;0,010551096;0,035231283;7,65E-19;0,017605458;-0,010551096
255,4114827;0,017605548;0,010551229;0,035231104;7,64E-19;0,017605548;-0,010551229
255,725642;0,017605459;0,010551096;0,035231283;7,68E-19;0,017605459;-0,010551096
256,0398013;0,017605548;0,010551229;0,035231104;7,67E-19;0,017605548;-0,010551229
256,3539605;0,017605459;0,010551096;0,035231283;7,69E-19;0,017605459;-0,010551096
256,6681198;0,017605548;0,010551229;0,035231104;7,72E-19;0,017605548;-0,010551229
256,9822791;0,017605459;0,010551096;0,035231283;7,70E-19;0,017605459;-0,010551096
257,2964383;0,017605548;0,010551229;0,035231104;7,66E-19;0,017605548;-0,010551229
257,6105976;0,017605459;0,010551096;0,035231283;7,66E-19;0,017605459;-0,010551096
257,9247569;0,017605548;0,010551229;0,035231104;7,62E-19;0,017605548;-0,010551229
258,2389161;0,017605459;0,010551096;0,035231283;7,55E-19;0,017605459;-0,010551096
258,5530754;0,017605548;0,010551229;0,035231104;7,52E-19;0,017605548;-0,010551229
258,8672347;0,017605459;0,010551096;0,035231283;7,55E-19;0,017605459;-0,010551096
259,1813939;0,017605548;0,010551229;0,035231104;7,56E-19;0,017605548;-0,010551229
259,4955532;0,017605459;0,010551096;0,035231283;7,49E-19;0,017605459;-0,010551096
259,8097125;0,017605548;0,010551229;0,035231104;7,50E-19;0,017605548;-0,010551229
260,1238717;0,017605459;0,010551096;0,035231283;7,47E-19;0,017605459;-0,010551096
260,438031;0,017605548;0,010551229;0,035231105;7,45E-19;0,017605548;-0,010551229
260,7521902;0,017605459;0,010551097;0,035231283;7,44E-19;0,017605459;-0,010551097
261,0663495;0,017605548;0,010551229;0,035231105;7,44E-19;0,017605548;-0,010551229
261,3805088;0,017605459;0,010551097;0,035231282;7,42E-19;0,017605459;-0,010551097
261,694668;0,017605547;0,010551229;0,035231105;7,43E-19;0,017605547;-0,010551229
262,0088273;0,017605459;0,010551097;0,035231282;7,45E-19;0,017605459;-0,010551097
262,3229866;0,017605547;0,010551229;0,035231105;7,44E-19;0,017605547;-0,010551229
262,6371458;0,017605459;0,010551097;0,035231282;7,47E-19;0,017605459;-0,010551097
262,9513051;0,017605547;0,010551229;0,035231105;7,48E-19;0,017605547;-0,010551229
263,2654644;0,017605459;0,010551097;0,035231282;7,51E-19;0,017605459;-0,010551097
263,5796236;0,017605547;0,010551229;0,035231105;7,51E-19;0,017605547;-0,010551229
263,8937829;0,017605459;0,010551097;0,035231282;7,48E-19;0,017605459;-0,010551097
264,2079422;0,017605547;0,010551229;0,035231105;7,49E-19;0,017605547;-0,010551229
264,5221014;0,017605459;0,010551097;0,035231282;7,49E-19;0,017605459;-0,010551097
264,8362607;0,017605547;0,010551229;0,035231105;7,49E-19;0,017605547;-0,010551229
265,15042;0,017605459;0,010551097;0,035231282;7,51E-19;0,017605459;-0,010551097
265,4645792;0,017605547;0,010551229;0,035231105;7,48E-19;0,017605547;-0,010551229
265,7787385;0,017605459;0,010551097;0,035231282;7,49E-19;0,017605459;-0,010551097
266,0928978;0,017605547;0,010551229;0,035231105;7,51E-19;0,017605547;-0,010551229
266,407057;0,017605459;0,010551097;0,035231282;7,51E-19;0,017605459;-0,010551097
266,7212163;0,017605547;0,010551229;0,035231105;7,46E-19;0,017605547;-0,010551229
267,0353756;0,01760546;0,010551097;0,035231282;7,40E-19;0,01760546;-0,010551097
267,3495348;0,017605547;0,010551229;0,035231106;7,41E-19;0,017605547;-0,010551229
267,6636941;0,01760546;0,010551097;0,035231282;7,39E-19;0,01760546;-0,010551097
267,9778534;0,017605547;0,010551229;0,035231106;7,37E-19;0,017605547;-0,010551229
268,2920126;0,01760546;0,010551097;0,035231281;7,36E-19;0,01760546;-0,010551097
268,6061719;0,017605547;0,010551229;0,035231106;7,37E-19;0,017605547;-0,010551229
268,9203311;0,01760546;0,010551097;0,035231281;7,39E-19;0,01760546;-0,010551097
269,2344904;0,017605547;0,010551228;0,035231106;7,39E-19;0,017605547;-0,010551228
269,5486497;0,01760546;0,010551097;0,035231281;7,43E-19;0,01760546;-0,010551097
269,8628089;0,017605547;0,010551228;0,035231106;7,44E-19;0,017605547;-0,010551228
270,1769682;0,01760546;0,010551097;0,035231281;7,46E-19;0,01760546;-0,010551097
270,4911275;0,017605547;0,010551228;0,035231106;7,47E-19;0,017605547;-0,010551228
270,8052867;0,01760546;0,010551097;0,035231281;7,51E-19;0,01760546;-0,010551097
271,119446;0,017605547;0,010551228;0,035231106;7,54E-19;0,017605547;-0,010551228
271,4336053;0,01760546;0,010551097;0,035231281;7,56E-19;0,01760546;-0,010551097
271,7477645;0,017605547;0,010551228;0,035231106;7,59E-19;0,017605547;-0,010551228
272,0619238;0,01760546;0,010551097;0,035231281;7,57E-19;0,01760546;-0,010551097
272,3760831;0,017605547;0,010551228;0,035231106;7,58E-19;0,017605547;-0,010551228
272,6902423;0,01760546;0,010551097;0,035231281;7,61E-19;0,01760546;-0,010551097
273,0044016;0,017605546;0,010551228;0,035231106;7,59E-19;0,017605546;-0,010551228
273,3185609;0,01760546;0,010551097;0,035231281;7,59E-19;0,01760546;-0,010551097
273,6327201;0,017605546;0,010551228;0,035231106;7,64E-19;0,017605546;-0,010551228
273,9468794;0,01760546;0,010551097;0,035231281;7,65E-19;0,01760546;-0,010551097
274,2610387;0,017605546;0,010551228;0,035231106;7,65E-19;0,017605546;-0,010551228
274,5751979;0,01760546;0,010551098;0,035231281;7,68E-19;0,01760546;-0,010551098
274,8893572;0,017605546;0,010551228;0,035231107;7,65E-19;0,017605546;-0,010551228
275,2035165;0,01760546;0,010551098;0,035231281;7,63E-19;0,01760546;-0,010551098
275,5176757;0,017605546;0,010551228;0,035231107;7,64E-19;0,017605546;-0,010551228
275,831835;0,01760546;0,010551098;0,03523128;7,64E-19;0,01760546;-0,010551098
276,1459943;0,017605546;0,010551228;0,035231107;7,67E-19;0,017605546;-0,010551228
276,4601535;0,01760546;0,010551098;0,03523128;7,62E-19;0,01760546;-0,010551098
276,7743128;0,017605546;0,010551228;0,035231107;7,63E-19;0,017605546;-0,010551228
277,088472;0,01760546;0,010551098;0,03523128;7,61E-19;0,01760546;-0,010551098
277,4026313;0,017605546;0,010551228;0,035231107;7,64E-19;0,017605546;-0,010551228
277,7167906;0,01760546;0,010551098;0,03523128;7,64E-19;0,01760546;-0,010551098
278,0309498;0,017605546;0,010551228;0,035231107;7,66E-19;0,017605546;-0,010551228
278,3451091;0,017605461;0,010551098;0,03523128;7,68E-19;0,017605461;-0,010551098
278,6592684;0,017605546;0,010551228;0,035231107;7,70E-19;0,017605546;-0,010551228
278,9734276;0,017605461;0,010551098;0,03523128;7,69E-19;0,017605461;-0,010551098
279,2875869;0,017605546;0,010551228;0,035231107;7,69E-19;0,017605546;-0,010551228
279,6017462;0,017605461;0,010551098;0,03523128;7,66E-19;0,017605461;-0,010551098
279,9159054;0,017605546;0,010551228;0,035231107;7,67E-19;0,017605546;-0,010551228
280,2300647;0,017605461;0,010551098;0,03523128;7,64E-19;0,017605461;-0,010551098
280,544224;0,017605546;0,010551228;0,035231107;7,60E-19;0,017605546;-0,010551228
280,8583832;0,017605461;0,010551098;0,03523128;7,59E-19;0,017605461;-0,010551098
281,1725425;0,017605546;0,010551228;0,035231107;7,57E-19;0,017605546;-0,010551228
281,4867018;0,017605461;0,010551098;0,03523128;7,59E-19;0,017605461;-0,010551098
281,800861;0,017605546;0,010551228;0,035231108;7,60E-19;0,017605546;-0,010551228
282,1150203;0,017605461;0,010551098;0,03523128;7,62E-19;0,017605461;-0,010551098
282,4291796;0,017605546;0,010551228;0,035231108;7,61E-19;0,017605546;-0,010551228
282,7433388;0,017605461;0,010551098;0,035231279;7,60E-19;0,017605461;-0,010551098
283,0574981;0,017605546;0,010551228;0,035231108;7,59E-19;0,017605546;-0,010551228
283,3716574;0,017605461;0,010551098;0,035231279;7,55E-19;0,017605461;-0,010551098
283,6858166;0,017605546;0,010551227;0,035231108;7,57E-19;0,017605546;-0,010551227
283,9999759;0,017605461;0,010551098;0,035231279;7,61E-19;0,017605461;-0,010551098
284,3141351;0,017605546;0,010551227;0,035231108;7,64E-19;0,017605546;-0,010551227
284,6282944;0,017605461;0,010551098;0,035231279;7,66E-19;0,017605461;-0,010551098
284,9424537;0,017605545;0,010551227;0,035231108;7,65E-19;0,017605545;-0,010551227
285,2566129;0,017605461;0,010551098;0,035231279;7,64E-19;0,017605461;-0,010551098
285,5707722;0,017605545;0,010551227;0,035231108;7,65E-19;0,017605545;-0,010551227
285,8849315;0,017605461;0,010551098;0,035231279;7,63E-19;0,017605461;-0,010551098
286,1990907;0,017605545;0,010551227;0,035231108;7,62E-19;0,017605545;-0,010551227
286,51325;0,017605461;0,010551098;0,035231279;7,62E-19;0,017605461;-0,010551098
286,8274093;0,017605545;0,010551227;0,035231108;7,55E-19;0,017605545;-0,010551227
287,1415685;0,017605461;0,010551098;0,035231279;7,53E-19;0,017605461;-0,010551098
287,4557278;0,017605545;0,010551227;0,035231108;7,55E-19;0,017605545;-0,010551227
287,7698871;0,017605461;0,010551098;0,035231279;7,55E-19;0,017605461;-0,010551098
288,0840463;0,017605545;0,010551227;0,035231108;7,55E-19;0,017605545;-0,010551227
288,3982056;0,017605461;0,010551099;0,035231279;7,52E-19;0,017605461;-0,010551099
288,7123649;0,017605545;0,010551227;0,035231108;7,51E-19;0,017605545;-0,010551227
289,0265241;0,017605461;0,010551099;0,035231279;7,50E-19;0,017605461;-0,010551099
289,3406834;0,017605545;0,010551227;0,035231109;7,51E-19;0,017605545;-0,010551227
289,6548427;0,017605461;0,010551099;0,035231279;7,53E-19;0,017605461;-0,010551099
289,9690019;0,017605545;0,010551227;0,035231109;7,50E-19;0,017605545;-0,010551227
290,2831612;0,017605462;0,010551099;0,035231278;7,49E-19;0,017605462;-0,010551099
290,5973205;0,017605545;0,010551227;0,035231109;7,52E-19;0,017605545;-0,010551227
290,9114797;0,017605462;0,010551099;0,035231278;7,56E-19;0,017605462;-0,010551099
291,225639;0,017605545;0,010551227;0,035231109;7,60E-19;0,017605545;-0,010551227
291,5397983;0,017605462;0,010551099;0,035231278;7,61E-19;0,017605462;-0,010551099
291,8539575;0,017605545;0,010551227;0,035231109;7,56E-19;0,017605545;-0,010551227
292,1681168;0,017605462;0,010551099;0,035231278;7,50E-19;0,017605462;-0,010551099
292,482276;0,017605545;0,010551227;0,035231109;7,50E-19;0,017605545;-0,010551227
292,7964353;0,017605462;0,010551099;0,035231278;7,50E-19;0,017605462;-0,010551099
293,1105946;0,017605545;0,010551227;0,035231109;7,51E-19;0,017605545;-0,010551227
293,4247538;0,017605462;0,010551099;0,035231278;7,53E-19;0,017605462;-0,010551099
293,7389131;0,017605545;0,010551227;0,035231109;7,55E-19;0,017605545;-0,010551227
294,0530724;0,017605462;0,010551099;0,035231278;7,59E-19;0,017605462;-0,010551099
294,3672316;0,017605545;0,010551227;0,035231109;7,60E-19;0,017605545;-0,010551227
294,6813909;0,017605462;0,010551099;0,035231278;7,56E-19;0,017605462;-0,010551099
294,9955502;0,017605545;0,010551227;0,035231109;7,55E-19;0,017605545;-0,010551227
295,3097094;0,017605462;0,010551099;0,035231278;7,60E-19;0,017605462;-0,010551099
295,6238687;0,017605545;0,010551227;0,035231109;7,63E-19;0,017605545;-0,010551227
295,938028;0,017605462;0,010551099;0,035231278;7,63E-19;0,017605462;-0,010551099
296,2521872;0,017605545;0,010551227;0,035231109;7,67E-19;0,017605545;-0,010551227
296,5663465;0,017605462;0,010551099;0,035231278;7,72E-19;0,017605462;-0,010551099
296,8805058;0,017605544;0,010551227;0,03523111;7,70E-19;0,017605544;-0,010551227
297,194665;0,017605462;0,010551099;0,035231278;7,71E-19;0,017605462;-0,010551099
297,5088243;0,017605544;0,010551227;0,03523111;7,71E-19;0,017605544;-0,010551227
297,8229836;0,017605462;0,010551099;0,035231277;7,71E-19;0,017605462;-0,010551099
298,1371428;0,017605544;0,010551226;0,03523111;7,70E-19;0,017605544;-0,010551226
298,4513021;0,017605462;0,010551099;0,035231277;7,70E-19;0,017605462;-0,010551099
298,7654614;0,017605544;0,010551226;0,03523111;7,70E-19;0,017605544;-0,010551226
299,0796206;0,017605462;0,010551099;0,035231277;7,69E-19;0,017605462;-0,010551099
299,3937799;0,017605544;0,010551226;0,03523111;7,68E-19;0,017605544;-0,010551226
299,7079392;0,017605462;0,010551099;0,035231277;7,68E-19;0,017605462;-0,010551099
300,0220984;0,017605544;0,010551226;0,03523111;7,68E-19;0,017605544;-0,010551226
300,3362577;0,017605462;0,010551099;0,035231277;7,68E-19;0,017605462;-0,010551099
300,6504169;0,017605544;0,010551226;0,03523111;7,67E-19;0,017605544;-0,010551226
300,9645762;0,017605462;0,010551099;0,035231277;7,65E-19;0,017605462;-0,010551099
301,2787355;0,017605544;0,010551226;0,03523111;7,66E-19;0,017605544;-0,010551226
301,5928947;0,017605462;0,010551099;0,035231277;7,65E-19;0,017605462;-0,010551099
301,907054;0,017605544;0,010551226;0,03523111;7,65E-19;0,017605544;-0,010551226
302,2212133;0,017605462;0,010551099;0,035231277;7,63E-19;0,017605462;-0,010551099
302,5353725;0,017605544;0,010551226;0,03523111;7,66E-19;0,017605544;-0,010551226
302,8495318;0,017605463;0,0105511;0,035231277;7,67E-19;0,017605463;-0,0105511
303,1636911;0,017605544;0,010551226;0,03523111;7,66E-19;0,017605544;-0,010551226
303,4778503;0,017605463;0,0105511;0,035231277;7,68E-19;0,017605463;-0,0105511
303,7920096;0,017605544;0,010551226;0,03523111;7,68E-19;0,017605544;-0,010551226
304,1061689;0,017605463;0,0105511;0,035231277;7,65E-19;0,017605463;-0,0105511
304,4203281;0,017605544;0,010551226;0,035231111;7,66E-19;0,017605544;-0,010551226
304,7344874;0,017605463;0,0105511;0,035231277;7,67E-19;0,017605463;-0,0105511
305,0486467;0,017605544;0,010551226;0,035231111;7,68E-19;0,017605544;-0,010551226
305,3628059;0,017605463;0,0105511;0,035231276;7,71E-19;0,017605463;-0,0105511
305,6769652;0,017605544;0,010551226;0,035231111;7,73E-19;0,017605544;-0,010551226
305,9911245;0,017605463;0,0105511;0,035231276;7,71E-19;0,017605463;-0,0105511
306,3052837;0,017605544;0,010551226;0,035231111;7,71E-19;0,017605544;-0,010551226
306,619443;0,017605463;0,0105511;0,035231276;7,73E-19;0,017605463;-0,0105511
306,9336023;0,017605544;0,010551226;0,035231111;7,73E-19;0,017605544;-0,010551226
307,2477615;0,017605463;0,0105511;0,035231276;7,74E-19;0,017605463;-0,0105511
307,5619208;0,017605544;0,010551226;0,035231111;7,75E-19;0,017605544;-0,010551226
307,8760801;0,017605463;0,0105511;0,035231276;7,74E-19;0,017605463;-0,0105511
308,1902393;0,017605544;0,010551226;0,035231111;7,73E-19;0,017605544;-0,010551226
308,5043986;0,017605463;0,0105511;0,035231276;7,71E-19;0,017605463;-0,0105511
308,8185578;0,017605544;0,010551226;0,035231111;7,68E-19;0,017605544;-0,010551226
309,1327171;0,017605463;0,0105511;0,035231276;7,65E-19;0,017605463;-0,0105511
309,4468764;0,017605543;0,010551226;0,035231111;7,65E-19;0,017605543;-0,010551226
309,7610356;0,017605463;0,0105511;0,035231276;7,67E-19;0,017605463;-0,0105511
310,0751949;0,017605543;0,010551226;0,035231111;7,71E-19;0,017605543;-0,010551226
310,3893542;0,017605463;0,0105511;0,035231276;7,71E-19;0,017605463;-0,0105511
310,7035134;0,017605543;0,010551226;0,035231111;7,71E-19;0,017605543;-0,010551226
311,0176727;0,017605463;0,0105511;0,035231276;7,74E-19;0,017605463;-0,0105511
311,331832;0,017605543;0,010551226;0,035231111;7,78E-19;0,017605543;-0,010551226
311,6459912;0,017605463;0,0105511;0,035231276;7,77E-19;0,017605463;-0,0105511
311,9601505;0,017605543;0,010551226;0,035231111;7,75E-19;0,017605543;-0,010551226
312,2743098;0,017605463;0,0105511;0,035231276;7,77E-19;0,017605463;-0,0105511
312,588469;0,017605543;0,010551225;0,035231112;7,79E-19;0,017605543;-0,010551225
312,9026283;0,017605463;0,0105511;0,035231276;7,77E-19;0,017605463;-0,0105511
313,2167876;0,017605543;0,010551225;0,035231112;7,72E-19;0,017605543;-0,010551225
313,5309468;0,017605463;0,0105511;0,035231275;7,74E-19;0,017605463;-0,0105511
313,8451061;0,017605543;0,010551225;0,035231112;7,72E-19;0,017605543;-0,010551225
