10; 1187702,564468178; 54878,70538392797; 898726,6455749974; 86685,50930626695; 390052,2779194396; 97317,94317222237; 74617,1631965104; 97542,45772134299; 39810,00384365499; 95066,65102658271; 49346,34323620691; 93082,35719227589; 28880,7089641151; 92121,31022055507; 10925,55924933233; 91866,65640658839; 1,1515382425386633E-08; 92121,31022055521; 10925,559249327664; 93082,35719227504; 28880,708964094913; 95066,65102658125; 49346,34323619363; 97542,45772134131; 39810,003843658094; 97317,94317221992; 74617,16319650355; 86685,50930626578; 390052,2779194437; 54878,705383926594; 898726,6455749765; 1187702,564468144; 3,4269045330067374E+18; 3,426904533006729E+18; 3,4269045330067133E+18; 3,4269045330067E+18; 3,426904533006694E+18; 3,4269045330066877E+18; 3,4269045330066857E+18; 3,42690453300668E+18; 3,4269045330066785E+18; 3,4269045330066744E+18; 3,4269045330066744E+18; 3,4269045330066703E+18; 3,4269045330066657E+18; 3,42690453300666E+18; 3,42690453300665E+18; 3,426904533006636E+18; 3,426904533006629E+18; 
11; 86534,34334227824; 3967,0553439950972; 63046,97420191652; 6087,498805409343; 23708,217567197607; 6654,794406988289; 2272,5181640169844; 6575,88110753695; 3632,230108964262; 6398,613201950435; 2964,848851629228; 6294,414031445337; 1264,9709619380806; 6258,765794792102; 307,6382052482611; 6252,56976666246; 7,425464687571548E-10; 6258,765794792132; 307,6382052486674; 6294,41403144544; 1264,9709619366006; 6398,613201950524; 2964,8488516290663; 6575,881107536893; 3632,2301089650186; 6654,794406988366; 2272,5181640159503; 6087,498805409431; 23708,217567198033; 3967,0553439951336; 63046,97420191801; 86534,34334227745; 3,2835664933445555E+17; 3,283566493344549E+17; 3,2835664933445363E+17; 3,283566493344528E+17; 3,283566493344522E+17; 3,283566493344521E+17; 3,2835664933445216E+17; 3,2835664933445197E+17; 3,283566493344518E+17; 3,2835664933445197E+17; 3,2835664933445203E+17; 3,2835664933445216E+17; 3,2835664933445216E+17; 3,283566493344523E+17; 3,2835664933445184E+17; 3,28356649334451E+17; 3,283566493344505E+17; 
12; 2250833174,2007055; 104202438,67884138; 1718068707,909625; 165708628,13470381; 769370971,4916353; 187247257,35792658; 163981446,0870514; 188419358,25215286; 68014653,33190265; 183814726,9614197; 96162617,60791388; 179827451,65683496; 60110628,886781834; 177771061,44932085; 24246465,220152006; 177197023,19993573; 1,5625380910933018E-05; 177771061,44932008; 24246465,220138546; 179827451,6568334; 60110628,88676697; 183814726,96141618; 96162617,60788837; 188419358,2521483; 68014653,33186641; 187247257,35792086; 163981446,0870247; 165708628,13469955; 769370971,4916213; 104202438,67883876; 1718068707,9095833; 2250833174,200669; 6,077221247225271E+21; 6,077221247225259E+21; 6,077221247225232E+21; 6,077221247225208E+21; 6,077221247225199E+21; 6,077221247225188E+21; 6,077221247225174E+21; 6,077221247225162E+21; 6,077221247225152E+21; 6,077221247225145E+21; 6,077221247225136E+21; 6,077221247225124E+21; 6,077221247225114E+21; 6,077221247225104E+21; 6,077221247225085E+21; 6,077221247225062E+21; 6,077221247225049E+21; 
13; 845323447,0485028; 38958743,16507273; 632079201,0108715; 60977832,46904731; 262621625,6499511; 67871548,999077; 42527399,91615126; 67699895,20613839; 31181945,336343948; 65930879,13209006; 33242831,92108967; 64649778,370933466; 17690917,80848099; 64086567,363480024; 6010788,8012205325; 63950454,07199956; 3,3945725590456277E-06; 64086567,36348003; 6010788,801212736; 64649778,37093343; 17690917,808473844; 65930879,13209005; 33242831,921092704; 67699895,20613842; 31181945,33634516; 67871548,99907695; 42527399,91614417; 60977832,46904761; 262621625,6499516; 38958743,16507264; 632079201,0108733; 845323447,0485042; 2,666537213724047E+21; 2,666537213724042E+21; 2,66653721372403E+21; 2,666537213724021E+21; 2,666537213724016E+21; 2,666537213724013E+21; 2,666537213724012E+21; 2,666537213724008E+21; 2,6665372137240045E+21; 2,6665372137239997E+21; 2,666537213723997E+21; 2,6665372137239934E+21; 2,6665372137239903E+21; 2,666537213723987E+21; 2,6665372137239793E+21; 2,66653721372397E+21; 2,6665372137239667E+21; 
14; 1463,5412612254554; 66,0801493144133; 969,9574145895848; 94,5326618218103; 236,85418648345387; 97,7805930580663; 40,13278948215712; 94,80267646512256; 57,51715330583776; 92,82959286319553; 21,643686069159116; 92,34251852548425; 1,4096327321178865; 92,41120878891964; 2,5142392004686362; 92,4802975340283; 2,7328472818055616E-11; 92,41120878891898; 2,5142392004478653; 92,34251852548519; 1,4096327321692392; 92,82959286319638; 21,643686069178752; 94,80267646512473; 57,51715330582425; 97,78059305806815; 40,13278948216538; 94,53266182181171; 236,85418648348673; 66,08014931441389; 969,9574145896061; 1463,5412612254547; 10160327147079732; 10160327147079728; 10160327147079700; 10160327147079682; 10160327147079666; 10160327147079660; 10160327147079646; 10160327147079636; 10160327147079634; 10160327147079626; 10160327147079626; 10160327147079630; 10160327147079622; 10160327147079620; 10160327147079608; 10160327147079590; 10160327147079584; 
15; 7788528,647550259; 354721,32749616663; 5475027,828184937; 529901,7734216988; 1775042,9607467693; 566291,6783670099; 5055,706202823141; 554225,1964653246; 340245,33635016286; 539945,8007342634; 205439,4094285939; 533654,0519167958; 59809,391315599445; 532424,579970445; 2809,3868786541707; 532468,2751767432; 3,4912602586700814E-08; 532424,5799704429; 2809,3868786279536; 533654,0519167993; 59809,39131547165; 539945,8007342528; 205439,40942854714; 554225,196465314; 340245,3363501688; 566291,6783670033; 5055,7062028381115; 529901,7734216929; 1775042,9607468434; 354721,32749616075; 5475027,828184765; 7788528,647550029; 3,757682899517663E+19; 3,757682899517658E+19; 3,757682899517647E+19; 3,757682899517638E+19; 3,757682899517632E+19; 3,757682899517624E+19; 3,757682899517618E+19; 3,757682899517612E+19; 3,757682899517602E+19; 3,757682899517598E+19; 3,757682899517591E+19; 3,757682899517586E+19; 3,7576828995175825E+19; 3,757682899517576E+19; 3,757682899517569E+19; 3,757682899517558E+19; 3,757682899517552E+19; 
16; 500240,79589208943; 22650,598500968103; 338763,7429236547; 32916,97181143298; 92398,69668331784; 34433,621580764644; 9481,920861434002; 33469,88230595904; 20879,2828265229; 32699,742675016645; 9428,986290375764; 32455,807648916376; 1479,983632239535; 32451,52477919608; 666,2991839133521; 32471,004009423472; 3,9471359514209325E-09; 32451,524779196545; 666,2991839163337; 32455,80764891717; 1479,983632240615; 32699,74267501741; 9428,986290369146; 33469,882305959116; 20879,28282652096; 34433,621580765386; 9481,92086144768; 32916,97181143365; 92398,69668333174; 22650,598500968412; 338763,7429236603; 500240,7958920994; 3,050900844479457E+18; 3,050900844479451E+18; 3,0509008444794435E+18; 3,0509008444794373E+18; 3,0509008444794363E+18; 3,0509008444794337E+18; 3,050900844479429E+18; 3,050900844479425E+18; 3,0509008444794214E+18; 3,0509008444794163E+18; 3,050900844479415E+18; 3,050900844479413E+18; 3,0509008444794117E+18; 3,050900844479409E+18; 3,050900844479406E+18; 3,0509008444794E+18; 3,0509008444793964E+18; 
17; 11596822,615026373; 525790,0600854475; 7925386,595195827; 769240,9634583441; 2259612,123527677; 808744,7188304607; 170408,96554934172; 787269,8658415604; 490899,050453591; 768649,6205556503; 236401,50450938422; 762308,2009469958; 43013,58080932076; 761982,7428424152; 12152,654637029695; 762413,6662640288; 1,4687793736811727E-07; 761982,7428424044; 12152,654637145682; 762308,200946978; 43013,58080928218; 768649,6205556362; 236401,50450932066; 787269,8658415301; 490899,05045356066; 808744,7188304298; 170408,96554945593; 769240,9634583258; 2259612,123527762; 525790,0600854328; 7925386,59519577; 11596822,61502594; 6,686482118173949E+19; 6,686482118173939E+19; 6,686482118173922E+19; 6,686482118173903E+19; 6,686482118173896E+19; 6,686482118173892E+19; 6,686482118173885E+19; 6,686482118173879E+19; 6,686482118173866E+19; 6,686482118173856E+19; 6,686482118173842E+19; 6,6864821181738385E+19; 6,686482118173834E+19; 6,6864821181738254E+19; 6,686482118173816E+19; 6,6864821181738025E+19; 6,686482118173793E+19; 
18; 49751,272557334516; 2239,1279037922654; 31977,99242665915; 3133,458797695199; 6572,985139682115; 3195,269766173212; 1781,1213247099286; 3092,9001870503453; 1717,0587442461313; 3039,7005115422453; 487,619462511357; 3031,3383514837155; 46,64042344838754; 3035,241679807318; 79,54440548075075; 3037,3727808808662; 9,57047774363673E-10; 3035,2416798073396; 79,54440547984808; 3031,338351483813; 46,6404234491352; 3039,7005115424004; 487,6194625121482; 3092,9001870505103; 1717,058744246638; 3195,2697661734246; 1781,1213247100454; 3133,4587976952776; 6572,985139684275; 2239,1279037922905; 31977,992426660636; 49751,27255733495; 4,1397470040362336E+17; 4,1397470040362285E+17; 4,139747004036215E+17; 4,139747004036205E+17; 4,139747004036196E+17; 4,1397470040361894E+17; 4,13974700403618E+17; 4,139747004036172E+17; 4,1397470040361645E+17; 4,139747004036158E+17; 4,1397470040361517E+17; 4,139747004036147E+17; 4,139747004036144E+17; 4,139747004036142E+17; 4,139747004036138E+17; 4,1397470040361286E+17; 4,139747004036124E+17; 
19; 4733129941,996808; 215088683,79781154; 3283296745,6839066; 318149889,6410028; 1002730385,6924843; 337272732,6964826; 35257144,58766849; 329066689,40225345; 207229604,272631; 320763599,72674733; 113336371,5613918; 317461032,3499703; 28211059,335675135; 316981641,3404397; 1769231,7420659598; 317073349,77703756; 9,06874192878604E-05; 316981641,34043705; 1769231,7420319044; 317461032,34996253; 28211059,3356596; 320763599,7267316; 113336371,56130336; 329066689,4022431; 207229604,27269337; 337272732,69647366; 35257144,58775555; 318149889,64099807; 1002730385,6925249; 215088683,79780942; 3283296745,683836; 4733129941,996663; 2,4836640383923825E+22; 2,483664038392378E+22; 2,483664038392369E+22; 2,4836640383923615E+22; 2,483664038392356E+22; 2,4836640383923527E+22; 2,4836640383923476E+22; 2,483664038392342E+22; 2,4836640383923376E+22; 2,483664038392334E+22; 2,4836640383923288E+22; 2,483664038392325E+22; 2,483664038392322E+22; 2,48366403839232E+22; 2,4836640383923166E+22; 2,4836640383923116E+22; 2,483664038392309E+22; 
20; 76351154085813730; 3514962241091326; 56794538220558810; 5479673729782765; 23139971314141136; 6076440582829130; 3438528692627609; 6048427448403348; 2922503474491779,5; 5888369968449651; 2934485079552444,5; 5777344986954797; 1496854500450233,8; 5730685979520083; 482100723591557,1; 5719939046830950; 157,8583984375; 5730685979520085; 482100723591676,5; 5777344986954793; 1496854500450380,8; 5888369968449627; 2934485079551394,5; 6048427448403270; 2922503474490570,5; 6076440582828965; 3438528692627987; 5479673729782648; 23139971314141212; 3514962241091214,5; 56794538220557256; 76351154085811060; 2,5007328849117562E+29; 2,5007328849117513E+29; 2,50073288491174E+29; 2,5007328849117298E+29; 2,5007328849117224E+29; 2,500732884911715E+29; 2,5007328849117083E+29; 2,5007328849117023E+29; 2,5007328849116978E+29; 2,5007328849116953E+29; 2,500732884911691E+29; 2,5007328849116865E+29; 2,5007328849116844E+29; 2,500732884911677E+29; 2,5007328849116707E+29; 2,5007328849116612E+29; 2,5007328849116556E+29; 
21; 31079904300657,387; 1418285625801,9036; 22096645298294,63; 2136601159351,7217; 7515041990252,692; 2298745293928,197; 232874549143,05087; 2254933851357,6816; 1375447048771,2976; 2194499410757,5078; 915953432084,4323; 2164903649454,9941; 313176983274,2545; 2157339463528,0457; 43622572444,84645; 2156734780295,9426; 0,6132164001464844; 2157339463528,0115; 43622572444,20823; 2164903649454,93; 313176983274,57745; 2194499410757,4722; 915953432084,7515; 2254933851357,6255; 1375447048771,3862; 2298745293928,1455; 232874549143,48187; 2136601159351,6697; 7515041990253,172; 1418285625801,8354; 22096645298294,016; 31079904300656,418; 1,390877885488705E+26; 1,3908778854887017E+26; 1,3908778854886962E+26; 1,3908778854886909E+26; 1,390877885488685E+26; 1,3908778854886804E+26; 1,3908778854886765E+26; 1,3908778854886736E+26; 1,3908778854886698E+26; 1,3908778854886674E+26; 1,390877885488664E+26; 1,3908778854886612E+26; 1,3908778854886584E+26; 1,3908778854886553E+26; 1,390877885488652E+26; 1,3908778854886473E+26; 1,3908778854886457E+26; 
22; 1,108511487100516E+17; 5084281032903834; 80960745480968700; 7816366123777879; 30742071268184152; 8559037178854288; 3146110854244746,5; 8464678195222354; 4609134685875445; 8236927955440440; 3850148268684713; 8100389583045222; 1680455697252482,2; 8052354897355534; 426503323602894,75; 8043609185824903; 380,18359375; 8052354897355478; 426503323602234,44; 8100389583045065; 1680455697250684,5; 8236927955440242; 3850148268684900; 8464678195222209; 4609134685874622; 8559037178854022; 3146110854246361; 7816366123777665; 30742071268183456; 5084281032903649; 80960745480966240; 1,10851148710048E+17; 4,1368704051284425E+29; 4,136870405128432E+29; 4,1368704051284136E+29; 4,1368704051284E+29; 4,1368704051283855E+29; 4,136870405128372E+29; 4,13687040512836E+29; 4,1368704051283475E+29; 4,1368704051283334E+29; 4,136870405128323E+29; 4,136870405128313E+29; 4,136870405128307E+29; 4,136870405128301E+29; 4,136870405128295E+29; 4,1368704051282855E+29; 4,136870405128271E+29; 4,136870405128265E+29; 
23; 4,693615626619688E+21; 2,165412754770666E+20; 3,5267311049477084E+21; 3,401967160046039E+20; 1,491824936461739E+21; 3,799705295068526E+20; 2,592828698289591E+20; 3,79722692700534E+20; 1,6761749607770322E+20; 3,6987414123477303E+20; 1,895393221651814E+20; 3,624363444508665E+20; 1,051119979992429E+20; 3,590220118264294E+20; 3,753387944815648E+19; 3,581601824491132E+20; 9547584; 3,59022011826427E+20; 3,753387944808395E+19; 3,6243634445086196E+20; 1,0511199799916082E+20; 3,698741412347652E+20; 1,8953932216511526E+20; 3,797226927005238E+20; 1,676174960776986E+20; 3,7997052950684185E+20; 2,5928286982895216E+20; 3,401967160045967E+20; 1,4918249364617185E+21; 2,1654127547706065E+20; 3,5267311049476124E+21; 4,693615626619561E+21; 1,4278450642020498E+34; 1,4278450642020464E+34; 1,42784506420204E+34; 1,4278450642020346E+34; 1,4278450642020302E+34; 1,4278450642020282E+34; 1,4278450642020254E+34; 1,4278450642020222E+34; 1,4278450642020192E+34; 1,4278450642020162E+34; 1,427845064202013E+34; 1,4278450642020109E+34; 1,4278450642020083E+34; 1,4278450642020049E+34; 1,4278450642020017E+34; 1,4278450642019968E+34; 1,4278450642019938E+34; 
24; 4,906751523614369E+25; 2,2725021877541247E+24; 3,7520562477486036E+25; 3,6189091459926635E+24; 1,6910758612192608E+25; 4,0949478936817407E+24; 3,6833070309248025E+24; 4,124253283316672E+24; 1,4411002160049857E+24; 4,024636341203906E+24; 2,1019475047913675E+24; 3,93693677561076E+24; 1,3311487615261147E+24; 3,891164758192619E+24; 5,4319511265013025E+23; 3,878269932324443E+24; 617205202944; 3,891164758192556E+24; 5,4319511264914684E+23; 3,9369367756106404E+24; 1,3311487615255875E+24; 4,024636341203773E+24; 2,1019475047908803E+24; 4,1242532833165174E+24; 1,4411002160047935E+24; 4,094947893681604E+24; 3,6833070309249174E+24; 3,6189091459925073E+24; 1,6910758612192028E+25; 2,2725021877540128E+24; 3,752056247748416E+25; 4,906751523614159E+25; 1,306830134478832E+38; 1,3068301344788286E+38; 1,3068301344788226E+38; 1,3068301344788167E+38; 1,3068301344788122E+38; 1,3068301344788084E+38; 1,3068301344788044E+38; 1,3068301344787995E+38; 1,3068301344787953E+38; 1,3068301344787906E+38; 1,3068301344787859E+38; 1,306830134478782E+38; 1,306830134478778E+38; 1,3068301344787736E+38; 1,3068301344787687E+38; 1,306830134478763E+38; 1,3068301344787604E+38; 
25; 7,015525551649894E+25; 3,2439730148357794E+24; 5,326362250524988E+25; 5,137408860963259E+24; 2,3400073758473426E+25; 5,782061434377491E+24; 4,678366712729272E+24; 5,804356804075371E+24; 2,2593415372811908E+24; 5,65937272760641E+24; 2,9414716874680785E+24; 5,539703672589585E+24; 1,7654665673408758E+24; 5,480321995365472E+24; 6,848362849327262E+23; 5,464260191814619E+24; 265009496064; 5,480321995365448E+24; 6,848362849318832E+23; 5,539703672589549E+24; 1,7654665673403147E+24; 5,659372727606359E+24; 2,9414716874676957E+24; 5,804356804075271E+24; 2,2593415372814402E+24; 5,7820614343774E+24; 4,6783667127296206E+24; 5,137408860963148E+24; 2,3400073758473628E+25; 3,243973014835687E+24; 5,326362250524923E+25; 7,015525551649673E+25; 1,974216349462685E+38; 1,974216349462681E+38; 1,9742163494626725E+38; 1,974216349462664E+38; 1,974216349462657E+38; 1,974216349462654E+38; 1,97421634946265E+38; 1,9742163494626453E+38; 1,974216349462641E+38; 1,9742163494626363E+38; 1,9742163494626317E+38; 1,9742163494626276E+38; 1,9742163494626227E+38; 1,9742163494626197E+38; 1,974216349462613E+38; 1,9742163494626045E+38; 1,9742163494626E+38; 
26; 1,9741658931306457E+30; 9,165817382832254E+28; 1,5260860518843173E+30; 1,4720333777906883E+29; 7,145193733924558E+29; 1,679562680299914E+29; 1,7483551974338854E+29; 1,7004557834078097E+29; 4,825767818213767E+28; 1,6618689521925713E+29; 8,694246326467416E+28; 1,6241300629850725E+29; 5,975116806841471E+28; 1,602928280733627E+29; 2,6153648798847476E+28; 1,5966210769458068E+29; 6124400025796608; 1,6029282807336182E+29; 2,6153648798845453E+28; 1,624130062985055E+29; 5,975116806838983E+28; 1,6618689521925396E+29; 8,69424632646365E+28; 1,7004557834077608E+29; 4,825767818210336E+28; 1,6795626802998554E+29; 1,748355197434062E+29; 1,4720333777906213E+29; 7,145193733924434E+29; 9,165817382831816E+28; 1,526086051884249E+30; 1,9741658931305506E+30; 4,8246537691275985E+42; 4,8246537691275874E+42; 4,8246537691275626E+42; 4,8246537691275385E+42; 4,824653769127518E+42; 4,8246537691275013E+42; 4,824653769127484E+42; 4,824653769127464E+42; 4,8246537691274425E+42; 4,8246537691274233E+42; 4,824653769127408E+42; 4,824653769127398E+42; 4,824653769127386E+42; 4,8246537691273714E+42; 4,824653769127353E+42; 4,824653769127331E+42; 4,824653769127319E+42; 
27; 4,746809636038691E+25; 2,1869152262961782E+24; 3,543464361919128E+25; 3,4185908211078316E+24; 1,4632740144068256E+25; 3,8006565556922086E+24; 2,31117332058684E+24; 3,788715942771778E+24; 1,7681619487607672E+24; 3,689497753687577E+24; 1,8503719335566474E+24; 3,61858827299286E+24; 9,721981336552433E+23; 3,587826914558658E+24; 3,252898811240253E+23; 3,5804928002840996E+24; 292713136128; 3,5878269145586066E+24; 3,252898811227625E+23; 3,618588272992728E+24; 9,721981336537339E+23; 3,689497753687429E+24; 1,8503719335564898E+24; 3,788715942771624E+24; 1,7681619487608558E+24; 3,800656555692076E+24; 2,3111733205869242E+24; 3,418590821107669E+24; 1,4632740144067962E+25; 2,186915226296068E+24; 3,5434643619189587E+25; 4,7468096360384365E+25; 1,5160927731099402E+38; 1,5160927731099362E+38; 1,5160927731099306E+38; 1,5160927731099247E+38; 1,5160927731099196E+38; 1,5160927731099153E+38; 1,5160927731099107E+38; 1,5160927731099045E+38; 1,5160927731098968E+38; 1,51609277310989E+38; 1,516092773109883E+38; 1,5160927731098764E+38; 1,516092773109872E+38; 1,5160927731098679E+38; 1,5160927731098635E+38; 1,5160927731098586E+38; 1,516092773109856E+38; 
28; 7,115366183906678E+25; 3,274037933663898E+24; 5,2799623333702325E+25; 5,094639529325147E+24; 2,131862694293524E+25; 5,640117366728868E+24; 3,0462374946504285E+24; 5,609540034778739E+24; 2,749393082813117E+24; 5,46118465789289E+24; 2,689273622705164E+24; 5,360372268361385E+24; 1,3421815038283372E+24; 5,319017100847773E+24; 4,194284132881442E+23; 5,309754595373287E+24; 171829624832; 5,319017100847725E+24; 4,194284132875914E+23; 5,360372268361295E+24; 1,3421815038266705E+24; 5,461184657892744E+24; 2,689273622704589E+24; 5,609540034778553E+24; 2,749393082812899E+24; 5,640117366728697E+24; 3,04623749465078E+24; 5,094639529324962E+24; 2,131862694293498E+25; 3,2740379336637807E+24; 5,279962333370036E+25; 7,115366183906487E+25; 2,3728183228500017E+38; 2,372818322849996E+38; 2,372818322849987E+38; 2,3728183228499775E+38; 2,3728183228499707E+38; 2,3728183228499628E+38; 2,3728183228499552E+38; 2,372818322849947E+38; 2,3728183228499356E+38; 2,372818322849927E+38; 2,3728183228499182E+38; 2,3728183228499118E+38; 2,3728183228499057E+38; 2,3728183228498993E+38; 2,3728183228498918E+38; 2,372818322849884E+38; 2,3728183228498793E+38; 
29; 1,3937599323655633E+28; 6,421452543987925E+26; 1,0406370772075307E+28; 1,0039370767159428E+27; 4,299386346958089E+27; 1,1161922029027706E+27; 6,782704390177296E+26; 1,112583514168598E+27; 5,22631758151991E+26; 1,0832471364718928E+27; 5,4760625351464765E+26; 1,0622311799021052E+27; 2,8877742821327804E+26; 1,0530731026438168E+27; 9,719264805027494E+25; 1,0508778142324798E+27; 118142739152896; 1,0530731026438051E+27; 9,719264805000883E+25; 1,0622311799020791E+27; 2,8877742821314754E+26; 1,0832471364718707E+27; 5,476062535145783E+26; 1,112583514168558E+27; 5,226317581518068E+26; 1,1161922029027324E+27; 6,78270439017759E+26; 1,0039370767158999E+27; 4,2993863469580593E+27; 6,421452543987676E+26; 1,0406370772074882E+28; 1,3937599323655147E+28; 4,442141010196104E+40; 4,442141010196095E+40; 4,442141010196075E+40; 4,4421410101960575E+40; 4,442141010196042E+40; 4,442141010196028E+40; 4,442141010196012E+40; 4,442141010195998E+40; 4,442141010195981E+40; 4,442141010195966E+40; 4,442141010195952E+40; 4,44214101019594E+40; 4,442141010195932E+40; 4,442141010195925E+40; 4,442141010195916E+40; 4,442141010195902E+40; 4,442141010195895E+40; 
30; 4,347449951680929E+30; 2,006483770285817E+29; 3,272434162252351E+30; 3,1566289605370562E+29; 1,3935430176285913E+30; 3,530446951600359E+29; 2,4902189519255427E+29; 3,531167825291946E+29; 1,519696200009054E+29; 3,440569895488342E+29; 1,758733030460281E+29; 3,3711814112281134E+29; 9,868040659491935E+28; 3,3389700829827966E+29; 3,5651229876264044E+28; 3,330759440453446E+29; 45587607513464830; 3,338970082982779E+29; 3,5651229876203105E+28; 3,371181411228076E+29; 9,868040659490619E+28; 3,440569895488275E+29; 1,7587330304600464E+29; 3,531167825291877E+29; 1,5196962000088893E+29; 3,5304469516002744E+29; 2,4902189519257045E+29; 3,1566289605369616E+29; 1,3935430176286155E+30; 2,0064837702857525E+29; 3,2724341622522437E+30; 4,3474499516808003E+30; 1,3056812005144288E+43; 1,3056812005144258E+43; 1,3056812005144196E+43; 1,305681200514415E+43; 1,3056812005144112E+43; 1,3056812005144082E+43; 1,3056812005144055E+43; 1,305681200514402E+43; 1,3056812005143988E+43; 1,3056812005143951E+43; 1,3056812005143912E+43; 1,3056812005143875E+43; 1,3056812005143845E+43; 1,305681200514381E+43; 1,3056812005143763E+43; 1,3056812005143716E+43; 1,3056812005143694E+43; 
31; 1,1889017819394198E+36; 5,5121670754818645E+34; 9,134457162193024E+35; 8,810380454224885E+34; 4,186099206137182E+35; 1,0004950526749502E+35; 9,59964931608151E+34; 1,0098472549756509E+35; 3,265083985329838E+34; 9,859737154658849E+34; 5,176786697873591E+34; 9,63998684378529E+34; 3,3991307179185903E+34; 9,52141079476519E+34; 1,432845199515893E+34; 9,48714188653693E+34; 9,284053538233966E+21; 9,521410794765125E+34; 1,432845199514286E+34; 9,639986843785175E+34; 3,3991307179179415E+34; 9,859737154658736E+34; 5,176786697873643E+34; 1,009847254975636E+35; 3,2650839853301864E+34; 1,0004950526749384E+35; 9,599649316080625E+34; 8,810380454224786E+34; 4,1860992061370966E+35; 5,512167075481792E+34; 9,134457162193E+35; 1,1889017819394049E+36; 3,049900133944103E+48; 3,0499001339440955E+48; 3,0499001339440786E+48; 3,0499001339440643E+48; 3,049900133944055E+48; 3,0499001339440494E+48; 3,049900133944044E+48; 3,04990013394404E+48; 3,049900133944035E+48; 3,0499001339440273E+48; 3,049900133944023E+48; 3,0499001339440176E+48; 3,0499001339440124E+48; 3,049900133944005E+48; 3,049900133943994E+48; 3,049900133943981E+48; 3,049900133943975E+48; 
32; 9,960636251296823E+39; 4,629471783705475E+38; 7,734781493553906E+39; 7,461284421883758E+38; 3,678445215342313E+39; 8,543219644359445E+38; 9,412109244167989E+38; 8,669344727729588E+38; 2,2011985140943916E+38; 8,478929518103068E+38; 4,421330206922264E+38; 8,28376358712797E+38; 3,1429384118278368E+38; 8,17087998764524E+38; 1,4125320834438835E+38; 8,136622661223886E+38; 1,3788129538358647E+26; 8,170879987645145E+38; 1,4125320834429604E+38; 8,283763587127858E+38; 3,1429384118274197E+38; 8,478929518102952E+38; 4,42133020692231E+38; 8,669344727729467E+38; 2,2011985140941426E+38; 8,54321964435926E+38; 9,412109244168058E+38; 7,461284421883596E+38; 3,6784452153423054E+39; 4,6294717837053285E+38; 7,734781493553791E+39; 9,960636251296532E+39; 2,3466594893694015E+52; 2,3466594893693954E+52; 2,3466594893693826E+52; 2,346659489369372E+52; 2,3466594893693638E+52; 2,346659489369357E+52; 2,3466594893693515E+52; 2,3466594893693462E+52; 2,3466594893693406E+52; 2,3466594893693337E+52; 2,3466594893693276E+52; 2,3466594893693223E+52; 2,3466594893693188E+52; 2,3466594893693132E+52; 2,3466594893693058E+52; 2,3466594893692965E+52; 2,3466594893692912E+52; 
33; 3,561951092396715E+32; 1,640565562369529E+31; 2,655409278296106E+32; 2,5618796493189603E+31; 1,0909244654442186E+32; 2,845359640790678E+31; 1,6829752506173643E+31; 2,8347367645547016E+31; 1,3427195341114891E+31; 2,760119181095426E+31; 1,3822954278366326E+31; 2,707410203581552E+31; 7,179784465443324E+30; 2,6848238071363343E+31; 2,3672485781231074E+30; 2,67950962674743E+31; 1,5272568353529528E+18; 2,6848238071363266E+31; 2,3672485781220603E+30; 2,7074102035815313E+31; 7,179784465440125E+30; 2,760119181095376E+31; 1,382295427835991E+31; 2,834736764554649E+31; 1,3427195341112862E+31; 2,8453596407906046E+31; 1,6829752506170337E+31; 2,561879649318915E+31; 1,0909244654441782E+32; 1,6405655623694949E+31; 2,655409278296069E+32; 3,561951092396623E+32; 1,1484072864501874E+45; 1,1484072864501848E+45; 1,1484072864501796E+45; 1,1484072864501757E+45; 1,1484072864501731E+45; 1,1484072864501706E+45; 1,148407286450168E+45; 1,1484072864501654E+45; 1,148407286450162E+45; 1,1484072864501587E+45; 1,1484072864501563E+45; 1,1484072864501547E+45; 1,1484072864501525E+45; 1,1484072864501505E+45; 1,1484072864501484E+45; 1,1484072864501446E+45; 1,1484072864501422E+45; 
34; 6,4630561448455414E+32; 2,97331565210164E+31; 4,7914268598088675E+32; 4,623404895254952E+31; 1,927884342961411E+32; 5,115193738698467E+31; 2,7127159950574465E+31; 5,0858994134525E+31; 2,5058417780707817E+31; 4,951431395362572E+31; 2,4271558510129656E+31; 4,860760604277627E+31; 1,2014095581692838E+31; 4,823906840682917E+31; 3,710768452693931E+30; 4,815742521609853E+31; 2,585422427878064E+18; 4,823906840682906E+31; 3,710768452695566E+30; 4,8607606042776255E+31; 1,2014095581692638E+31; 4,951431395362574E+31; 2,42715585101358E+31; 5,085899413452506E+31; 2,5058417780708465E+31; 5,115193738698478E+31; 2,7127159950579325E+31; 4,623404895254918E+31; 1,927884342961473E+32; 2,973315652101603E+31; 4,791426859808843E+32; 6,463056144845484E+32; 2,1703146604258413E+45; 2,170314660425837E+45; 2,1703146604258273E+45; 2,170314660425818E+45; 2,1703146604258115E+45; 2,1703146604258074E+45; 2,1703146604258036E+45; 2,1703146604258004E+45; 2,1703146604257975E+45; 2,1703146604257944E+45; 2,1703146604257925E+45; 2,1703146604257912E+45; 2,170314660425791E+45; 2,1703146604257893E+45; 2,1703146604257852E+45; 2,170314660425779E+45; 2,1703146604257747E+45; 
35; 4,5710183672588266E+21; 2,0717672824432234E+20; 3,1167888108656945E+21; 3,025988338178556E+20; 8,79075007880317E+20; 3,177462479916353E+20; 7,1796012568886075E+19; 3,092217498122832E+20; 1,9200241628200383E+20; 3,020134711269117E+20; 9,006127939700879E+19; 2,99654618612229E+20; 1,4638126212926976E+19; 2,996109911759655E+20; 5,872830494015035E+18; 2,9980735934150404E+20; 94466048; 2,9961099117595866E+20; 5,872830494099108E+18; 2,99654618612217E+20; 1,463812621286926E+19; 3,0201347112689906E+20; 9,006127939701757E+19; 3,092217498122701E+20; 1,920024162820256E+20; 3,177462479916218E+20; 7,1796012568938955E+19; 3,025988338178456E+20; 8,790750078802988E+20; 2,0717672824431546E+20; 3,116788810865609E+21; 4,571018367258671E+21; 2,6729227573820306E+34; 2,6729227573820265E+34; 2,6729227573820173E+34; 2,672922757382007E+34; 2,672922757382E+34; 2,672922757381993E+34; 2,6729227573819864E+34; 2,67292275738198E+34; 2,6729227573819725E+34; 2,6729227573819633E+34; 2,672922757381956E+34; 2,672922757381949E+34; 2,672922757381944E+34; 2,6729227573819384E+34; 2,6729227573819333E+34; 2,672922757381927E+34; 2,6729227573819227E+34; 
36; 1,1830343210534027E+19; 5,3387689154627277E+17; 7,805443814342969E+18; 7,613106603971665E+17; 1,863008078193057E+18; 7,859406971535089E+17; 3,3560507183555174E+17; 7,621062246865866E+17; 4,491710852107328E+17; 7,470562198130817E+17; 1,5777077354062595E+17; 7,437893085369359E+17; 7513306090675558; 7,446438117890025E+17; 22343559821436208; 7,452752299702945E+17; 126639; 7,446438117889885E+17; 22343559821564208; 7,437893085369129E+17; 7513306090607320; 7,470562198130532E+17; 1,5777077354065754E+17; 7,621062246865661E+17; 4,4917108521076966E+17; 7,859406971534765E+17; 3,356050718354833E+17; 7,613106603971401E+17; 1,8630080781929134E+18; 5,338768915462524E+17; 7,805443814342841E+18; 1,1830343210533734E+19; 8,44308330887236E+31; 8,443083308872345E+31; 8,443083308872311E+31; 8,443083308872279E+31; 8,443083308872246E+31; 8,443083308872214E+31; 8,443083308872176E+31; 8,443083308872136E+31; 8,443083308872095E+31; 8,443083308872052E+31; 8,443083308872021E+31; 8,443083308871996E+31; 8,443083308871978E+31; 8,443083308871965E+31; 8,443083308871956E+31; 8,443083308871938E+31; 8,443083308871926E+31; 
37; 7,822412073607833E+29; 3,5733485544721946E+28; 5,593071803688802E+29; 5,406240668591392E+28; 1,9491284792488735E+29; 5,838463559632914E+28; 9,303554808023589E+27; 5,737989198606817E+28; 3,392987745092524E+28; 5,585863394339594E+28; 2,347573339731411E+28; 5,509090809319196E+28; 8,271012297889309E+27; 5,488783559595342E+28; 1,2289732183586898E+27; 5,486980672036123E+28; 7267737499860992; 5,488783559595366E+28; 1,2289732183605734E+27; 5,509090809319206E+28; 8,271012297893362E+27; 5,585863394339595E+28; 2,347573339731294E+28; 5,737989198606807E+28; 3,3929877450919274E+28; 5,8384635596328905E+28; 9,303554808033157E+27; 5,406240668591328E+28; 1,9491284792489185E+29; 3,57334855447212E+28; 5,593071803688746E+29; 7,82241207360774E+29; 3,374233300529143E+42; 3,3742333005291345E+42; 3,3742333005291196E+42; 3,374233300529104E+42; 3,374233300529092E+42; 3,3742333005290775E+42; 3,374233300529064E+42; 3,3742333005290503E+42; 3,374233300529038E+42; 3,3742333005290287E+42; 3,37423330052902E+42; 3,3742333005290157E+42; 3,3742333005290095E+42; 3,374233300529007E+42; 3,3742333005289996E+42; 3,3742333005289897E+42; 3,374233300528985E+42; 
38; 7,257416069245077E+30; 3,31558577474725E+29; 5,191965238994814E+30; 5,018315693784285E+29; 1,8133394799993964E+30; 5,421257609534866E+29; 8,865462445718455E+28; 5,328413616771458E+29; 3,153939997253102E+29; 5,1866283216656896E+29; 2,194692853156062E+29; 5,11461471665653E+29; 7,8074437915260525E+28; 5,095281082441821E+29; 1,2033023594390495E+28; 5,0934546195312836E+29; 32687381182152704; 5,095281082441856E+29; 1,2033023594459205E+28; 5,114614716656537E+29; 7,807443791521857E+28; 5,186628321665661E+29; 2,1946928531551E+29; 5,328413616771409E+29; 3,15393999725232E+29; 5,42125760953478E+29; 8,865462445715618E+28; 5,018315693784195E+29; 1,813339479999371E+30; 3,315585774747217E+29; 5,191965238994759E+30; 7,257416069245026E+30; 3,118714849565365E+43; 3,1187148495653583E+43; 3,1187148495653455E+43; 3,118714849565333E+43; 3,118714849565324E+43; 3,1187148495653162E+43; 3,1187148495653073E+43; 3,1187148495653E+43; 3,118714849565294E+43; 3,118714849565289E+43; 3,118714849565285E+43; 3,1187148495652826E+43; 3,1187148495652796E+43; 3,118714849565277E+43; 3,1187148495652717E+43; 3,118714849565263E+43; 3,118714849565258E+43; 
39; 3,4206647308998404E+29; 1,5583525098626976E+28; 2,408878339070036E+29; 2,3309634318182357E+28; 7,865238433954172E+28; 2,4932619628815766E+28; 4,878311225068516E+26; 2,4404252513098647E+28; 1,5078618049137918E+28; 2,376748716752844E+28; 9,227552913282606E+27; 2,3482963681057043E+28; 2,7406003253094034E+27; 2,3425541769906502E+28; 1,5353600594597078E+26; 2,34267996765306E+28; 4558265971113984; 2,3425541769906137E+28; 1,5353600594058891E+26; 2,3482963681056554E+28; 2,740600325311431E+27; 2,3767487167528113E+28; 9,227552913284364E+27; 2,440425251309813E+28; 1,5078618049135513E+28; 2,493261962881533E+28; 4,878311225045163E+26; 2,3309634318181847E+28; 7,865238433953905E+28; 1,5583525098626721E+28; 2,4088783390700172E+29; 3,4206647308998115E+29; 1,6291404757373122E+42; 1,6291404757373085E+42; 1,6291404757373004E+42; 1,6291404757372924E+42; 1,6291404757372868E+42; 1,6291404757372816E+42; 1,629140475737277E+42; 1,629140475737273E+42; 1,6291404757372686E+42; 1,629140475737264E+42; 1,6291404757372593E+42; 1,629140475737256E+42; 1,629140475737253E+42; 1,6291404757372512E+42; 1,6291404757372488E+42; 1,6291404757372444E+42; 1,629140475737243E+42; 
40; 9,627736689366482E+35; 4,412243705094736E+34; 7,002521142803875E+35; 6,76191940949173E+34; 2,6157604920817645E+35; 7,384023060881313E+34; 2,4050847063647533E+34; 7,29336342516878E+34; 4,0395777479918954E+34; 7,097989529928731E+34; 3,238668224445049E+34; 6,985191972833687E+34; 1,3490581734921651E+34; 6,947820394727458E+34; 3,1083309483695436E+33; 6,941714924359386E+34; 8,714501307758929E+21; 6,947820394727397E+34; 3,10833094836611E+33; 6,985191972833623E+34; 1,3490581734919828E+34; 7,097989529928647E+34; 3,2386682244447484E+34; 7,293363425168698E+34; 4,0395777479922136E+34; 7,3840230608812275E+34; 2,405084706364194E+34; 6,761919409491672E+34; 2,61576049208175E+35; 4,412243705094679E+34; 7,002521142803851E+35; 9,627736689366355E+35; 3,6977591736215407E+48; 3,6977591736215316E+48; 3,697759173621512E+48; 3,697759173621497E+48; 3,697759173621486E+48; 3,6977591736214783E+48; 3,697759173621472E+48; 3,697759173621465E+48; 3,6977591736214615E+48; 3,697759173621458E+48; 3,6977591736214543E+48; 3,697759173621451E+48; 3,697759173621447E+48; 3,697759173621444E+48; 3,6977591736214355E+48; 3,697759173621425E+48; 3,697759173621418E+48; 
41; 4,0119646718235916E+22; 1,81027984928976E+21; 2,6453336903242712E+22; 2,580067654529174E+21; 6,277881783287373E+21; 2,6614010984565713E+21; 1,183269254189239E+21; 2,5784229003465867E+21; 1,563025897399709E+21; 2,525621509618095E+21; 5,654275548859832E+20; 2,5132847707716264E+21; 2,6799958516049388E+19; 2,515446441998333E+21; 6,6110711456942105E+19; 2,517347771868615E+21; 258291712; 2,515446441998344E+21; 6,6110711456935805E+19; 2,51328477077164E+21; 2,6799958516365894E+19; 2,5256215096181465E+21; 5,654275548864306E+20; 2,57842290034662E+21; 1,5630258973998685E+21; 2,6614010984566054E+21; 1,183269254189608E+21; 2,580067654529208E+21; 6,277881783287897E+21; 1,8102798492897774E+21; 2,645333690324372E+22; 4,011964671823663E+22; 2,867586280002251E+35; 2,8675862800022453E+35; 2,8675862800022343E+35; 2,8675862800022254E+35; 2,867586280002218E+35; 2,867586280002211E+35; 2,8675862800022036E+35; 2,8675862800021974E+35; 2,8675862800021885E+35; 2,8675862800021815E+35; 2,867586280002175E+35; 2,8675862800021697E+35; 2,8675862800021664E+35; 2,8675862800021634E+35; 2,8675862800021605E+35; 2,8675862800021564E+35; 2,8675862800021542E+35; 
42; 1,6785241567897999E+38; 7,693130445950618E+36; 1,221406335795365E+38; 1,1794179271359035E+37; 4,571158122822817E+37; 1,2883399489931422E+37; 4,260900984219958E+36; 1,2727207012977606E+37; 7,033608362827872E+36; 1,2386091893591885E+37; 5,669886875681317E+36; 1,218805766217372E+37; 2,3799672885844622E+36; 1,2121742967288592E+37; 5,5873095105653226E+35; 1,211066837868516E+37; 7,287455421609235E+23; 1,2121742967288533E+37; 5,587309510562297E+35; 1,2188057662173697E+37; 2,3799672885829694E+36; 1,238609189359171E+37; 5,669886875680372E+36; 1,2727207012977417E+37; 7,03360836282814E+36; 1,2883399489931266E+37; 4,260900984219907E+36; 1,1794179271358898E+37; 4,571158122822742E+37; 7,693130445950557E+36; 1,2214063357953484E+38; 1,6785241567897935E+38; 6,427015662759887E+50; 6,427015662759872E+50; 6,427015662759845E+50; 6,427015662759822E+50; 6,4270156627598065E+50; 6,427015662759794E+50; 6,427015662759787E+50; 6,427015662759777E+50; 6,427015662759765E+50; 6,427015662759753E+50; 6,427015662759742E+50; 6,427015662759732E+50; 6,427015662759718E+50; 6,427015662759706E+50; 6,427015662759689E+50; 6,427015662759668E+50; 6,427015662759657E+50; 
43; 1,9095709511241835E+31; 8,681800767544858E+29; 1,3284021015496617E+31; 1,286917227189065E+30; 4,112163942332103E+30; 1,3668003492054242E+30; 1,0397437738535518E+29; 1,334813151207956E+30; 8,264859426269275E+29; 1,3014980844061888E+30; 4,5662790561826706E+29; 1,2882212385930304E+30; 1,1198373402890833E+29; 1,286407761310494E+30; 7,372279423967474E+27; 1,2868472482871485E+30; 61235101085728770; 1,2864077613104938E+30; 7,372279424004155E+27; 1,2882212385930262E+30; 1,1198373402889893E+29; 1,3014980844061824E+30; 4,5662790561842004E+29; 1,3348131512079643E+30; 8,264859426267888E+29; 1,3668003492054217E+30; 1,0397437738539267E+29; 1,2869172271890613E+30; 4,112163942332149E+30; 8,681800767544812E+29; 1,3284021015496601E+31; 1,9095709511242018E+31; 9,849732163414762E+43; 9,849732163414744E+43; 9,849732163414719E+43; 9,849732163414705E+43; 9,849732163414697E+43; 9,849732163414687E+43; 9,849732163414673E+43; 9,849732163414657E+43; 9,849732163414645E+43; 9,849732163414632E+43; 9,84973216341462E+43; 9,849732163414616E+43; 9,849732163414618E+43; 9,849732163414618E+43; 9,849732163414608E+43; 9,849732163414586E+43; 9,849732163414574E+43; 
44; 9,758523663082392E+51; 4,516689289892876E+50; 7,441130419542086E+51; 7,177056023632316E+50; 3,320345452443124E+51; 8,103907142150608E+50; 6,998337901466604E+50; 8,15119868467974E+50; 2,979525864112778E+50; 7,95152300098654E+50; 4,147033804274061E+50; 7,78022580946371E+50; 2,571113207300023E+50; 7,692574765225982E+50; 1,0287925913403175E+50; 7,668264910690883E+50; 6,955211449428865E+37; 7,69257476522595E+50; 1,0287925913396535E+50; 7,780225809463638E+50; 2,571113207299516E+50; 7,951523000986434E+50; 4,147033804273642E+50; 8,151198684679673E+50; 2,979525864113337E+50; 8,103907142150523E+50; 6,998337901466339E+50; 7,1770560236322595E+50; 3,320345452443137E+51; 4,516689289892836E+50; 7,441130419541967E+51; 9,758523663082347E+51; 2,6561135339632175E+64; 2,656113533963211E+64; 2,6561135339632E+64; 2,6561135339631924E+64; 2,6561135339631894E+64; 2,65611353396319E+64; 2,6561135339631906E+64; 2,65611353396319E+64; 2,6561135339631894E+64; 2,6561135339631877E+64; 2,656113533963184E+64; 2,656113533963181E+64; 2,6561135339631783E+64; 2,656113533963175E+64; 2,6561135339631684E+64; 2,6561135339631584E+64; 2,656113533963153E+64; 
45; 1,2370649506551866E+41; 5,668579981767167E+39; 8,991758876906528E+40; 8,683042957381302E+39; 3,350021472969837E+40; 9,477528766934836E+39; 3,013586346073673E+39; 9,358340325839864E+39; 5,225096696393748E+39; 9,106085682331754E+39; 4,179567523672049E+39; 8,960305902417504E+39; 1,749748563364838E+39; 8,911554890464174E+39; 4,11052344749183E+38; 8,903399036439557E+39; 8,722494235849207E+26; 8,911554890464137E+39; 4,110523447476747E+38; 8,9603059024174E+39; 1,7497485633648113E+39; 9,106085682331646E+39; 4,1795675236717643E+39; 9,358340325839731E+39; 5,2250966963937374E+39; 9,477528766934674E+39; 3,01358634607418E+39; 8,683042957381126E+39; 3,350021472969965E+40; 5,668579981766982E+39; 8,99175887690625E+40; 1,2370649506551526E+41; 4,772602346002678E+53; 4,772602346002667E+53; 4,77260234600265E+53; 4,77260234600263E+53; 4,772602346002616E+53; 4,7726023460026045E+53; 4,772602346002594E+53; 4,7726023460025816E+53; 4,772602346002567E+53; 4,7726023460025535E+53; 4,772602346002541E+53; 4,772602346002526E+53; 4,772602346002512E+53; 4,772602346002502E+53; 4,772602346002487E+53; 4,772602346002473E+53; 4,772602346002466E+53; 
46; 1,8440410766892192E+40; 8,435660143963254E+38; 1,328551624882082E+40; 1,2835703635746459E+39; 4,777178050710884E+39; 1,3929804032909962E+39; 3,2294264118611835E+38; 1,3719258066689313E+39; 7,915070535112836E+38; 1,3352322513417494E+39; 5,854451682507467E+38; 1,3154798179401296E+39; 2,247402195617423E+38; 1,3095763786211255E+39; 4,345184271775002E+37; 1,3087973851077789E+39; 4,949659884648265E+25; 1,3095763786211238E+39; 4,345184271761442E+37; 1,3154798179401207E+39; 2,2474021956170842E+38; 1,3352322513417334E+39; 5,8544516825067446E+38; 1,371925806668917E+39; 7,915070535114022E+38; 1,392980403290985E+39; 3,229426411859823E+38; 1,2835703635746483E+39; 4,777178050710897E+39; 8,435660143963174E+38; 1,3285516248820783E+40; 1,8440410766892201E+40; 7,560545603218429E+52; 7,560545603218411E+52; 7,560545603218379E+52; 7,560545603218353E+52; 7,560545603218336E+52; 7,560545603218329E+52; 7,56054560321832E+52; 7,560545603218307E+52; 7,560545603218292E+52; 7,560545603218281E+52; 7,560545603218271E+52; 7,560545603218261E+52; 7,560545603218253E+52; 7,560545603218237E+52; 7,560545603218219E+52; 7,560545603218192E+52; 7,560545603218181E+52; 
47; 4,635675599308117E+46; 2,1303001005862897E+45; 3,418471047064217E+46; 3,2991100963022914E+45; 1,3476192307048957E+46; 3,636386724346439E+45; 1,7098560993339794E+45; 3,6082244362901706E+45; 1,854277694075136E+45; 3,511800770591315E+45; 1,6996649751045084E+45; 3,449446654143945E+45; 8,060149759599784E+44; 3,425277115418048E+45; 2,343001965517037E+44; 3,42022363002189E+45; 7,029828204087925E+31; 3,4252771154180366E+45; 2,3430019655170204E+44; 3,449446654143913E+45; 8,06014975959526E+44; 3,511800770591271E+45; 1,699664975104036E+45; 3,608224436290107E+45; 1,854277694075127E+45; 3,6363867243463746E+45; 1,7098560993341683E+45; 3,2991100963021874E+45; 1,3476192307049442E+46; 2,1303001005862187E+45; 3,418471047064119E+46; 4,635675599307987E+46; 1,6164120093505825E+59; 1,616412009350579E+59; 1,6164120093505716E+59; 1,6164120093505642E+59; 1,616412009350559E+59; 1,6164120093505558E+59; 1,616412009350551E+59; 1,6164120093505466E+59; 1,6164120093505421E+59; 1,6164120093505388E+59; 1,616412009350536E+59; 1,6164120093505328E+59; 1,6164120093505312E+59; 1,6164120093505288E+59; 1,6164120093505236E+59; 1,6164120093505178E+59; 1,6164120093505147E+59; 
48; 1,9916236104565426E+61; 9,240113931901672E+59; 1,5346971781187533E+61; 1,4802986952437377E+60; 7,106895365593297E+60; 1,684892976306854E+60; 1,6841735592546016E+60; 1,7032497815577763E+60; 5,157557244067891E+59; 1,6639014919683648E+60; 8,691038617833431E+59; 1,626622774050662E+60; 5,828980770615077E+59; 1,6061298461796798E+60; 2,499830513278067E+59; 1,6001283421228914E+60; 2,125835958507118E+46; 1,6061298461796736E+60; 2,4998305132760754E+59; 1,6266227740506463E+60; 5,828980770613056E+59; 1,6639014919683366E+60; 8,691038617830667E+59; 1,703249781557745E+60; 5,1575572440677615E+59; 1,684892976306821E+60; 1,6841735592545406E+60; 1,4802986952437049E+60; 7,106895365593197E+60; 9,240113931901456E+59; 1,5346971781187233E+61; 1,9916236104564986E+61; 4,9932900777127154E+73; 4,993290077712702E+73; 4,9932900777126784E+73; 4,993290077712655E+73; 4,993290077712642E+73; 4,9932900777126345E+73; 4,993290077712626E+73; 4,993290077712615E+73; 4,9932900777126025E+73; 4,9932900777125924E+73; 4,993290077712584E+73; 4,993290077712577E+73; 4,9932900777125686E+73; 4,9932900777125585E+73; 4,993290077712543E+73; 4,993290077712523E+73; 4,9932900777125133E+73; 
49; 1,2720956292124175E+56; 5,876798750393168E+54; 9,618176285097442E+55; 9,277232918155715E+54; 4,162630072706197E+55; 1,0409377925246009E+55; 7,89081366133922E+54; 1,043050530072527E+55; 4,2815196772311406E+54; 1,0165894579201244E+55; 5,252831106997676E+54; 9,955334008496559E+54; 3,0527430348364042E+54; 9,854084737007363E+54; 1,1457960256493989E+54; 9,827432784914238E+54; 5,3013201387491064E+41; 9,854084737007307E+54; 1,1457960256492726E+54; 9,955334008496503E+54; 3,052743034836894E+54; 1,0165894579201163E+55; 5,252831106996365E+54; 1,0430505300725141E+55; 4,281519677231347E+54; 1,0409377925245888E+55; 7,890813661339771E+54; 9,27723291815554E+54; 4,162630072706285E+55; 5,87679875039302E+54; 9,61817628509726E+55; 1,272095629212387E+56; 3,693558344679018E+68; 3,693558344679009E+68; 3,6935583446789894E+68; 3,6935583446789707E+68; 3,6935583446789563E+68; 3,6935583446789472E+68; 3,6935583446789367E+68; 3,6935583446789295E+68; 3,6935583446789195E+68; 3,693558344678909E+68; 3,6935583446789003E+68; 3,693558344678895E+68; 3,693558344678892E+68; 3,6935583446788855E+68; 3,693558344678878E+68; 3,693558344678863E+68; 3,6935583446788553E+68; 
50; 4,7285049773990977E+36; 2,147991830397446E+35; 3,2726023437223347E+36; 3,1718357025750984E+35; 9,88979928655503E+35; 3,3579452949205885E+35; 4,1280525208461713E+34; 3,2747706029282284E+35; 2,0641060924456035E+35; 3,1928602144202484E+35; 1,1036085205691314E+35; 3,161231785884463E+35; 2,5839037832981603E+34; 3,1573164050712546E+35; 2,3590259617960065E+33; 3,158512594036011E+35; 2,569717918580586E+22; 3,157316405071234E+35; 2,35902596183272E+33; 3,161231785884407E+35; 2,583903783295579E+34; 3,1928602144202104E+35; 1,1036085205696474E+35; 3,2747706029281893E+35; 2,0641060924457397E+35; 3,357945294920561E+35; 4,1280525208474603E+34; 3,1718357025750656E+35; 9,889799286555712E+35; 2,1479918303973957E+35; 3,2726023437223335E+36; 4,7285049773989536E+36; 2,516691995747363E+49; 2,5166919957473576E+49; 2,516691995747347E+49; 2,516691995747337E+49; 2,5166919957473285E+49; 2,516691995747322E+49; 2,5166919957473145E+49; 2,5166919957473093E+49; 2,516691995747301E+49; 2,516691995747293E+49; 2,516691995747286E+49; 2,51669199574728E+49; 2,516691995747276E+49; 2,516691995747273E+49; 2,516691995747268E+49; 2,5166919957472615E+49; 2,516691995747258E+49; 
51; 2,3520653357864182E+51; 1,0807815292762544E+50; 1,733700748267345E+51; 1,6731946098270882E+50; 6,8229117673923595E+50; 1,843691618492214E+50; 8,582740629201806E+49; 1,8291432752870843E+50; 9,422615714147938E+49; 1,780270277753891E+50; 8,596633577413626E+49; 1,7487908414248355E+50; 4,0581775241921905E+49; 1,7366547091870566E+50; 1,1708735538237783E+49; 1,7341359831076969E+50; 1,231434329639949E+37; 1,736654709187055E+50; 1,1708735538249154E+49; 1,7487908414248363E+50; 4,058177524193837E+49; 1,7802702777538992E+50; 8,59663357741401E+49; 1,8291432752870893E+50; 9,422615714148075E+49; 1,8436916184922056E+50; 8,582740629203742E+49; 1,6731946098270782E+50; 6,822911767392518E+50; 1,0807815292762445E+50; 1,733700748267344E+51; 2,35206533578641E+51; 8,227971118936626E+63; 8,22797111893661E+63; 8,227971118936567E+63; 8,227971118936534E+63; 8,227971118936506E+63; 8,227971118936483E+63; 8,227971118936456E+63; 8,22797111893643E+63; 8,227971118936412E+63; 8,227971118936392E+63; 8,227971118936386E+63; 8,227971118936373E+63; 8,227971118936367E+63; 8,227971118936364E+63; 8,22797111893635E+63; 8,227971118936323E+63; 8,22797111893631E+63; 
52; 1,349820765135863E+76; 6,293605486118453E+74; 1,0623015374009272E+76; 1,0250499017166772E+75; 5,28678560122081E+75; 1,1862558344257863E+75; 1,528244358031662E+75; 1,2124815734888871E+75; 1,888221684627751E+74; 1,1890244861624946E+75; 6,041113229086534E+74; 1,1609305445014872E+75; 4,753611954061265E+74; 1,143271084200177E+75; 2,2954572526240896E+74; 1,1376222604969689E+75; 1,0043029305588997E+62; 1,1432710842001695E+75; 2,295457252623449E+74; 1,1609305445014781E+75; 4,753611954061077E+74; 1,1890244861624837E+75; 6,041113229086481E+74; 1,2124815734888753E+75; 1,8882216846281156E+74; 1,1862558344257762E+75; 1,528244358031628E+75; 1,0250499017166667E+75; 5,286785601220854E+75; 6,293605486118371E+74; 1,0623015374009243E+76; 1,349820765135845E+76; 2,84569344997921E+88; 2,8456934499792004E+88; 2,845693449979183E+88; 2,845693449979166E+88; 2,845693449979155E+88; 2,8456934499791484E+88; 2,845693449979144E+88; 2,8456934499791407E+88; 2,8456934499791364E+88; 2,845693449979133E+88; 2,8456934499791297E+88; 2,845693449979129E+88; 2,8456934499791258E+88; 2,845693449979121E+88; 2,845693449979113E+88; 2,8456934499791004E+88; 2,845693449979094E+88; 
53; 8,50580324369282E+57; 3,92054242619312E+56; 6,363467262664124E+57; 6,138897064247513E+56; 2,6492180624059077E+57; 6,835571609101339E+56; 4,327262813278901E+56; 6,819879043895592E+56; 3,1216168848987965E+56; 6,642126589955715E+56; 3,3480926225008547E+56; 6,51290764286057E+56; 1,787569983697185E+56; 6,455919124247117E+56; 6,094225123907647E+55; 6,442106232579507E+56; 7,865541840785762E+43; 6,455919124247062E+56; 6,094225123897162E+55; 6,51290764286049E+56; 1,7875699836970153E+56; 6,642126589955629E+56; 3,3480926225007506E+56; 6,819879043895475E+56; 3,1216168848979977E+56; 6,83557160910119E+56; 4,327262813279525E+56; 6,138897064247342E+56; 2,6492180624059018E+57; 3,9205424261929805E+56; 6,363467262663941E+57; 8,505803243692543E+57; 2,6727208163191234E+70; 2,6727208163191167E+70; 2,6727208163191044E+70; 2,6727208163190946E+70; 2,6727208163190873E+70; 2,6727208163190802E+70; 2,6727208163190738E+70; 2,672720816319067E+70; 2,672720816319059E+70; 2,6727208163190493E+70; 2,6727208163190407E+70; 2,672720816319033E+70; 2,672720816319025E+70; 2,672720816319018E+70; 2,6727208163190085E+70; 2,6727208163189975E+70; 2,6727208163189913E+70; 
54; 3,092118498485107E+59; 1,4253232369234368E+58; 2,3139717855635973E+59; 2,2322949921488947E+58; 9,643436770708726E+58; 2,4861085845817466E+58; 1,5811436633445568E+58; 2,4806083177111193E+58; 1,134517204779053E+58; 2,415866758905847E+58; 1,2216333985974552E+58; 2,3686341795128293E+58; 6,550414804725414E+57; 2,3476995630359368E+58; 2,2472857575955444E+57; 2,3425963379925107E+58; 5,1040993908673086E+44; 2,347699563035935E+58; 2,247285757594846E+57; 2,368634179512825E+58; 6,550414804724669E+57; 2,415866758905832E+58; 1,2216333985972346E+58; 2,4806083177110961E+58; 1,1345172047789159E+58; 2,486108584581716E+58; 1,5811436633444876E+58; 2,2322949921488722E+58; 9,64343677070856E+58; 1,4253232369234212E+58; 2,3139717855635687E+59; 3,0921184984850876E+59; 9,696108651643554E+71; 9,696108651643534E+71; 9,696108651643491E+71; 9,696108651643462E+71; 9,69610865164345E+71; 9,696108651643442E+71; 9,696108651643436E+71; 9,69610865164343E+71; 9,696108651643419E+71; 9,696108651643403E+71; 9,69610865164339E+71; 9,696108651643383E+71; 9,696108651643374E+71; 9,696108651643358E+71; 9,69610865164333E+71; 9,696108651643295E+71; 9,69610865164328E+71; 
55; 1,2510324069616667E+51; 5,728273239535358E+49; 9,05774241671326E+50; 8,748618648126065E+49; 3,322548681792289E+50; 9,524834807597466E+49; 2,665704315809684E+49; 9,39437222099841E+49; 5,321203058471001E+49; 9,142130155439659E+49; 4,109794954761363E+49; 9,000875799869497E+49; 1,6565057775874295E+49; 8,955862078341433E+49; 3,5937062281313726E+48; 8,948997515462761E+49; 9,401931254182335E+36; 8,955862078341395E+49; 3,5937062281239424E+48; 9,000875799869423E+49; 1,6565057775860982E+49; 9,142130155439578E+49; 4,109794954760914E+49; 9,394372220998254E+49; 5,321203058470618E+49; 9,52483480759733E+49; 2,6657043158101044E+49; 8,748618648125878E+49; 3,3225486817922555E+50; 5,728273239535232E+49; 9,057742416713031E+50; 1,2510324069616446E+51; 4,959433184949168E+63; 4,959433184949159E+63; 4,959433184949139E+63; 4,959433184949125E+63; 4,959433184949113E+63; 4,959433184949104E+63; 4,959433184949096E+63; 4,9594331849490876E+63; 4,959433184949074E+63; 4,959433184949057E+63; 4,959433184949039E+63; 4,9594331849490254E+63; 4,9594331849490116E+63; 4,9594331849490006E+63; 4,959433184948988E+63; 4,95943318494897E+63; 4,959433184948962E+63; 
56; 2,3169457707086037E+52; 1,0611447421426033E+51; 1,679654843120483E+52; 1,622200665588949E+51; 6,191989600450759E+51; 1,7675367910289167E+51; 5,152085327508882E+50; 1,7439112676907177E+51; 9,84009431455033E+50; 1,697021872204618E+51; 7,675015248953974E+50; 1,6705484910682976E+51; 3,121031351129769E+50; 1,6620240626989024E+51; 6,880472786506649E+49; 1,6606998201087506E+51; 2,7934557098917373E+38; 1,6620240626988785E+51; 6,880472786452017E+49; 1,6705484910682617E+51; 3,1210313511305265E+50; 1,6970218722045923E+51; 7,675015248957293E+50; 1,7439112676906958E+51; 9,840094314549977E+50; 1,7675367910288925E+51; 5,152085327510132E+50; 1,6222006655889202E+51; 6,191989600450782E+51; 1,0611447421425795E+51; 1,6796548431204592E+52; 2,3169457707085452E+52; 9,10107810511736E+64; 9,101078105117345E+64; 9,101078105117311E+64; 9,101078105117286E+64; 9,101078105117267E+64; 9,101078105117255E+64; 9,101078105117247E+64; 9,101078105117237E+64; 9,101078105117224E+64; 9,101078105117201E+64; 9,10107810511718E+64; 9,101078105117158E+64; 9,101078105117142E+64; 9,101078105117122E+64; 9,101078105117099E+64; 9,101078105117068E+64; 9,101078105117051E+64; 
57; 4,018809593984977E+71; 1,861711329146136E+70; 3,076371458427255E+71; 2,967197026500949E+70; 1,3917691988574033E+71; 3,36018691810729E+70; 3,067136505263185E+70; 3,385847848340505E+70; 1,1641150902190443E+70; 3,304418747049554E+70; 1,7284281283604228E+70; 3,232029230746563E+70; 1,1033827491645106E+70; 3,19396728226796E+70; 4,535305766857812E+69; 3,183182871151278E+70; 3,8397394133679626E+56; 3,193967282267958E+70; 4,535305766855789E+69; 3,2320292307465443E+70; 1,1033827491643218E+70; 3,3044187470495447E+70; 1,7284281283608255E+70; 3,3858478483405056E+70; 1,1641150902190308E+70; 3,360186918107277E+70; 3,0671365052635637E+70; 2,9671970265009124E+70; 1,3917691988574094E+71; 1,8617113291461172E+70; 3,0763714584272356E+71; 4,0188095939849364E+71; 1,0612800094194059E+84; 1,0612800094194033E+84; 1,0612800094193981E+84; 1,0612800094193942E+84; 1,0612800094193914E+84; 1,06128000941939E+84; 1,0612800094193893E+84; 1,061280009419388E+84; 1,061280009419387E+84; 1,0612800094193856E+84; 1,0612800094193845E+84; 1,0612800094193843E+84; 1,0612800094193837E+84; 1,0612800094193828E+84; 1,0612800094193802E+84; 1,0612800094193763E+84; 1,0612800094193742E+84; 
58; 2,427762567999551E+91; 1,134222244265646E+90; 1,926430447494219E+91; 1,8593791009672457E+90; 9,853567969246168E+90; 2,1662990589764747E+90; 3,05002396697128E+90; 2,224725189973058E+90; 1,9613712022854644E+89; 2,1860609701506425E+90; 1,0781116303228124E+90; 2,134160493557681E+90; 9,050989549096767E+89; 2,099877331486928E+90; 4,549848699954133E+89; 2,0885942549024943E+90; 6,416724741920588E+76; 2,099877331486921E+90; 4,549848699952985E+89; 2,1341604935576714E+90; 9,050989549096646E+89; 2,186060970150627E+90; 1,078111630322739E+90; 2,224725189973036E+90; 1,961371202282807E+89; 2,1662990589764426E+90; 3,050023966971362E+90; 1,8593791009672136E+90; 9,853567969246054E+90; 1,1342222442656285E+90; 1,926430447494187E+91; 2,4277625679995226E+91; 4,7682853930984876E+103; 4,768285393098471E+103; 4,768285393098441E+103; 4,768285393098415E+103; 4,768285393098399E+103; 4,7682853930983865E+103; 4,7682853930983786E+103; 4,7682853930983746E+103; 4,768285393098368E+103; 4,768285393098364E+103; 4,768285393098361E+103; 4,768285393098358E+103; 4,768285393098355E+103; 4,7682853930983436E+103; 4,7682853930983284E+103; 4,768285393098308E+103; 4,768285393098296E+103; 
59; 1,104348857663618E+71; 5,105639397225658E+69; 8,378154116416701E+70; 8,080937639020321E+69; 3,670556705608092E+70; 9,08969320442625E+69; 7,265123199682657E+69; 9,121416752434135E+69; 3,592458282465295E+69; 8,892609058344687E+69; 4,622935279458501E+69; 8,705032690931527E+69; 2,7588575357139398E+69; 8,61246031441793E+69; 1,0642284206518872E+69; 8,587534546368556E+69; 4,026617067848357E+56; 8,612460314417888E+69; 1,0642284206514161E+69; 8,70503269093145E+69; 2,758857535712859E+69; 8,892609058344542E+69; 4,622935279457009E+69; 9,121416752433954E+69; 3,5924582824651985E+69; 9,089693204426058E+69; 7,265123199682193E+69; 8,08093763902014E+69; 3,67055670560806E+70; 5,105639397225551E+69; 8,378154116416519E+70; 1,104348857663602E+71; 3,1251795184458865E+83; 3,1251795184458774E+83; 3,12517951844586E+83; 3,125179518445848E+83; 3,125179518445841E+83; 3,125179518445835E+83; 3,125179518445827E+83; 3,1251795184458197E+83; 3,125179518445814E+83; 3,125179518445807E+83; 3,125179518445799E+83; 3,1251795184457927E+83; 3,125179518445787E+83; 3,1251795184457814E+83; 3,1251795184457733E+83; 3,1251795184457614E+83; 3,125179518445756E+83; 
60; 4,784193838656159E+81; 2,2225619834001271E+80; 3,7077810129043056E+81; 3,5765756795063203E+80; 1,7514213933450365E+81; 4,0889278315990597E+80; 4,3965747689820945E+80; 4,145144691203813E+80; 1,1067292935221571E+80; 4,052765781020225E+80; 2,116803185167894E+80; 3,9600028223013083E+80; 1,483024763909737E+80; 3,90701100133013E+80; 6,591206106419202E+79; 3,8910633921409836E+80; 4,3083885870219224E+67; 3,9070110013300914E+80; 6,5912061064126E+79; 3,960002822301242E+80; 1,4830247639094846E+80; 4,052765781020144E+80; 2,1168031851675237E+80; 4,145144691203726E+80; 1,1067292935220193E+80; 4,0889278315989665E+80; 4,396574768982082E+80; 3,5765756795062355E+80; 1,751421393344994E+81; 2,222561983400074E+80; 3,7077810129042104E+81; 4,784193838656068E+81; 1,1453972554896647E+94; 1,1453972554896612E+94; 1,1453972554896545E+94; 1,1453972554896486E+94; 1,145397255489645E+94; 1,1453972554896423E+94; 1,1453972554896402E+94; 1,1453972554896382E+94; 1,1453972554896365E+94; 1,1453972554896336E+94; 1,14539725548963E+94; 1,1453972554896273E+94; 1,1453972554896238E+94; 1,1453972554896202E+94; 1,145397255489615E+94; 1,1453972554896093E+94; 1,1453972554896067E+94; 
61; 2,181955451606211E+66; 1,0045473635647285E+65; 1,6233939558905837E+66; 1,5662959327729726E+65; 6,619888053804565E+65; 1,737179419362673E+65; 9,886697772923015E+64; 1,7294019147861335E+65; 8,321458859438092E+64; 1,6837472425255283E+65; 8,380004384451068E+64; 1,6520163092936022E+65; 4,282585861871372E+64; 1,6386536511966158E+65; 1,3828854088545248E+64; 1,6355684438551678E+65; 6,137987173306626E+51; 1,6386536511966116E+65; 1,3828854088528046E+64; 1,652016309293585E+65; 4,2825858618675417E+64; 1,6837472425254918E+65; 8,380004384448704E+64; 1,7294019147860912E+65; 8,321458859436555E+64; 1,7371794193626247E+65; 9,886697772922579E+64; 1,5662959327729364E+65; 6,619888053804226E+65; 1,0045473635647105E+65; 1,6233939558905498E+66; 2,18195545160619E+66; 7,138292146922955E+78; 7,138292146922939E+78; 7,138292146922904E+78; 7,138292146922879E+78; 7,138292146922863E+78; 7,138292146922849E+78; 7,138292146922834E+78; 7,1382921469228184E+78; 7,138292146922804E+78; 7,138292146922787E+78; 7,138292146922774E+78; 7,1382921469227576E+78; 7,138292146922746E+78; 7,138292146922728E+78; 7,138292146922707E+78; 7,138292146922683E+78; 7,1382921469226695E+78; 
62; 9,574029454801647E+68; 4,411906443001712E+67; 7,154957018480154E+68; 6,902576410886718E+67; 2,9666958496037317E+68; 7,679862094044577E+67; 4,761259900753424E+67; 7,658635306765491E+67; 3,548625708726407E+67; 7,458093732869179E+67; 3,758876019560313E+67; 7,313491882298367E+67; 1,992421095351534E+67; 7,250177645565034E+67; 6,738721976846199E+66; 7,234937402942122E+67; 2,8916219115050367E+54; 7,250177645565003E+67; 6,73872197683985E+66; 7,31349188229829E+67; 1,9924210953498168E+67; 7,45809373286902E+67; 3,758876019559185E+67; 7,658635306765313E+67; 3,5486257087263916E+67; 7,679862094044403E+67; 4,761259900752539E+67; 6,902576410886596E+67; 2,966695849603651E+68; 4,411906443001623E+67; 7,154957018480029E+68; 9,57402945480148E+68; 3,0318931996850823E+81; 3,0318931996850755E+81; 3,0318931996850625E+81; 3,031893199685052E+81; 3,031893199685046E+81; 3,031893199685041E+81; 3,0318931996850368E+81; 3,0318931996850313E+81; 3,0318931996850246E+81; 3,0318931996850182E+81; 3,031893199685013E+81; 3,0318931996850085E+81; 3,0318931996850035E+81; 3,0318931996849984E+81; 3,031893199684989E+81; 3,0318931996849786E+81; 3,0318931996849727E+81; 
63; 7,544250174178985E+69; 3,475304211070306E+68; 5,628567111903441E+69; 5,430193768591649E+68; 2,3190112463785623E+69; 6,03425520629658E+68; 3,6182723081289798E+68; 6,013203807599947E+68; 2,8382112573242666E+68; 5,854646442619316E+68; 2,9495468991389903E+68; 5,741752093256724E+68; 1,5458448794874266E+68; 5,692879333648957E+68; 5,162538003587143E+67; 5,681244886157607E+68; 4,0152898455583873E+55; 5,692879333648971E+68; 5,1625380035849993E+67; 5,741752093256708E+68; 1,5458448794868543E+68; 5,854646442619259E+68; 2,949546899137379E+68; 6,013203807599825E+68; 2,838211257323377E+68; 6,034255206296448E+68; 3,6182723081285344E+68; 5,430193768591536E+68; 2,3190112463784577E+69; 3,4753042110702463E+68; 5,628567111903334E+69; 7,544250174178869E+69; 2,418426107354633E+82; 2,4184261073546272E+82; 2,4184261073546167E+82; 2,4184261073546097E+82; 2,4184261073546053E+82; 2,418426107354601E+82; 2,4184261073545942E+82; 2,418426107354589E+82; 2,4184261073545837E+82; 2,41842610735458E+82; 2,4184261073545753E+82; 2,4184261073545706E+82; 2,4184261073545662E+82; 2,4184261073545598E+82; 2,418426107354552E+82; 2,4184261073545426E+82; 2,4184261073545382E+82; 
64; 6,532425987255744E+67; 3,0039712026935177E+66; 4,833100019499931E+67; 4,6638523974278144E+66; 1,9295635607690107E+67; 5,152467290111238E+66; 2,6105187814266934E+66; 5,118729539426211E+66; 2,5698238046701314E+66; 4,982507949221724E+66; 2,4371853164883426E+66; 4,8920365612143E+66; 1,1888065400253196E+66; 4,855835471730705E+66; 3,602071559508816E+65; 4,8479579525185445E+66; 2,9400589987694575E+53; 4,855835471730693E+66; 3,602071559507493E+65; 4,89203656121427E+66; 1,1888065400250281E+66; 4,9825079492216816E+66; 2,437185316488092E+66; 5,11872953942617E+66; 2,5698238046705714E+66; 5,152467290111219E+66; 2,6105187814265E+66; 4,6638523974277964E+66; 1,9295635607689805E+67; 3,0039712026935117E+66; 4,8331000194999574E+67; 6,532425987255739E+67; 2,224985679926872E+80; 2,2249856799268674E+80; 2,2249856799268582E+80; 2,224985679926853E+80; 2,2249856799268495E+80; 2,2249856799268487E+80; 2,224985679926848E+80; 2,2249856799268474E+80; 2,2249856799268464E+80; 2,2249856799268456E+80; 2,2249856799268448E+80; 2,224985679926844E+80; 2,2249856799268437E+80; 2,224985679926844E+80; 2,22498567992684E+80; 2,2249856799268345E+80; 2,2249856799268303E+80; 
65; 9,895292819923434E+61; 4,53136412178214E+60; 7,168638873537971E+61; 6,923580455504353E+60; 2,6350166269249136E+61; 7,540046780721233E+60; 2,1330631147277588E+60; 7,436860890177611E+60; 4,228569607824555E+60; 7,23594107237479E+60; 3,282055571094032E+60; 7,122836843152797E+60; 1,3321816376769301E+60; 7,08646066225775E+60; 2,935941631931057E+59; 7,080808390932882E+60; 9,814167698832353E+47; 7,086460662257688E+60; 2,9359416319280384E+59; 7,122836843152723E+60; 1,3321816376765867E+60; 7,235941072374658E+60; 3,2820555710930276E+60; 7,436860890177444E+60; 4,228569607823966E+60; 7,540046780721017E+60; 2,133063114727486E+60; 6,923580455504225E+60; 2,6350166269247286E+61; 4,5313641217820635E+60; 7,16863887353792E+61; 9,895292819923378E+61; 3,903937720764993E+74; 3,903937720764984E+74; 3,903937720764963E+74; 3,9039377207649485E+74; 3,903937720764935E+74; 3,9039377207649224E+74; 3,9039377207649113E+74; 3,9039377207648993E+74; 3,9039377207648907E+74; 3,903937720764881E+74; 3,9039377207648727E+74; 3,9039377207648646E+74; 3,903937720764858E+74; 3,9039377207648516E+74; 3,903937720764844E+74; 3,903937720764833E+74; 3,903937720764827E+74; 
66; 4,599163845070656E+29; 2,063210041367078E+28; 2,8125581113854838E+29; 2,786501422597787E+28; 4,060670571000116E+28; 2,781456717431799E+28; 2,105432092836216E+28; 2,6875301139015367E+28; 1,2997411855717668E+28; 2,6521790693992777E+28; 2,5443703900336686E+27; 2,6488214554536263E+28; 5,4299371115571007E+26; 2,6505162921118947E+28; 3,34447942460043E+26; 2,6510471184394927E+28; 2981944254005248; 2,6505162921118406E+28; 3,344479424637856E+26; 2,6488214554535705E+28; 5,4299371114905816E+26; 2,652179069399193E+28; 2,544370390038336E+27; 2,6875301139014615E+28; 1,2997411855711383E+28; 2,781456717431709E+28; 2,1054320928374655E+28; 2,7865014225977503E+28; 4,060670570999658E+28; 2,0632100413670548E+28; 2,8125581113856263E+29; 4,599163845070634E+29; 5,045904658597459E+42; 5,0459046585974507E+42; 5,04590465859743E+42; 5,0459046585974154E+42; 5,045904658597402E+42; 5,0459046585973857E+42; 5,0459046585973684E+42; 5,045904658597356E+42; 5,0459046585973405E+42; 5,0459046585973275E+42; 5,045904658597312E+42; 5,045904658597299E+42; 5,045904658597291E+42; 5,0459046585972885E+42; 5,045904658597283E+42; 5,045904658597278E+42; 5,0459046585972724E+42; 
67; 3,1434942876646807E+59; 1,4351770308542106E+58; 2,2407925989084166E+59; 2,1663744952876724E+58; 7,709779774342901E+58; 2,3350331194643743E+58; 3,0529180083177632E+57; 2,2929505991791893E+58; 1,3679347355269662E+58; 2,2324174071786483E+58; 9,214410184235087E+57; 2,2026830368322644E+58; 3,1249213724843398E+57; 2,1952635790715214E+58; 3,983566663156386E+56; 2,1947720165074607E+58; 1,4845566878133167E+45; 2,195263579071508E+58; 3,983566663142763E+56; 2,20268303683224E+58; 3,1249213724833394E+57; 2,2324174071786143E+58; 9,214410184232218E+57; 2,2929505991791534E+58; 1,3679347355271167E+58; 2,3350331194643436E+58; 3,0529180083165078E+57; 2,16637449528765E+58; 7,709779774342592E+58; 1,435177030854197E+58; 2,2407925989084117E+59; 3,1434942876646607E+59; 1,3833143430710648E+72; 1,3833143430710618E+72; 1,3833143430710554E+72; 1,383314343071051E+72; 1,3833143430710477E+72; 1,3833143430710448E+72; 1,383314343071042E+72; 1,3833143430710389E+72; 1,3833143430710351E+72; 1,3833143430710318E+72; 1,3833143430710289E+72; 1,383314343071026E+72; 1,3833143430710234E+72; 1,3833143430710222E+72; 1,3833143430710195E+72; 1,3833143430710161E+72; 1,3833143430710132E+72; 
68; 1,386374225460933E+62; 6,3358254575596065E+60; 9,936280377686243E+61; 9,602790801799169E+60; 3,4967166904748374E+61; 1,0386025423595447E+61; 1,881583308143247E+60; 1,0213766892062782E+61; 5,995704022709818E+60; 9,942474983540105E+60; 4,223214964729182E+60; 9,80338558525167E+60; 1,5159892640802048E+60; 9,765675260237112E+60; 2,3753812872059313E+59; 9,76202580165556E+60; 2,9170768516252963E+47; 9,765675260237122E+60; 2,3753812872152873E+59; 9,803385585251666E+60; 1,5159892640792883E+60; 9,942474983540015E+60; 4,2232149647269425E+60; 1,0213766892062622E+61; 5,99570402270879E+60; 1,0386025423595235E+61; 1,8815833081419046E+60; 9,602790801799023E+60; 3,4967166904748003E+61; 6,335825457559501E+60; 9,936280377686126E+61; 1,386374225460913E+62; 5,883851254935629E+74; 5,883851254935617E+74; 5,883851254935591E+74; 5,883851254935571E+74; 5,883851254935557E+74; 5,883851254935544E+74; 5,883851254935533E+74; 5,883851254935522E+74; 5,883851254935511E+74; 5,883851254935503E+74; 5,883851254935499E+74; 5,883851254935492E+74; 5,883851254935483E+74; 5,883851254935476E+74; 5,883851254935464E+74; 5,883851254935448E+74; 5,883851254935439E+74; 
69; 2,477278067018637E+57; 1,128286637184159E+56; 1,7417733841088138E+57; 1,6857332734472982E+56; 5,651108141091231E+56; 1,801650000128743E+56; 1,737258387432547E+54; 1,7632471671079527E+56; 1,083940188487038E+56; 1,7177288167022913E+56; 6,553361520203443E+55; 1,6976470875367784E+56; 1,9108518296226884E+55; 1,69371486926652E+56; 8,928836592328873E+53; 1,6938521620390794E+56; 2,7645220053390883E+43; 1,6937148692664995E+56; 8,928836592117596E+53; 1,6976470875367374E+56; 1,9108518296182214E+55; 1,7177288167022355E+56; 6,553361520204798E+55; 1,7632471671079005E+56; 1,083940188487237E+56; 1,801650000128687E+56; 1,737258387454071E+54; 1,6857332734472442E+56; 5,651108141091045E+56; 1,1282866371841255E+56; 1,7417733841087716E+57; 2,4772780670185752E+57; 1,1933344917304358E+70; 1,1933344917304332E+70; 1,1933344917304272E+70; 1,1933344917304223E+70; 1,1933344917304179E+70; 1,1933344917304137E+70; 1,19333449173041E+70; 1,1933344917304054E+70; 1,1933344917304009E+70; 1,1933344917303966E+70; 1,1933344917303926E+70; 1,1933344917303898E+70; 1,1933344917303877E+70; 1,193334491730385E+70; 1,1933344917303826E+70; 1,1933344917303794E+70; 1,1933344917303776E+70; 
70; 0,0023469886291791644; 0,00011032831894826445; 0,0019260326269186043; 0,0001814062741060541; 0,0008338676519145039; 0,0001883550414270596; 0,0005886102390097224; 0,00012418831464357832; 0,0019492125929685782; 3,7217304511884245E-06; 0,0029073700117750755; 0,0001538085808717601; 0,003102530287523523; 0,00029201368251171727; 0,0022231382840420693; 0,0003537191693129252; 9,299920158528766E-17; 0,0002920136825117242; 0,0022231382840419253; 0,00015380858087177303; 0,003102530287523413; 3,7217304511681825E-06; 0,002907370011775018; 0,00012418831464355975; 0,0019492125929685864; 0,00018835504142704267; 0,0005886102390097976; 0,0001814062741060413; 0,0008338676519143935; 0,00011032831894825754; 0,001926032626918469; 0,0023469886291790257; 633694239,1276112; 633694239,1276011; 633694239,1275765; 633694239,1275486; 633694239,1275262; 633694239,1275159; 633694239,1275231; 633694239,1275513; 633694239,1276038; 633694239,1276481; 633694239,1276548; 633694239,1276345; 633694239,1275975; 633694239,127554; 633694239,1275145; 633694239,1274862; 633694239,1274761; 
71; 5,834830440838716E+43; 2,6316066164508338E+42; 3,8305473155655333E+43; 3,739085636517587E+42; 8,891811036149306E+42; 3,850182844134537E+42; 1,7621333707663374E+42; 3,7310482427679754E+42; 2,1950265098967177E+42; 3,6584260202339797E+42; 7,47108463499875E+41; 3,643263323405721E+42; 1,085161169196945E+40; 3,6474783015786574E+42; 1,0640404125234936E+41; 3,650463435821143E+42; 6,911042054474558E+29; 3,647478301578624E+42; 1,0640404125236011E+41; 3,6432633234056965E+42; 1,0851611692143799E+40; 3,658426020233939E+42; 7,471084634994043E+41; 3,731048242767938E+42; 2,1950265098963648E+42; 3,850182844134476E+42; 1,7621333707662507E+42; 3,7390856365175154E+42; 8,89181103614867E+42; 2,6316066164507958E+42; 3,830547315565553E+43; 5,834830440838644E+43; 4,287482029589245E+56; 4,287482029589238E+56; 4,287482029589225E+56; 4,287482029589213E+56; 4,287482029589204E+56; 4,287482029589191E+56; 4,287482029589176E+56; 4,287482029589162E+56; 4,287482029589149E+56; 4,287482029589135E+56; 4,2874820295891244E+56; 4,2874820295891175E+56; 4,287482029589111E+56; 4,28748202958911E+56; 4,287482029589106E+56; 4,2874820295890974E+56; 4,287482029589095E+56; 
72; 8,704698685455412E+40; 3,9178514892132375E+39; 5,60088191234305E+40; 5,486704909776446E+39; 1,1574693096636424E+40; 5,596717377187781E+39; 3,11472974000696E+39; 5,4167254540072935E+39; 3,031866240538845E+39; 5,3223556250373933E+39; 8,747780375016929E+38; 5,3068726144413145E+39; 6,244491124477944E+37; 5,313189157678559E+39; 1,3185167634747502E+38; 5,316727526694281E+39; 2,645186361714603E+26; 5,3131891576785257E+39; 1,3185167634940084E+38; 5,3068726144412226E+39; 6,244491124563615E+37; 5,322355625037295E+39; 8,747780375025518E+38; 5,4167254540071654E+39; 3,031866240538679E+39; 5,596717377187706E+39; 3,114729740007596E+39; 5,486704909776358E+39; 1,1574693096636228E+40; 3,9178514892131456E+39; 5,600881912343026E+40; 8,704698685455272E+40; 7,186842208689081E+53; 7,186842208689069E+53; 7,186842208689048E+53; 7,186842208689031E+53; 7,186842208689016E+53; 7,186842208688998E+53; 7,186842208688982E+53; 7,186842208688962E+53; 7,18684220868894E+53; 7,186842208688916E+53; 7,186842208688893E+53; 7,186842208688867E+53; 7,186842208688848E+53; 7,186842208688833E+53; 7,186842208688817E+53; 7,1868422086888035E+53; 7,186842208688794E+53; 
73; 2,1975596931134527E+51; 9,947177297758224E+49; 1,4848971143327315E+51; 1,4432058711887963E+50; 4,004133891340164E+50; 1,5077458518779084E+50; 4,417014628765422E+49; 1,4648950567927946E+50; 9,158118526391437E+49; 1,4313828860629124E+50; 4,0551072728621026E+49; 1,4210537505237652E+50; 5,89438267282651E+48; 1,4210728639909976E+50; 2,8178744126330024E+48; 1,421984954829847E+50; 1,2637076998012795E+37; 1,4210728639909829E+50; 2,817874412676013E+48; 1,4210537505237284E+50; 5,894382672789541E+48; 1,4313828860628648E+50; 4,0551072728606395E+49; 1,4648950567927342E+50; 9,15811852638826E+49; 1,507745851877845E+50; 4,417014628767391E+49; 1,4432058711887405E+50; 4,0041338913396155E+50; 9,947177297757988E+49; 1,4848971143326597E+51; 2,197559693113456E+51; 1,3574462175786645E+64; 1,357446217578661E+64; 1,3574462175786557E+64; 1,3574462175786507E+64; 1,3574462175786464E+64; 1,3574462175786417E+64; 1,3574462175786364E+64; 1,357446217578631E+64; 1,3574462175786247E+64; 1,3574462175786186E+64; 1,3574462175786136E+64; 1,3574462175786078E+64; 1,3574462175786028E+64; 1,3574462175785987E+64; 1,3574462175785946E+64; 1,357446217578591E+64; 1,3574462175785897E+64; 
74; 4,0374265108572336E+94; 1,8683739601917432E+93; 3,07621158793563E+94; 2,9670389314820546E+93; 1,3687536296980003E+94; 3,348189466984543E+93; 2,8571642094524604E+93; 3,3664550384284166E+93; 1,2465684106375157E+93; 3,2836215131484945E+93; 1,7128028227638539E+93; 3,213066905512477E+93; 1,055759042547281E+93; 3,177159715667823E+93; 4,201830317498072E+92; 3,1672436183210987E+93; 8,74994682455843E+79; 3,1771597156678286E+93; 4,2018303174976504E+92; 3,2130669055124804E+93; 1,0557590425471895E+93; 3,2836215131484825E+93; 1,7128028227634595E+93; 3,366455038428387E+93; 1,2465684106371894E+93; 3,3481894669845037E+93; 2,8571642094523265E+93; 2,96703893148203E+93; 1,3687536296979462E+94; 1,8683739601917392E+93; 3,076211587935603E+94; 4,037426510857274E+94; 1,1055688931390607E+107; 1,1055688931390572E+107; 1,1055688931390507E+107; 1,1055688931390465E+107; 1,1055688931390439E+107; 1,1055688931390422E+107; 1,1055688931390411E+107; 1,1055688931390401E+107; 1,1055688931390398E+107; 1,1055688931390395E+107; 1,105568893139039E+107; 1,1055688931390387E+107; 1,105568893139038E+107; 1,105568893139036E+107; 1,1055688931390334E+107; 1,1055688931390287E+107; 1,1055688931390266E+107; 
75; 5,307515382033226E+73; 2,431378322021269E+72; 3,852246402274127E+73; 3,720326625273226E+72; 1,427292124222914E+73; 4,0571951197380305E+72; 1,2420946809354993E+72; 4,005137042017458E+72; 2,231552414928709E+72; 3,898261939209926E+72; 1,7556268582905194E+72; 3,837610132616238E+72; 7,161154824586095E+71; 3,818047943217696E+72; 1,577800685943168E+71; 3,8150148960821155E+72; 3,7271824049399283E+58; 3,8180479432176745E+72; 1,577800685935746E+71; 3,8376101326161886E+72; 7,161154824583766E+71; 3,898261939209876E+72; 1,7556268582908537E+72; 4,005137042017422E+72; 2,2315524149289735E+72; 4,057195119737996E+72; 1,2420946809353585E+72; 3,720326625273197E+72; 1,427292124222867E+73; 2,431378322021255E+72; 3,852246402274132E+73; 5,307515382033214E+73; 2,0688243881241285E+86; 2,0688243881241235E+86; 2,0688243881241136E+86; 2,068824388124106E+86; 2,0688243881240995E+86; 2,0688243881240962E+86; 2,068824388124093E+86; 2,06882438812409E+86; 2,0688243881240863E+86; 2,0688243881240835E+86; 2,0688243881240802E+86; 2,0688243881240772E+86; 2,0688243881240755E+86; 2,0688243881240736E+86; 2,0688243881240694E+86; 2,0688243881240636E+86; 2,0688243881240595E+86; 
76; 1,2970081452659334E+64; 5,90718929433468E+62; 9,118357518903691E+63; 8,825122819816032E+62; 2,957454100885332E+63; 9,43173266850148E+62; 9,349491742400347E+60; 9,231203782859152E+62; 5,6574093451413065E+62; 8,993969127062274E+62; 3,4071330706934275E+62; 8,889992506063978E+62; 9,791560592610182E+61; 8,870264836678989E+62; 3,445466382825285E+60; 8,871297993161292E+62; 9,895465065453596E+48; 8,870264836678981E+62; 3,4454663828790814E+60; 8,889992506063994E+62; 9,791560592618157E+61; 8,99396912706232E+62; 3,407133070694112E+62; 9,231203782859193E+62; 5,6574093451418545E+62; 9,431732668501522E+62; 9,349491742476537E+60; 8,82512281981602E+62; 2,95745410088535E+63; 5,907189294334686E+62; 9,118357518903776E+63; 1,2970081452659414E+64; 6,252688533468479E+76; 6,252688533468466E+76; 6,252688533468439E+76; 6,252688533468422E+76; 6,252688533468404E+76; 6,252688533468395E+76; 6,252688533468387E+76; 6,252688533468384E+76; 6,252688533468378E+76; 6,252688533468381E+76; 6,252688533468381E+76; 6,252688533468385E+76; 6,252688533468386E+76; 6,252688533468387E+76; 6,252688533468382E+76; 6,252688533468371E+76; 6,252688533468362E+76; 
77; 5,515143639764872E+41; 2,4797866791196505E+40; 3,504335498409562E+41; 3,4418347922895607E+40; 6,706983273298075E+40; 3,4923274539093364E+40; 2,1043258184627925E+40; 3,3799909583617236E+40; 1,7839122714500346E+40; 3,327464785093782E+40; 4,269912005832199E+39; 3,322208825213648E+40; 8,691611058800912E+38; 3,3279181210481166E+40; 1,0050751853819391E+39; 3,330537784097184E+40; 1,65275271114065E+27; 3,3279181210480978E+40; 1,0050751853902904E+39; 3,322208825213628E+40; 8,691611058837891E+38; 3,3274647850937187E+40; 4,2699120058271095E+39; 3,379990958361663E+40; 1,7839122714502147E+40; 3,4923274539092435E+40; 2,1043258184622465E+40; 3,4418347922894814E+40; 6,706983273297712E+40; 2,479786679119605E+40; 3,504335498409471E+41; 5,515143639764814E+41; 4,903257186442635E+54; 4,903257186442628E+54; 4,903257186442613E+54; 4,903257186442601E+54; 4,90325718644259E+54; 4,9032571864425816E+54; 4,903257186442568E+54; 4,903257186442555E+54; 4,903257186442543E+54; 4,90325718644253E+54; 4,903257186442519E+54; 4,9032571864425074E+54; 4,903257186442503E+54; 4,903257186442497E+54; 4,903257186442493E+54; 4,9032571864424836E+54; 4,90325718644248E+54; 
78; 2,2796518156903532E+38; 1,023224117666052E+37; 1,4103840139638607E+38; 1,3934848657911538E+37; 2,2407163469588763E+37; 1,3981556543709376E+37; 9,833400630854066E+36; 1,3523312578952846E+37; 6,535518580186753E+36; 1,3345468854804488E+37; 1,2180959328886222E+36; 1,3335588222874097E+37; 3,5032997124826845E+35; 1,335331889950864E+37; 2,676763592951024E+35; 1,3359894805337392E+37; 2,669871056764278E+24; 1,3353318899508414E+37; 2,6767635929856973E+35; 1,3335588222873788E+37; 3,5032997124946675E+35; 1,3345468854804077E+37; 1,2180959328867768E+36; 1,3523312578952305E+37; 6,535518580186237E+36; 1,3981556543708833E+37; 9,833400630854667E+36; 1,393484865791105E+37; 2,240716346958605E+37; 1,0232241176660183E+37; 1,4103840139638216E+38; 2,2796518156903098E+38; 2,35046188598863E+51; 2,350461885988627E+51; 2,35046188598862E+51; 2,3504618859886152E+51; 2,3504618859886106E+51; 2,3504618859886052E+51; 2,3504618859885986E+51; 2,3504618859885903E+51; 2,350461885988581E+51; 2,3504618859885707E+51; 2,3504618859885634E+51; 2,3504618859885564E+51; 2,3504618859885504E+51; 2,350461885988546E+51; 2,3504618859885418E+51; 2,3504618859885388E+51; 2,3504618859885355E+51; 
79; 1,4569237522463118E+89; 6,707744468196493E+87; 1,0841452409859547E+89; 1,046008775326709E+88; 4,423697288873452E+88; 1,1602639005763663E+88; 6,624850564250606E+87; 1,1551408016151939E+88; 5,550995399265389E+87; 1,1246548662156678E+88; 5,59975431099633E+87; 1,1034407259756968E+88; 2,8649938970883303E+87; 1,0944966201886539E+88; 9,263464838272587E+86; 1,092429171269533E+88; 3,821514206583802E+74; 1,0944966201886525E+88; 9,263464838271139E+86; 1,1034407259756952E+88; 2,864993897088165E+87; 1,1246548662156638E+88; 5,599754310995547E+87; 1,155140801615187E+88; 5,550995399264893E+87; 1,1602639005763553E+88; 6,624850564250878E+87; 1,0460087753266955E+88; 4,423697288873481E+88; 6,707744468196388E+87; 1,0841452409859376E+89; 1,4569237522462912E+89; 4,760514159331487E+101; 4,7605141593314765E+101; 4,760514159331459E+101; 4,760514159331444E+101; 4,7605141593314373E+101; 4,7605141593314305E+101; 4,7605141593314255E+101; 4,760514159331421E+101; 4,760514159331418E+101; 4,760514159331413E+101; 4,7605141593314075E+101; 4,760514159331401E+101; 4,760514159331395E+101; 4,760514159331389E+101; 4,760514159331375E+101; 4,760514159331356E+101; 4,760514159331348E+101; 
80; 1,4011034047921236E+79; 6,416692433258762E+77; 1,0154865748517896E+79; 9,807703692056905E+77; 3,740396832532807E+78; 1,068502029894592E+78; 3,0963228597276565E+77; 1,0541759881309724E+78; 5,949263264885043E+77; 1,0258456006075784E+78; 4,634962046177542E+77; 1,0098606937410918E+78; 1,884490526085531E+77; 1,0047116866024552E+78; 4,1607556666686094E+76; 1,0039100799315251E+78; 7,632915536779097E+64; 1,004711686602448E+78; 4,1607556666514505E+76; 1,0098606937410803E+78; 1,8844905260855297E+77; 1,0258456006075685E+78; 4,634962046179061E+77; 1,0541759881309642E+78; 5,949263264884882E+77; 1,0685020298945847E+78; 3,096322859727552E+77; 9,807703692056864E+77; 3,740396832532618E+78; 6,416692433258786E+77; 1,0154865748517896E+79; 1,4011034047921407E+79; 5,51386210705981E+91; 5,513862107059799E+91; 5,513862107059777E+91; 5,513862107059766E+91; 5,5138621070597545E+91; 5,513862107059749E+91; 5,5138621070597415E+91; 5,513862107059735E+91; 5,513862107059726E+91; 5,513862107059717E+91; 5,513862107059709E+91; 5,513862107059701E+91; 5,513862107059696E+91; 5,513862107059691E+91; 5,513862107059684E+91; 5,51386210705967E+91; 5,5138621070596626E+91; 
81; 3,567109825574235E+72; 1,627358462641157E+71; 2,5321597393967342E+72; 2,4487863870040495E+71; 8,559292555131034E+71; 2,632463146426465E+71; 2,42082731967547E+70; 2,582098934603684E+71; 1,5602600482199653E+71; 2,514178885804562E+71; 1,0166286546705103E+71; 2,4818708213925534E+71; 3,3009174893644455E+70; 2,4743257372629583E+71; 3,4579551591881195E+69; 2,4740200337231797E+71; 6,677705647866155E+58; 2,4743257372629156E+71; 3,457955159132562E+69; 2,4818708213925083E+71; 3,3009174893664334E+70; 2,514178885804524E+71; 1,0166286546707323E+71; 2,582098934603656E+71; 1,560260048220447E+71; 2,632463146426434E+71; 2,420827319678596E+70; 2,4487863870040156E+71; 8,559292555130931E+71; 1,6273584626411394E+71; 2,5321597393966687E+72; 3,56710982557423E+72; 1,61349710247979E+85; 1,6134971024797864E+85; 1,613497102479782E+85; 1,6134971024797792E+85; 1,6134971024797768E+85; 1,613497102479776E+85; 1,613497102479775E+85; 1,613497102479774E+85; 1,6134971024797712E+85; 1,6134971024797668E+85; 1,6134971024797626E+85; 1,6134971024797585E+85; 1,6134971024797554E+85; 1,613497102479753E+85; 1,61349710247975E+85; 1,6134971024797443E+85; 1,6134971024797426E+85; 
82; 1,3202554576519086E+90; 6,070819730252561E+88; 9,764568559930711E+89; 9,42274869864886E+88; 3,89311501240392E+89; 1,0407389934018518E+89; 5,233357765238976E+88; 1,0337996283666737E+89; 5,2008822636208625E+88; 1,0062886662166755E+89; 4,913876190204614E+88; 9,880730578752743E+88; 2,3888848571363316E+88; 9,808120844863276E+88; 7,202150431073719E+87; 9,792396243815193E+88; 5,167475524769031E+74; 9,808120844863252E+88; 7,202150431063622E+87; 9,880730578752652E+88; 2,388884857133957E+88; 1,0062886662166611E+89; 4,9138761902048034E+88; 1,0337996283666635E+89; 5,200882263622099E+88; 1,0407389934018435E+89; 5,2333577652389564E+88; 9,422748698648748E+88; 3,893115012404008E+89; 6,070819730252478E+88; 9,764568559930529E+89; 1,3202554576518919E+90; 4,50867546122721E+102; 4,508675461227199E+102; 4,508675461227186E+102; 4,508675461227176E+102; 4,508675461227176E+102; 4,508675461227178E+102; 4,508675461227177E+102; 4,508675461227174E+102; 4,508675461227167E+102; 4,508675461227161E+102; 4,5086754612271565E+102; 4,508675461227151E+102; 4,50867546122715E+102; 4,508675461227147E+102; 4,508675461227138E+102; 4,508675461227125E+102; 4,508675461227115E+102; 
83; 1,5356029950207487E+110; 7,110880648774671E+108; 1,1734409177433402E+110; 1,1317992152880247E+109; 5,276135085912601E+109; 1,2800262414136195E+109; 1,1403269082752931E+109; 1,2887793538834959E+109; 4,553761100892325E+108; 1,2575390605086425E+109; 6,56693826175264E+108; 1,2302037793871087E+109; 4,1384598276425153E+108; 1,216001133473188E+109; 1,6813465237958811E+108; 1,212013881948829E+109; 5,0930788294705355E+95; 1,216001133473192E+109; 1,681346523795896E+108; 1,2302037793871123E+109; 4,1384598276423506E+108; 1,2575390605086488E+109; 6,566938261753172E+108; 1,2887793538835059E+109; 4,5537611008934696E+108; 1,28002624141363E+109; 1,1403269082753438E+109; 1,1317992152880324E+109; 5,276135085912615E+109; 7,110880648774729E+108; 1,1734409177433382E+110; 1,5356029950207704E+110; 4,111474564483298E+122; 4,111474564483288E+122; 4,111474564483274E+122; 4,1114745644832686E+122; 4,11147456448327E+122; 4,1114745644832796E+122; 4,111474564483292E+122; 4,111474564483302E+122; 4,111474564483312E+122; 4,111474564483321E+122; 4,111474564483326E+122; 4,111474564483331E+122; 4,111474564483334E+122; 4,111474564483334E+122; 4,111474564483323E+122; 4,111474564483307E+122; 4,111474564483298E+122; 
84; 5,545549586246848E+101; 2,5587779895939274E+100; 4,1692659124926085E+101; 4,021776622083902E+100; 1,767564118327451E+101; 4,494055664215787E+100; 3,1035321894507164E+100; 4,4926060723783305E+100; 1,9611693809987807E+100; 4,3768139916602884E+100; 2,2342050170626583E+100; 4,2890411107931826E+100; 1,2417479337764421E+100; 4,2486845568332964E+100; 4,43894148254974E+99; 4,238490387947437E+100; 4,509662999690502E+87; 4,248684556833261E+100; 4,438941482541175E+99; 4,289041110793145E+100; 1,241747933777095E+100; 4,3768139916602846E+100; 2,234205017063034E+100; 4,49260607237834E+100; 1,9611693809990185E+100; 4,494055664215796E+100; 3,103532189450706E+100; 4,021776622083906E+100; 1,7675641183274525E+101; 2,5587779895939367E+100; 4,16926591249257E+101; 5,545549586246924E+101; 1,680246091176218E+114; 1,6802460911762142E+114; 1,680246091176209E+114; 1,6802460911762065E+114; 1,680246091176208E+114; 1,6802460911762104E+114; 1,6802460911762126E+114; 1,680246091176216E+114; 1,6802460911762186E+114; 1,6802460911762188E+114; 1,6802460911762186E+114; 1,6802460911762178E+114; 1,680246091176217E+114; 1,680246091176215E+114; 1,6802460911762115E+114; 1,6802460911762052E+114; 1,6802460911762022E+114; 
85; 5,91073082850054E+89; 2,712690527217695E+88; 4,330493666467912E+89; 4,1803248868925895E+88; 1,6647435198983275E+89; 4,5872886026973616E+88; 1,839030392497408E+88; 4,541632735903102E+88; 2,4259998743591454E+88; 4,419867046955085E+88; 2,0850988067215567E+88; 4,345174130646932E+88; 9,328067441003367E+87; 4,318130283925599E+88; 2,4665856349710116E+87; 4,3129908939271954E+88; 2,6534730074724873E+75; 4,318130283925583E+88; 2,466585634971153E+87; 4,34517413064692E+88; 9,32806744100573E+87; 4,419867046955069E+88; 2,085098806721445E+88; 4,541632735903065E+88; 2,4259998743586167E+88; 4,587288602697307E+88; 1,8390303924976037E+88; 4,180324886892532E+88; 1,6647435198983365E+89; 2,712690527217657E+88; 4,3304936664678423E+89; 5,910730828500488E+89; 2,157862350304292E+102; 2,1578623503042873E+102; 2,1578623503042803E+102; 2,1578623503042746E+102; 2,1578623503042716E+102; 2,1578623503042674E+102; 2,157862350304264E+102; 2,1578623503042594E+102; 2,1578623503042554E+102; 2,1578623503042507E+102; 2,1578623503042477E+102; 2,1578623503042455E+102; 2,1578623503042445E+102; 2,1578623503042432E+102; 2,1578623503042408E+102; 2,1578623503042345E+102; 2,1578623503042306E+102; 
86; 6,205996902222828E+61; 2,8088151957149857E+60; 4,18964922098272E+61; 4,072709592517744E+60; 1,1257421680235733E+61; 4,25377338374894E+60; 1,2416533784699648E+60; 4,134247605211777E+60; 2,538745291532647E+60; 4,042255078304446E+60; 1,0918464820230857E+60; 4,0154416927603376E+60; 1,27307603548131E+59; 4,016972790127447E+60; 9,928692497455511E+58; 4,0200403688461035E+60; 5,846976631739748E+46; 4,016972790127458E+60; 9,928692497411358E+58; 4,015441692760341E+60; 1,2730760354731378E+59; 4,042255078304409E+60; 1,0918464820219218E+60; 4,13424760521171E+60; 2,5387452915325722E+60; 4,2537733837488605E+60; 1,2416533784698597E+60; 4,072709592517678E+60; 1,1257421680235103E+61; 2,8088151957149533E+60; 4,1896492209826426E+61; 6,20599690222278E+61; 3,8574826422968725E+74; 3,8574826422968665E+74; 3,857482642296858E+74; 3,8574826422968534E+74; 3,8574826422968514E+74; 3,857482642296848E+74; 3,8574826422968404E+74; 3,8574826422968323E+74; 3,8574826422968243E+74; 3,8574826422968163E+74; 3,857482642296807E+74; 3,8574826422968007E+74; 3,857482642296793E+74; 3,8574826422967876E+74; 3,8574826422967846E+74; 3,857482642296778E+74; 3,857482642296773E+74; 
87; 1,1101693009003527E+24; 5,044681027419587E+22; 5,96196603540743E+23; 6,228147418478949E+22; 7,607342303829903E+21; 6,043763874727265E+22; 3,910692903945437E+22; 5,951683992118984E+22; 6,868981948744903E+21; 5,976742514457468E+22; 7,547124219250186E+21; 6,009251088003722E+22; 5,024166989552468E+21; 6,027163429064949E+22; 2,273867582806802E+21; 6,032781613467678E+22; 17601134592; 6,027163429064835E+22; 2,2738675828318981E+21; 6,009251088003608E+22; 5,024166989579518E+21; 5,976742514457165E+22; 7,547124219280125E+21; 5,9516839921185576E+22; 6,868981948731448E+21; 6,043763874726835E+22; 3,9106929039481745E+22; 6,228147418478697E+22; 7,607342303762086E+21; 5,044681027419402E+22; 5,961966035407403E+23; 1,110169300900337E+24; 2,5616360382529945E+37; 2,5616360382529926E+37; 2,5616360382529884E+37; 2,5616360382529856E+37; 2,5616360382529827E+37; 2,561636038252979E+37; 2,5616360382529723E+37; 2,561636038252966E+37; 2,5616360382529596E+37; 2,5616360382529525E+37; 2,5616360382529435E+37; 2,561636038252935E+37; 2,561636038252929E+37; 2,5616360382529246E+37; 2,561636038252922E+37; 2,5616360382529194E+37; 2,5616360382529194E+37; 
88; 6,701634940014011E+77; 3,055024246439166E+76; 4,736241123342005E+77; 4,5820195594837014E+76; 1,5717122676052204E+77; 4,9128887053384315E+76; 2,7709942115224746E+75; 4,814638776200312E+76; 2,9175305752224424E+76; 4,6897575807976166E+76; 1,8353487854447002E+76; 4,63242823714225E+76; 5,667460376199038E+75; 4,620062803110009E+76; 4,437608336648171E+74; 4,619962782204646E+76; 5,0286615254390946E+63; 4,620062803109969E+76; 4,4376083365889173E+74; 4,632428237142196E+76; 5,667460376199348E+75; 4,689757580797585E+76; 1,835348785445062E+76; 4,814638776200253E+76; 2,9175305752211845E+76; 4,912888705338317E+76; 2,770994211533405E+75; 4,5820195594835587E+76; 1,5717122676051705E+77; 3,055024246439081E+76; 4,736241123341817E+77; 6,701634940013884E+77; 3,123446418739833E+90; 3,123446418739828E+90; 3,1234464187398194E+90; 3,123446418739816E+90; 3,1234464187398117E+90; 3,1234464187398063E+90; 3,123446418739798E+90; 3,123446418739791E+90; 3,1234464187397827E+90; 3,1234464187397737E+90; 3,1234464187397656E+90; 3,1234464187397574E+90; 3,123446418739752E+90; 3,1234464187397466E+90; 3,1234464187397393E+90; 3,1234464187397303E+90; 3,1234464187397258E+90; 
89; 8,423602015718802E+99; 3,874343055943273E+98; 6,237924543242797E+99; 6,019253886716502E+98; 2,498713644173657E+99; 6,653804277810872E+98; 3,4308962013147974E+98; 6,61205385680407E+98; 3,3052734146368307E+98; 6,436007358889035E+98; 3,161221390837635E+98; 6,318334490710938E+98; 1,551916567348619E+98; 6,270925109042879E+98; 4,741651880005111E+97; 6,260528438539323E+98; 4,733856285827542E+85; 6,270925109042845E+98; 4,7416518799989665E+97; 6,318334490710894E+98; 1,5519165673483154E+98; 6,436007358888961E+98; 3,1612213908368077E+98; 6,61205385680399E+98; 3,305273414637168E+98; 6,653804277810806E+98; 3,430896201314168E+98; 6,019253886716465E+98; 2,4987136441735727E+99; 3,8743430559432637E+98; 6,237924543242713E+99; 8,423602015718829E+99; 2,849686106756026E+112; 2,8496861067560203E+112; 2,8496861067560105E+112; 2,8496861067560067E+112; 2,8496861067560075E+112; 2,84968610675601E+112; 2,8496861067560122E+112; 2,849686106756014E+112; 2,8496861067560144E+112; 2,8496861067560122E+112; 2,84968610675601E+112; 2,8496861067560067E+112; 2,8496861067560037E+112; 2,849686106755999E+112; 2,849686106755992E+112; 2,8496861067559827E+112; 2,8496861067559763E+112; 
90; 5,207984647828576E+80; 2,3749702370442204E+79; 3,68833448921771E+80; 3,567544564548789E+79; 1,2344966462421462E+80; 3,829658896541444E+79; 2,743355487908075E+78; 3,7542977105522616E+79; 2,2791155859160705E+79; 3,655963020435198E+79; 1,4581147016641876E+79; 3,6100249125735295E+79; 4,6171320621917014E+78; 3,5997102948964587E+79; 4,2262473078914437E+77; 3,5994560593133254E+79; 5,283046647331981E+66; 3,599710294896419E+79; 4,226247307816883E+77; 3,610024912573481E+79; 4,617132062191485E+78; 3,6559630204351525E+79; 1,4581147016642218E+79; 3,754297710552218E+79; 2,2791155859162324E+79; 3,8296588965413916E+79; 2,743355487909617E+78; 3,56754456454873E+79; 1,2344966462421246E+80; 2,3749702370441885E+79; 3,688334489217626E+80; 5,20798464782854E+80; 2,392582601175429E+93; 2,3925826011754243E+93; 2,3925826011754183E+93; 2,392582601175416E+93; 2,392582601175415E+93; 2,3925826011754146E+93; 2,3925826011754127E+93; 2,392582601175409E+93; 2,3925826011754062E+93; 2,3925826011753998E+93; 2,3925826011753937E+93; 2,392582601175388E+93; 2,392582601175384E+93; 2,3925826011753794E+93; 2,392582601175375E+93; 2,392582601175369E+93; 2,3925826011753655E+93; 
