10; 0,0027327628635931116; 0,00021766004873423561; 0,001064999622317013; 0,00015884706753137138; 0,0022259320451496417; 0,0001671528734880077; 0,003707571860805877; 0,0004095774635169709; 1,7904601792502795E-16; 0,00016715287348795113; 0,00370757186080607; 0,00015884706753146134; 0,0022259320451501466; 0,0002176600487343141; 0,001064999622316956; 0,002732762863594316; 399227745,5971489; 399227745,59699386; 399227745,5967069; 399227745,5966028; 399227745,59696764; 399227745,597294; 399227745,59712017; 399227745,596793; 399227745,59663796; 
11; 0,0027331807725822586; 0,00021757042991519477; 0,0010620841420884701; 0,00015838342539365062; 0,0022293767899728696; 0,0001679219462350022; 0,0037109926364665108; 0,0004106127614669584; 1,5227056165403257E-16; 0,00016792194623494282; 0,003710992636466733; 0,00015838342539374568; 0,0022293767899733852; 0,0002175704299152775; 0,001062084142088444; 0,0027331807725835106; 328921751,45769155; 328921751,45754004; 328921751,4572604; 328921751,45715797; 328921751,4575166; 328921751,45783716; 328921751,4576667; 328921751,4573476; 328921751,4571957; 
12; 0,0027448202975822677; 0,00021846378856438234; 0,0010663762569196168; 0,00015933483697919246; 0,0022337801447197274; 0,00016756163454464748; 0,0037149711465716433; 0,0004104532997420073; 2,0238729206353965E-16; 0,00016756163454459367; 0,003714971146571782; 0,0001593348369792811; 0,0022337801447202647; 0,00021846378856446122; 0,0010663762569195112; 0,0027448202975834898; 799755763,1991631; 799755763,1990157; 799755763,1987424; 799755763,1986438; 799755763,1989912; 799755763,1993012; 799755763,1991343; 799755763,1988237; 799755763,1986767; 
13; 0,0027425502585257822; 0,0002182177848862393; 0,001065831475067412; 0,00015876567652273646; 0,0022390021121588776; 0,00016879202598790355; 0,0037229104210615297; 0,00041212901485612155; 1,722802655895312E-16; 0,00016879202598785048; 0,003722910421061696; 0,00015876567652282322; 0,0022390021121594136; 0,00021821778488631736; 0,001065831475067333; 0,002742550258526995; 335095566,5630496; 335095566,5628934; 335095566,5626063; 335095566,5625035; 335095566,5628688; 335095566,56319577; 335095566,5630231; 335095566,5626957; 335095566,56253946; 
14; 0,002729566701862078; 0,00021706639281557878; 0,0010568030507143859; 0,00015715945176641703; 0,002238728709641917; 0,00016983847807276; 0,0037149802285485257; 0,0004125516936870288; 1,7229807734720949E-16; 0,00016983847807270383; 0,00371498022854872; 0,00015715945176650778; 0,0022387287096424344; 0,0002170663928156581; 0,0010568030507143288; 0,0027295667018632976; 308531615,5138261; 308531615,5136693; 308531615,5133819; 308531615,5132792; 308531615,5136456; 308531615,5139734; 308531615,5138004; 308531615,5134723; 308531615,51331556; 
15; 0,0027507140309978185; 0,0002188894211999495; 0,0010668711302465525; 0,00015906207963706353; 0,0022459965209234017; 0,0001691327039906994; 0,003728666017357833; 0,0004126415901341491; 2,0239313637891067E-16; 0,0001691327039906445; 0,0037286660173580072; 0,00015906207963715046; 0,00224599652092392; 0,00021888942120002757; 0,0010668711302464803; 0,002750714030999019; 444080703,9360322; 444080703,93587947; 444080703,9355961; 444080703,93549347; 444080703,93585426; 444080703,93617594; 444080703,9360046; 444080703,93568146; 444080703,93552786; 
16; 0,002748300806747129; 0,00021849188540162817; 0,0010603228753909763; 0,00015763563697541555; 0,00225941201948114; 0,00017201958319924216; 0,0037409011466859373; 0,0004162905623297657; 1,7445657641114033E-16; 0,00017201958319918277; 0,0037409011466861515; 0,0001576356369755109; 0,002259412019481668; 0,00021849188540171177; 0,001060322875390944; 0,002748300806748395; 309003506,0288642; 309003506,0287066; 309003506,0284176; 309003506,02831525; 309003506,02868325; 309003506,02901256; 309003506,0288394; 309003506,02850956; 309003506,028352; 
17; 0,0027588071425812283; 0,00021956487839256195; 0,0010706609051248596; 0,00015933219228565556; 0,002258975374897359; 0,00017073279408339799; 0,0037469585743037273; 0,00041536036964872616; 1,6412736003376113E-16; 0,00017073279408333944; 0,003746958574303936; 0,00015933219228574927; 0,0022589753748978795; 0,0002195648783926441; 0,001070660905124813; 0,002758807142582485; 309627311,8761912; 309627311,87603366; 309627311,8757451; 309627311,87564224; 309627311,87600964; 309627311,8763381; 309627311,8761651; 309627311,87583584; 309627311,87567836; 
18; 0,0027567611930212617; 0,0002191995296749847; 0,001069458914113846; 0,0001591725130060593; 0,0022537480764846024; 0,00017022683636565094; 0,0037410633368242046; 0,0004145990524112673; 1,7580127326815526E-16; 0,00017022683636558954; 0,0037410633368244427; 0,00015917251300615813; 0,002253748076485131; 0,0002191995296750709; 0,001069458914113835; 0,002756761193022546; 311799106,95587; 311799106,9557129; 311799106,9554249; 311799106,9553222; 311799106,95568866; 311799106,9560162; 311799106,95584345; 311799106,955515; 311799106,95535797; 
19; 0,002757159040643266; 0,00021905835491381226; 0,0010644969732029374; 0,00015816018430179948; 0,0022615858794534185; 0,00017170208356836786; 0,0037419734242434624; 0,0004159540335753367; 1,7469766859212535E-16; 0,0001717020835683105; 0,003741973424243627; 0,00015816018430188616; 0,0022615858794539346; 0,000219058354913893; 0,0010644969732028554; 0,0027571590406445068; 309581095,8390283; 309581095,83886963; 309581095,8385795; 309581095,8384766; 309581095,83884615; 309581095,8391769; 309581095,8390032; 309581095,8386716; 309581095,8385129; 
20; 0,0027623841795278506; 0,00021966315806511442; 0,0010692069058111627; 0,00015914200739647224; 0,002265228501146772; 0,00017159092063936582; 0,0037559436927236973; 0,00041685197866705623; 1,9141316587254713E-16; 0,0001715909206393074; 0,003755943692723898; 0,00015914200739656486; 0,002265228501147279; 0,00021966315806519517; 0,0010692069058111087; 0,0027623841795289907; 309668136,80945814; 309668136,8092993; 309668136,8090084; 309668136,8089057; 309668136,80927485; 309668136,80960536; 309668136,8094317; 309668136,80909956; 309668136,80894053; 
21; 0,00278682920625692; 0,0002214045228456316; 0,0010723548647398676; 0,0001598739990837628; 0,0022794689055545487; 0,00017183009138294848; 0,0037578925844227455; 0,00041705113259034716; 1,9094635461056259E-16; 0,00017183009138288643; 0,003757892584422988; 0,0001598739990838624; 0,0022794689055550834; 0,00022140452284571813; 0,0010723548647398576; 0,002786829206258221; 325501233,7100443; 325501233,70989424; 325501233,7096178; 325501233,70951533; 325501233,7098714; 325501233,71018916; 325501233,71001947; 325501233,70970345; 325501233,7095533; 
22; 0,002789896935317981; 0,0002216494367337621; 0,001073322411660793; 0,0001598372396975818; 0,0022865368755173574; 0,00017264645413292513; 0,0037632568765425204; 0,00041802331326515433; 1,9419958347803247E-16; 0,00017264645413287306; 0,00376325687654268; 0,00015983723969766706; 0,0022865368755178874; 0,00022164943673383833; 0,0010733224116607043; 0,0027898969353191715; 310597092,4515441; 310597092,4513835; 310597092,4510893; 310597092,4509866; 310597092,45135814; 310597092,45169044; 310597092,45151645; 310597092,4511812; 310597092,4510204; 
23; 0,0027977411334781425; 0,0002222302610188427; 0,0010753062562362313; 0,00016009604764935414; 0,002294387500885653; 0,00017332149861275852; 0,0037720162723730937; 0,00041918108717223484; 2,1247932272377418E-16; 0,00017332149861270854; 0,003772016272373237; 0,00016009604764943727; 0,0022943875008861955; 0,00022223026101891822; 0,001075306256236123; 0,00279774113347933; 310878373,63002944; 310878373,62986827; 310878373,6295739; 310878373,62947166; 310878373,6298443; 310878373,6301778; 310878373,63000363; 310878373,6296676; 310878373,6295065; 
24; 0,002803445257541472; 0,00022268273119938742; 0,001077601779186542; 0,00016047153282739863; 0,0022979103283471375; 0,00017339508581843384; 0,0037763159137656874; 0,00041949004375306715; 2,103164917149754E-16; 0,0001733950858183843; 0,0037763159137658158; 0,00016047153282747957; 0,0022979103283476644; 0,0002226827311994609; 0,0010776017791864156; 0,00280344525754264; 311079427,34306717; 311079427,3429057; 311079427,34261066; 311079427,34250784; 311079427,34288025; 311079427,34321356; 311079427,3430392; 311079427,34270257; 311079427,34254104; 
25; 0,003238996280979119; 0,00024007860413331877; 0,0013061698390347655; 0,00017930853092477868; 0,002296035305415073; 0,00019542484659518976; 0,003775369562156197; 0,0004387948931542193; 2,4706595818692334E-16; 0,00019542484659515526; 0,003775369562156358; 0,0001793085309248694; 0,0022960353054156182; 0,00024007860413339152; 0,0013061698390346014; 0,003238996280980079; 19733975537,53191; 19733975537,531967; 19733975537,531982; 19733975537,53198; 19733975537,531975; 19733975537,531933; 19733975537,531944; 19733975537,531975; 19733975537,532013; 
26; 0,0028028227060896797; 0,0002226820900171244; 0,0010829469885156; 0,0001613446249129516; 0,002294002090133183; 0,00017269228770613185; 0,0037878374259636208; 0,0004195452830850849; 2,3332254442205205E-16; 0,0001726922877060787; 0,003787837425963713; 0,00016134462491302566; 0,0022940020901337146; 0,00022268209001720192; 0,0010829469885154392; 0,0028028227060908862; 1455219922,0594006; 1455219922,059286; 1455219922,0590765; 1455219922,0589976; 1455219922,0592747; 1455219922,0595179; 1455219922,0593896; 1455219922,0591424; 1455219922,0590274; 
27; 0,002795753954244901; 0,00022218812381369964; 0,0010775569936442263; 0,0001603028908759591; 0,002295163804307766; 0,00017401093685854812; 0,0037873765765360284; 0,0004209034345536549; 1,7260994356669364E-16; 0,00017401093685849028; 0,003787376576536217; 0,00016030289087605172; 0,002295163804308296; 0,00022218812381378126; 0,0010775569936441736; 0,0027957539542461485; 310622070,4307934; 310622070,43063295; 310622070,4303388; 310622070,43023556; 310622070,430609; 310622070,4309432; 310622070,4307684; 310622070,4304327; 310622070,4302723; 
28; 0,013706678338032671; 0,001177077807026188; 0,006441112999052485; 0,0009984902068472315; 0,0024018652526754942; 0,0010092083761190807; 0,0037971222188857285; 0,001158379760830734; 2,02839996318524E-15; 0,0010092083761196102; 0,0037971222188858318; 0,0009984902068471077; 0,0024018652526750645; 0,0011770778070260815; 0,006441112999051395; 0,013706678338028428; 437991778139,38336; 437991778139,3843; 437991778139,38446; 437991778139,3841; 437991778139,3844; 437991778139,38385; 437991778139,3832; 437991778139,3841; 437991778139,3846; 
29; 0,0028084990681642493; 0,00022321598261774758; 0,001082776989512661; 0,00016099486339805498; 0,002306678590202011; 0,0001744122296881663; 0,0037978943984549574; 0,0004215870018633988; 1,8302632720304791E-16; 0,00017441222968810923; 0,003797894398455218; 0,00016099486339815958; 0,0023066785902025318; 0,00022321598261782743; 0,0010827769895125948; 0,002808499068165489; 311236647,10380846; 311236647,10364646; 311236647,1033511; 311236647,1032483; 311236647,1036221; 311236647,1039567; 311236647,1037825; 311236647,10344535; 311236647,10328346; 
30; 0,0027832187766012777; 0,000221212730166757; 0,0010758427717374158; 0,00016019887222372498; 0,0022796180648219444; 0,00017191820178807214; 0,0037677220356835493; 0,000417534882993857; 1,8332421034786717E-16; 0,00017191820178801914; 0,00376772203568382; 0,00016019887222383064; 0,002279618064822479; 0,00022121273016683475; 0,0010758427717373826; 0,0027832187766024937; 342659146,7300708; 342659146,7299201; 342659146,7296424; 342659146,72954; 342659146,72989535; 342659146,7302137; 342659146,730044; 342659146,72972727; 342659146,7295765; 
31; 0,007856597742676458; 0,0005380385429462318; 0,003645648161898665; 0,00042863876668720034; 0,002315465788126849; 0,00043791051128321207; 0,0038050563170017896; 0,0006788471360106835; 1,9561378883890812E-15; 0,0004379105112829497; 0,0038050563170020264; 0,00042863876668767674; 0,002315465788127392; 0,0005380385429465402; 0,0036456481618964975; 0,007856597742675062; 207565210427,6933; 207565210427,69366; 207565210427,69412; 207565210427,69418; 207565210427,69437; 207565210427,69476; 207565210427,6949; 207565210427,69504; 207565210427,6959; 
32; 0,012227334349277358; 0,0007987907157868011; 0,005929506616258916; 0,0006549339485171869; 0,0023160250229079214; 0,0006673457793363259; 0,0038256891677832198; 0,0008543889959367259; 2,2287740771877174E-15; 0,0006673457793362009; 0,0038256891677833442; 0,0006549339485173407; 0,0023160250229084622; 0,0007987907157870859; 0,005929506616260874; 0,012227334349278307; 362535775503,86945; 362535775503,8699; 362535775503,87085; 362535775503,87115; 362535775503,87103; 362535775503,87115; 362535775503,87115; 362535775503,87115; 362535775503,8718; 
33; 2,309589656722537; 0,2922392362979582; 1,0635896266784173; 0,2542293148132687; 0,08513035349388187; 0,25660577134776696; 0,00893998839678601; 0,2563626941129383; 6,468645064039436E-13; 0,2566057713477534; 0,008939988397207329; 0,25422931481325334; 0,08513035349402553; 0,2922392362979181; 1,0635896266792606; 2,309589656722858; 88817512595312,66; 88817512595312,72; 88817512595312,81; 88817512595312,78; 88817512595312,7; 88817512595312,67; 88817512595312,56; 88817512595312,62; 88817512595312,75; 
34; 0,0028361053471908123; 0,00022524467940024663; 0,001089600490081857; 0,0001621128430255433; 0,0023293754493052955; 0,00017660887168907522; 0,00383356697589772; 0,000426319776105894; 2,1744592388124965E-16; 0,00017660887168901478; 0,003833566975897934; 0,00016211284302564062; 0,0023293754493058398; 0,00022524467940033256; 0,0010896004900818389; 0,002836105347192124; 312638029,9737158; 312638029,9735522; 312638029,9732533; 312638029,9731489; 312638029,97352725; 312638029,9738658; 312638029,9736887; 312638029,97334754; 312638029,9731841; 
35; 0,002852210617557953; 0,00022651997892451085; 0,001096179087896363; 0,00016323802366396953; 0,0023379302190731973; 0,00017659388050964865; 0,003844488338112169; 0,0004269208845278985; 2,1898690925005735E-16; 0,00017659388050958536; 0,003844488338112407; 0,00016323802366407188; 0,0023379302190737585; 0,0002265199789246005; 0,0010961790878963543; 0,0028522106175593027; 312844440,7446253; 312844440,744461; 312844440,7441607; 312844440,74405646; 312844440,744436; 312844440,7447757; 312844440,74459815; 312844440,7442557; 312844440,74409133; 
36; 0,002956724772844909; 0,00022872865173232087; 0,0011921638222840058; 0,0001666793265373887; 0,002342505944508454; 0,00017647680164285863; 0,0038499733348681922; 0,00042711017796170074; 3,220732667651334E-16; 0,00017647680164279157; 0,0038499733348684576; 0,0001666793265374863; 0,0023425059445089953; 0,00022872865173240452; 0,0011921638222837365; 0,002956724772845781; 11704172502,784819; 11704172502,784842; 11704172502,784872; 11704172502,784864; 11704172502,784863; 11704172502,784859; 11704172502,78486; 11704172502,784885; 11704172502,784904; 
37; 0,002862861506260128; 0,0002273192889847013; 0,001099404802084383; 0,0001638186355724334; 0,002344218379869532; 0,00017669902315679397; 0,0038504456581850287; 0,00042734879237122763; 1,974860106190017E-16; 0,00017669902315672455; 0,003850445658185317; 0,0001638186355725432; 0,002344218379870071; 0,00022731928898479548; 0,0010994048020844108; 0,0028628615062615314; 1064594753,2666969; 1064594753,2665579; 1064594753,2662929; 1064594753,2661963; 1064594753,2665299; 1064594753,2668388; 1064594753,2666743; 1064594753,2663728; 1064594753,2662318; 
38; 0,0028546527110972515; 0,0002265883209367126; 0,0010967451580317896; 0,0001632321771496668; 0,0023430872712850966; 0,000177312073985673; 0,003853981422756995; 0,00042809595451512197; 2,235457063330387E-16; 0,00017731207398560253; 0,003853981422757116; 0,0001632321771497467; 0,0023430872712856474; 0,0002265883209368087; 0,0010967451580316608; 0,0028546527110986657; 313340789,63449645; 313340789,6343318; 313340789,63403153; 313340789,6339277; 313340789,63430774; 313340789,6346478; 313340789,6344708; 313340789,634128; 313340789,6339631; 
39; 0,0028601392161813873; 0,00022667532957410322; 0,0010876033750699286; 0,00016195619229608186; 0,002352560500687425; 0,00017864924027487702; 0,003844696759809644; 0,0004287406222113385; 2,2550703138833103E-16; 0,00017864924027482992; 0,0038446967598097606; 0,00016195619229616092; 0,002352560500687974; 0,00022667532957417605; 0,0010876033750697844; 0,002860139216182546; 314111019,52850586; 314111019,52834034; 314111019,52804023; 314111019,527938; 314111019,5283173; 314111019,52865636; 314111019,52848095; 314111019,5281381; 314111019,5279724; 
40; 0,002880156308954707; 0,00022842447994107537; 0,0011000007080284166; 0,00016410931885606523; 0,002357228474531617; 0,00017753000077794486; 0,0038574509626713824; 0,00042839478618914256; 2,2913066211812754E-16; 0,00017753000077789862; 0,003857450962671484; 0,000164109318856143; 0,0023572284745321716; 0,00022842447994114785; 0,0011000007080282594; 0,0028801563089558744; 1938636939,5389152; 1938636939,5388453; 1938636939,5387404; 1938636939,5386992; 1938636939,538843; 1938636939,5389705; 1938636939,5388956; 1938636939,5387738; 1938636939,53871; 
41; 6,462720010321021; 0,507152421930417; 3,0885861472095777; 0,43122255482963234; 0,1358695558581008; 0,43316479177981326; 0,019792545244726595; 0,4320026515839001; 1,239664620955594E-12; 0,4331647917795207; 0,01979254524457455; 0,43122255482921834; 0,1358695558590156; 0,5071524219300814; 3,0885861472113905; 6,462720010325139; 209047791313934,62; 209047791313935; 209047791313935,16; 209047791313935,1; 209047791313934,9; 209047791313934,75; 209047791313934,88; 209047791313935,06; 209047791313935,25; 
42; 0,002815700286550708; 0,0002233980098724354; 0,001080511877852745; 0,00016032728370788516; 0,0023185242138922717; 0,0001760124767176179; 0,0038015401292000196; 0,0004234007564199641; 1,8284994034660045E-16; 0,00017601247671756177; 0,003801540129200357; 0,00016032728370800458; 0,002318524213892825; 0,00022339800987251793; 0,0010805118778528357; 0,0028157002865522216; 312230342,16090214; 312230342,1607392; 312230342,1604427; 312230342,16034013; 312230342,1607152; 312230342,1610514; 312230342,1608768; 312230342,1605388; 312230342,160376; 
43; 1,333791119574582; 0,08195090975341449; 0,6591815391932077; 0,068579162096828; 0,013669516687458527; 0,06736688145475636; 0,017949352300703894; 0,06642675885490429; 1,9859114352982488E-13; 0,06736688145478098; 0,01794935230055166; 0,06857916209685913; 0,013669516687328978; 0,08195090975344764; 0,659181539192948; 1,3337911195741496; 41807192925320,016; 41807192925320,09; 41807192925320,08; 41807192925320,1; 41807192925320,08; 41807192925320,1; 41807192925320,086; 41807192925320,14; 41807192925320,21; 
44; 10,062440919806546; 0,6939889396675769; 4,869749484975591; 0,5871871591838144; 0,24730589831422908; 0,6031620866983061; 0,13847240337408595; 0,6110527176771322; 1,832256568690127E-12; 0,6031620866983132; 0,1384724033734953; 0,5871871591838821; 0,24730589831372726; 0,6939889396676734; 4,8697494849742675; 10,062440919805637; 315553610871810,9; 315553610871811,5; 315553610871812,1; 315553610871812,1; 315553610871812,1; 315553610871812,3; 315553610871812; 315553610871812,6; 315553610871813,1; 
45; 0,0031691015929482085; 0,00022861274367153318; 0,0012986242117736637; 0,00016636617108410528; 0,0023642779367527116; 0,00018099228772084288; 0,003873370355827675; 0,0004293286957088601; 2,5648030587918126E-16; 0,00018099228772077555; 0,0038733703558278374; 0,00016636617108421438; 0,002364277936753247; 0,00022861274367161883; 0,001298624211773679; 0,0031691015929495416; 19592699117,599976; 19592699117,599987; 19592699117,60011; 19592699117,600132; 19592699117,600002; 19592699117,59999; 19592699117,60004; 19592699117,600136; 19592699117,6002; 
46; 0,0028978176234938954; 0,000229523649502846; 0,0010991194908512407; 0,00016377634676909507; 0,0023817517732255475; 0,00018018310824144163; 0,0038738309029785023; 0,00043181247750221816; 2,0598303796620032E-16; 0,000180183108241392; 0,0038738309029786168; 0,00016377634676917544; 0,0023817517732260722; 0,00022952364950291895; 0,0010991194908510885; 0,0028978176234950655; 314621427,7798931; 314621427,7797248; 314621427,77942085; 314621427,77931833; 314621427,77970105; 314621427,7800437; 314621427,7798673; 314621427,7795203; 314621427,77935195; 
47; 0,0028673121601063274; 0,0002278850399520085; 0,0011049728917872997; 0,00016385398140941372; 0,002365172974635447; 0,00017977064302934063; 0,0038820690766633117; 0,0004320953021971646; 2,4035106396571486E-16; 0,00017977064302927698; 0,0038820690766635433; 0,0001638539814095156; 0,0023651729746359995; 0,00022788503995209758; 0,0011049728917872797; 0,002867312160107669; 313546719,1340537; 313546719,1338887; 313546719,1335856; 313546719,13348067; 313546719,13386416; 313546719,1342073; 313546719,1340283; 313546719,1336819; 313546719,1335171; 
48; 0,0028298834628760054; 0,0002249011992535652; 0,0010911235330702941; 0,00016221137011965917; 0,0023273128511800026; 0,00017636567241144493; 0,0038339339854482446; 0,0004260618226214791; 2,0511459923905437E-16; 0,00017636567241137408; 0,003833933985448566; 0,00016221137011977513; 0,0023273128511805507; 0,00022490119925366148; 0,0010911235330702347; 0,002829883462877454; 312241906,6745272; 312241906,6743642; 312241906,67406666; 312241906,6739631; 312241906,67434007; 312241906,67467755; 312241906,67450154; 312241906,67416185; 312241906,67399895; 
49; 48529,724982028114; 6300,602168551867; 22379,045769737037; 5478,43710965536; 1780,2598159525335; 5532,858091665632; 188,37362844401991; 5531,848807463935; 4,548510901258851E-09; 5532,858091664951; 188,3736284396183; 5478,437109654455; 1780,259815941678; 6300,602168551092; 22379,045769738863; 48529,72498202713; 1,889158805509199E+18; 1,8891588055092004E+18; 1,889158805509201E+18; 1,8891588055092004E+18; 1,889158805509198E+18; 1,8891588055091978E+18; 1,889158805509195E+18; 1,889158805509196E+18; 1,889158805509199E+18; 
50; 91314261,49630713; 38959376,401822455; 40293292,24255622; 35225797,263092265; 4811028,902898143; 35539975,86762903; 549766,5002037177; 35519436,11949489; 1,8762628315016627E-05; 35539975,86762978; 549766,5002144305; 35225797,263092965; 4811028,90292643; 38959376,40182279; 40293292,242581025; 91314261,49627574; 7,861768591542808E+21; 7,861768591542814E+21; 7,861768591542816E+21; 7,861768591542813E+21; 7,861768591542812E+21; 7,861768591542808E+21; 7,861768591542803E+21; 7,861768591542807E+21; 7,861768591542812E+21; 
51; 25835,571268510706; 2740,734551226946; 12013,813368355903; 2374,4811246457934; 926,191129783354; 2404,0571710941563; 136,44404274138122; 2404,8886890108265; 6,046661837899592E-09; 2404,0571710949075; 136,44404274035398; 2374,4811246464255; 926,1911297900704; 2740,7345512270563; 12013,813368353412; 25835,571268508324; 9,216371773103593E+17; 9,216371773103607E+17; 9,216371773103617E+17; 9,216371773103608E+17; 9,216371773103598E+17; 9,216371773103589E+17; 9,216371773103584E+17; 9,216371773103594E+17; 9,21637177310361E+17; 
52; 268,06023104005106; 17,69528132318168; 132,62922825020587; 14,585790775832619; 3,2031354302009563; 14,583539507402598; 0,8787552064787336; 14,631823162278991; 2,351074890327709E-11; 14,583539507404604; 0,8787552064711188; 14,585790775836795; 3,2031354301938464; 17,695281323183877; 132,6292282501574; 268,06023104000303; 8374347571528739; 8374347571528750; 8374347571528755; 8374347571528749; 8374347571528735; 8374347571528723; 8374347571528709; 8374347571528723; 8374347571528737; 
53; 0,002913120507921378; 0,00023140441285658968; 0,0011208259094141408; 0,00016647845238025016; 0,002396085052014002; 0,00018134318007890729; 0,003927174599915257; 0,00043636323753511945; 2,4484668967890583E-16; 0,00018134318007886357; 0,003927174599915321; 0,00016647845238032346; 0,0023960850520145576; 0,00023140441285665847; 0,0011208259094139523; 0,002913120507922506; 314505365,77571684; 314505365,7755487; 314505365,77524275; 314505365,77513844; 314505365,775524; 314505365,7758691; 314505365,7756905; 314505365,7753415; 314505365,7751735; 
54; 11309,521580147582; 942,8267560272001; 5436,265422013375; 794,6303100826149; 244,60934886071414; 792,4479581261477; 65,56185602246366; 789,0733648439515; 3,375447477083071E-09; 792,4479581264989; 65,56185602585174; 794,6303100831265; 244,6093488600746; 942,8267560275583; 5436,265422011658; 11309,521580145582; 3,717667795247167E+17; 3,717667795247174E+17; 3,717667795247182E+17; 3,717667795247183E+17; 3,717667795247185E+17; 3,7176677952471834E+17; 3,717667795247183E+17; 3,7176677952471866E+17; 3,717667795247191E+17; 
55; 0,0029214498483587635; 0,0002319323923898648; 0,0011210561386706722; 0,00016639199697805217; 0,0024054093798390706; 0,0001820567673992604; 0,003929085652609744; 0,00043707359303358573; 2,4488693160211623E-16; 0,0001820567673992092; 0,003929085652609873; 0,00016639199697813617; 0,002405409379839624; 0,00023193239238994133; 0,0011210561386704892; 0,002921449848359977; 314441692,0920742; 314441692,09190565; 314441692,0915975; 314441692,0914924; 314441692,0918805; 314441692,09222794; 314441692,09204817; 314441692,09169644; 314441692,09152806; 
56; 2,953849747055651; 0,12639397142445927; 1,5445793626412034; 0,1017965962986128; 0,0695166625184965; 0,1004330953613423; 0,015791927496973376; 0,1006457099220921; 5,492793719863442E-13; 0,1004330953614191; 0,01579192749647987; 0,10179659629869423; 0,06951666251792651; 0,1263939714245046; 1,54457936264058; 2,953849747055356; 93999673890507,56; 93999673890507,66; 93999673890507,95; 93999673890507,8; 93999673890507,75; 93999673890507,69; 93999673890507,7; 93999673890507,88; 93999673890508,03; 
57; 0,0029182642252172136; 0,00023167611793112498; 0,001121295449383682; 0,0001668226507079615; 0,002396880982227386; 0,0001812120189455394; 0,00393072278816617; 0,0004364644072254934; 2,696774462588001E-16; 0,00018121201894549617; 0,003930722788166471; 0,00016682265070807605; 0,002396880982227949; 0,0002316761179311947; 0,0011212954493837217; 0,002918264225218351; 315350568,21232027; 315350568,2121519; 315350568,21184427; 315350568,21173847; 315350568,21212626; 315350568,2124732; 315350568,21229255; 315350568,2119418; 315350568,21177346; 
58; 33248,044972241434; 2577,5163805620923; 15993,331412588499; 2185,601315202165; 673,7403098148702; 2204,3332534043648; 84,07726675834658; 2208,5912411661884; 8,157087449944811E-09; 2204,333253405402; 84,07726675565397; 2185,6013152036967; 673,7403098113934; 2577,5163805633747; 15993,331412575455; 33248,04497222496; 1,0742804130335501E+18; 1,0742804130335512E+18; 1,0742804130335526E+18; 1,0742804130335521E+18; 1,0742804130335512E+18; 1,0742804130335517E+18; 1,0742804130335516E+18; 1,0742804130335533E+18; 1,0742804130335547E+18; 
59; 0,002948463987221539; 0,00023394205987761088; 0,0011289405773191126; 0,00016768749562234107; 0,0024306177546339594; 0,00018475941785291508; 0,003974527885520715; 0,0004425366780331308; 2,232651266692607E-16; 0,0001847594178528555; 0,003974527885520912; 0,00016768749562243737; 0,002430617754634523; 0,00023394205987769628; 0,0011289405773190478; 0,002948463987222853; 316152139,3725879; 316152139,37241864; 316152139,37211007; 316152139,372006; 316152139,37239367; 316152139,37274057; 316152139,3725619; 316152139,37220997; 316152139,3720406; 
60; 0,002921356741791875; 0,00023176847381050665; 0,0011232389480189317; 0,0001670149801359125; 0,00240061720355775; 0,00018123193920089686; 0,003933548566903884; 0,000436503558497065; 2,3991791125154177E-16; 0,00018123193920083344; 0,003933548566904079; 0,00016701498013600835; 0,002400617203558299; 0,00023176847381059607; 0,0011232389480188025; 0,0029213567417930722; 315452532,481465; 315452532,4812959; 315452532,4809889; 315452532,48088527; 315452532,4812712; 315452532,4816166; 315452532,4814386; 315452532,48108804; 315452532,48091906; 
61; 0,05671212767340417; 0,0017129903542615244; 0,031759087797868124; 0,001353997451318667; 0,005092867673748934; 0,001392332778968284; 0,00460893476356897; 0,0014953530330675969; 1,5182516702183513E-14; 0,0013923327789696236; 0,0046089347635671525; 0,0013539974513181643; 0,00509286767375371; 0,0017129903542608452; 0,0317590877978709; 0,056712127673402654; 2123665652823,4812; 2123665652823,4832; 2123665652823,4858; 2123665652823,485; 2123665652823,4849; 2123665652823,4832; 2123665652823,4868; 2123665652823,4897; 2123665652823,4895; 
62; 0,002954470458564885; 0,00023446322087860034; 0,0011386932744320009; 0,00016878858620432145; 0,0024275119187251257; 0,00018355104686766947; 0,003972546970538975; 0,00044114920319878305; 1,9825615568075313E-16; 0,00018355104686761518; 0,003972546970539127; 0,00016878858620441155; 0,0024275119187257116; 0,00023446322087868282; 0,0011386932744319024; 0,002954470458566172; 315939989,3084076; 315939989,30823815; 315939989,3079307; 315939989,3078278; 315939989,30821323; 315939989,30855834; 315939989,3083806; 315939989,30802995; 315939989,3078606; 
63; 46580390460,84064; 10422018564,838648; 20651510190,22493; 9305021351,058586; 2822383700,2912836; 9462087495,279762; 363109303,28611714; 9481420829,83756; 0,01533198356628418; 9462087495,279491; 363109303,27957934; 9305021351,05799; 2822383700,304292; 10422018564,837591; 20651510190,2425; 46580390460,852264; 2,4806924882319464E+24; 2,48069248823195E+24; 2,4806924882319523E+24; 2,4806924882319523E+24; 2,48069248823195E+24; 2,4806924882319475E+24; 2,4806924882319464E+24; 2,4806924882319475E+24; 2,4806924882319486E+24; 
64; 0,0029891613107734727; 0,00023667260481907988; 0,0011482124648682763; 0,000170028037219679; 0,0024659635930394004; 0,00018659883945393847; 0,004014867847104528; 0,00044642532260970617; 2,7834726791364826E-16; 0,000186598839453886; 0,004014867847104663; 0,000170028037219766; 0,0024659635930399694; 0,00023667260481915542; 0,0011482124648681522; 0,002989161310774677; 317563194,82591504; 317563194,82574123; 317563194,82542706; 317563194,8253246; 317563194,82571673; 317563194,82606757; 317563194,8258887; 317563194,8255299; 317563194,825356; 
65; 13952334,960328763; 1304528,3687464863; 6570524,414138232; 1119728,3142144328; 400648,2141787157; 1129401,9174398181; 35493,86864569736; 1128678,1618497327; 3,263441612944007E-06; 1129401,9174397455; 35493,86864864235; 1119728,314214318; 400648,2141788987; 1304528,368746445; 6570524,414139657; 13952334,96032773; 4,749881969759166E+20; 4,7498819697591714E+20; 4,74988196975918E+20; 4,749881969759175E+20; 4,749881969759168E+20; 4,749881969759167E+20; 4,749881969759162E+20; 4,749881969759168E+20; 4,749881969759176E+20; 
66; 16,76340201607963; 0,6579550832540415; 8,881595988031446; 0,5362268858154832; 0,5862078483126094; 0,5278465076324506; 0,11624076769141269; 0,5260410208894115; 2,448638514174206E-12; 0,5278465076327807; 0,1162407676913686; 0,5362268858159897; 0,5862078483122536; 0,6579550832545251; 8,881595988027543; 16,763402016072217; 555634241460825,6; 555634241460826,3; 555634241460826,5; 555634241460826,44; 555634241460826,4; 555634241460826,56; 555634241460826,56; 555634241460827,4; 555634241460828; 
67; 1342,9216067080392; 63,98032127199064; 686,4845341426842; 52,40963563550076; 20,071127451657993; 51,68277841791627; 11,39698471399413; 51,26941666822295; 1,6995826968013716E-10; 51,68277841791496; 11,396984714040936; 52,40963563551109; 20,071127451696924; 63,98032127201157; 686,4845341426528; 1342,9216067078487; 41945351200646144; 41945351200646200; 41945351200646256; 41945351200646290; 41945351200646304; 41945351200646264; 41945351200646290; 41945351200646360; 41945351200646450; 
68; 16089,18473845489; 868,158804535476; 8219,487895339451; 702,8176358629801; 187,81105798605228; 695,8596290413761; 130,02645975288726; 698,5874908533004; 3,4516034475018387E-09; 695,8596290412607; 130,0264597534221; 702,8176358627721; 187,811057987379; 868,1588045353999; 8219,487895340913; 16089,184738455644; 5,0020134460338566E+17; 5,002013446033865E+17; 5,002013446033873E+17; 5,002013446033876E+17; 5,0020134460338765E+17; 5,002013446033869E+17; 5,0020134460338675E+17; 5,002013446033874E+17; 5,0020134460338784E+17; 
69; 0,0030133338338044443; 0,0002393626950911589; 0,001160228613377886; 0,0001718043624022561; 0,002489754052131137; 0,00018870204129482618; 0,004054514531256793; 0,00045080548307438993; 2,6320045393805037E-16; 0,00018870204129475427; 0,00405451453125709; 0,0001718043624023717; 0,002489754052131726; 0,00023936269509125914; 0,0011602286133779174; 0,003013333833805935; 316504432,5575573; 316504432,5573838; 316504432,55706465; 316504432,5569568; 316504432,5573576; 316504432,55771613; 316504432,55753124; 316504432,55716723; 316504432,5569937; 
70; 2,359386187069883; 0,07512985025755098; 1,27874658969181; 0,06080609371905263; 0,11782224819233039; 0,05831673255501357; 0,039432355085721266; 0,05648555924044818; 5,64253505030976E-13; 0,05831673255501679; 0,039432355085805934; 0,060806093719067394; 0,11782224819240411; 0,07512985025756462; 1,2787465896917123; 2,3593861870699744; 84635542900092,62; 84635542900092,72; 84635542900092,94; 84635542900092,84; 84635542900093,08; 84635542900093,02; 84635542900093; 84635542900092,98; 84635542900093,23; 
71; 0,0030277520775679034; 0,00024011397266893026; 0,0011611279849956268; 0,0001721499360904453; 0,0024980854210587206; 0,0001877265064751495; 0,0040432134778035445; 0,0004485745364857426; 2,7555674433869857E-16; 0,00018772650647510462; 0,004043213477803818; 0,00017214993609055736; 0,0024980854210593043; 0,00024011397266900258; 0,0011611279849956379; 0,0030277520775690864; 318763936,44468963; 318763936,4445143; 318763936,4441948; 318763936,44409084; 318763936,44448805; 318763936,44484353; 318763936,4446625; 318763936,4442982; 318763936,4441232; 
72; 30,720605629363895; 1,129737309771504; 16,641596259719954; 0,9038387794313124; 1,5497938436363388; 0,8932187547257332; 0,2924185425537946; 0,907265472239718; 4,353906124521245E-12; 0,893218754726326; 0,2924185425538296; 0,9038387794320559; 1,5497938436370742; 1,1297373097718946; 16,64159625971633; 30,720605629356033; 1054208924022354; 1054208924022355,4; 1054208924022357,2; 1054208924022356; 1054208924022359; 1054208924022358; 1054208924022360,4; 1054208924022360,1; 1054208924022361,6; 
73; 0,003042527637309746; 0,0002404961811462169; 0,0011523987812746513; 0,00017039423209286352; 0,0025172750688922875; 0,0001903043491049803; 0,004035811770530452; 0,0004504697709030331; 3,096332313584994E-16; 0,00019030434910490194; 0,0040358117705304695; 0,00017039423209292854; 0,002517275068892872; 0,0002404961811463241; 0,0011523987812743879; 0,003042527637311325; 320006430,0396687; 320006430,0394941; 320006430,0391745; 320006430,0390697; 320006430,03946877; 320006430,0398255; 320006430,0396433; 320006430,03927857; 320006430,0391039; 
74; 299858839,61106247; 24992023,36192885; 143941158,11577755; 21192596,31828802; 5979690,760734369; 21229493,86922989; 1817182,6040680406; 21211917,34288235; 2,8627226129174232E-05; 21229493,86922915; 1817182,6040626671; 21192596,318285488; 5979690,760766922; 24992023,36192676; 143941158,11580998; 299858839,6110662; 9,893302579626244E+21; 9,893302579626259E+21; 9,893302579626273E+21; 9,893302579626276E+21; 9,893302579626273E+21; 9,893302579626271E+21; 9,893302579626265E+21; 9,893302579626284E+21; 9,8933025796263E+21; 
75; 311496,226256336; 16629,738842942763; 155141,10356391285; 13943,813322033348; 5359,285857612216; 14200,922302768395; 4230,426478357299; 14287,977688981635; 5,444576345325913E-08; 14200,922302770734; 4230,426478392763; 13943,81332203968; 5359,285857629377; 16629,738842947383; 155141,10356388116; 311496,2262562045; 9,581856837612909E+18; 9,581856837612923E+18; 9,581856837612927E+18; 9,581856837612919E+18; 9,58185683761291E+18; 9,581856837612909E+18; 9,581856837612904E+18; 9,581856837612919E+18; 9,581856837612927E+18; 
76; 342842889174,6337; 42360588720,37179; 157998156119,6648; 36849086279,04553; 13531855812,92556; 37334029081,00849; 2086376071,7972772; 37370092139,77073; 0,029574871063232422; 37334029081,00895; 2086376071,789307; 36849086279,04573; 13531855812,96004; 42360588720,3715; 157998156119,71405; 342842889174,5858; 1,303310310385916E+25; 1,303310310385918E+25; 1,3033103103859204E+25; 1,3033103103859208E+25; 1,3033103103859212E+25; 1,3033103103859215E+25; 1,3033103103859225E+25; 1,3033103103859255E+25; 1,3033103103859268E+25; 
77; 0,0030879217944256195; 0,00024365548656732878; 0,0011539652885841796; 0,00017142765816950206; 0,0025472266185142672; 0,00019232112841544862; 0,004061031465655424; 0,00045436414375509573; 3,142903922104322E-16; 0,0001923211284154132; 0,004061031465655416; 0,0001714276581695648; 0,0025472266185148423; 0,0002436554865673913; 0,001153965288584102; 0,0030879217944266954; 322248830,0365646; 322248830,036387; 322248830,03606576; 322248830,0359618; 322248830,0363625; 322248830,03672093; 322248830,0365392; 322248830,0361722; 322248830,0359946; 
78; 1,360999566927483; 0,04177551848524528; 0,7657200075176671; 0,03440239023783802; 0,1058524122442856; 0,03438417829371167; 0,03010669820578723; 0,035199387709379956; 1,711547570337757E-13; 0,03438417829373101; 0,0301066982056864; 0,03440239023784947; 0,10585241224410355; 0,04177551848524341; 0,7657200075175871; 1,3609995669275552; 55087685647365,06; 55087685647365,13; 55087685647365,195; 55087685647365,15; 55087685647365,14; 55087685647365,13; 55087685647365,13; 55087685647365,17; 55087685647365,31; 
79; 44483,38760909691; 2047,9479323518121; 22936,81994859435; 1684,4363614963681; 800,2751830298578; 1654,9868656574758; 410,15714813176646; 1646,4482615611641; 3,311640739411814E-09; 1654,9868656574226; 410,1571481298822; 1684,4363614961885; 800,2751830355551; 2047,9479323515832; 22936,81994859204; 44483,38760909483; 1,4096796869809871E+18; 1,4096796869809884E+18; 1,4096796869809894E+18; 1,4096796869809915E+18; 1,4096796869809907E+18; 1,4096796869809917E+18; 1,4096796869809928E+18; 1,409679686980994E+18; 1,409679686980996E+18; 
80; 17159,730079790126; 734,3652620149604; 8890,581566134157; 605,1089943600979; 393,24795265730063; 603,834125958258; 62,94632294461199; 606,317052165123; 1,5107843864825554E-09; 603,8341259579655; 62,946322945906985; 605,1089943597036; 393,24795265495413; 734,3652620146859; 8890,581566135317; 17159,73007979379; 5,477375055909193E+17; 5,4773750559092026E+17; 5,477375055909214E+17; 5,477375055909215E+17; 5,477375055909215E+17; 5,4773750559092166E+17; 5,4773750559092205E+17; 5,47737505590923E+17; 5,477375055909239E+17; 
81; 152,1589560722637; 4,964327347862675; 81,20376034783206; 4,08978885726378; 6,453194587876757; 3,9183505660060094; 2,7651488446340644; 3,7446286778916966; 1,233635416042489E-11; 3,918350566003732; 2,7651488446165677; 4,089788857260009; 6,453194587887351; 4,964327347859755; 81,2037603478689; 152,1589560722777; 5295694224528593; 5295694224528599; 5295694224528606; 5295694224528609; 5295694224528611; 5295694224528613; 5295694224528618; 5295694224528621; 5295694224528630; 
82; 589618782,5653946; 39600208,31643696; 288649249,18648773; 32969748,10509377; 6900738,735085313; 33112273,186375618; 2783044,7895966982; 33140279,92322307; 7,232651114463806E-05; 33112273,186381303; 2783044,789579611; 32969748,105100796; 6900738,735073043; 39600208,31643902; 288649249,1864062; 589618782,5653591; 1,8416132885434493E+22; 1,8416132885434516E+22; 1,8416132885434532E+22; 1,8416132885434505E+22; 1,8416132885434484E+22; 1,8416132885434467E+22; 1,8416132885434453E+22; 1,8416132885434486E+22; 1,8416132885434522E+22; 
83; 0,0031147938706600196; 0,00024679625552024263; 0,0011834347592744343; 0,0001753591052433613; 0,0025762201811768263; 0,00019425003870278306; 0,004133234423485189; 0,00046080383615448747; 3,350337617316439E-16; 0,00019425003870271362; 0,004133234423485459; 0,00017535910524347373; 0,002576220181177422; 0,0002467962555203407; 0,0011834347592744286; 0,003114793870661493; 323511315,01540375; 323511315,01522297; 323511315,01489425; 323511315,01478785; 323511315,0151962; 323511315,0155611; 323511315,0153755; 323511315,0150005; 323511315,0148196; 
84; 0,003113899534229282; 0,00024681901431336653; 0,0011855414599624143; 0,00017569080054622528; 0,0025732776505578902; 0,00019377064603081937; 0,004133090560569852; 0,000460340642193872; 2,9742919967961354E-16; 0,00019377064603074215; 0,004133090560570171; 0,00017569080054634796; 0,002573277650558484; 0,00024681901431347197; 0,0011855414599624586; 0,003113899534230844; 322982330,0588632; 322982330,0586827; 322982330,0583541; 322982330,0582477; 322982330,0586559; 322982330,0590211; 322982330,0588356; 322982330,05846083; 322982330,05828035; 
85; 0,0031054890812578133; 0,00024618735172586624; 0,0011827736209972302; 0,00017512441533172474; 0,002570463434800616; 0,0001940692439025377; 0,004131113933323888; 0,00046054184826446477; 3,0298933487644697E-16; 0,00019406924390245672; 0,004131113933324231; 0,0001751244153318525; 0,002570463434801213; 0,0002461873517259752; 0,0011827736209973074; 0,003105489081259408; 323301918,415876; 323301918,41569614; 323301918,4153682; 323301918,4152619; 323301918,41567004; 323301918,4160353; 323301918,41584986; 323301918,4154755; 323301918,4152956; 
86; 19385,235710274614; 774,1678380722091; 10342,50026510697; 624,5542554293554; 682,1133129810605; 607,298242344044; 88,65352782713029; 602,5001621935285; 3,4655727176868822E-09; 607,2982423441508; 88,65352782932314; 624,5542554297167; 682,1133129824307; 774,1678380726003; 10342,500265106051; 19385,235710269688; 6,419547678440544E+17; 6,41954767844055E+17; 6,419547678440562E+17; 6,419547678440563E+17; 6,419547678440563E+17; 6,419547678440554E+17; 6,419547678440557E+17; 6,419547678440567E+17; 6,419547678440577E+17; 
87; 2439244,901755752; 111514,28638308938; 1244463,7178734103; 91591,21372379389; 39682,90996342662; 92703,89471664745; 13322,846890107598; 93285,05129308651; 1,970620360225439E-07; 92703,89471660882; 13322,846890252426; 91591,21372375202; 39682,90996355073; 111514,28638307696; 1244463,7178734196; 2439244,901755753; 7,545200828526735E+19; 7,545200828526751E+19; 7,545200828526756E+19; 7,545200828526751E+19; 7,545200828526741E+19; 7,545200828526743E+19; 7,545200828526735E+19; 7,545200828526751E+19; 7,545200828526754E+19; 
88; 0,003430632762890922; 0,00024404733813355; 0,0014230895415870643; 0,00017647869271780942; 0,0025360689544827583; 0,00019073859653138695; 0,004099576152902678; 0,0004555054124938036; 5,60376669112711E-16; 0,00019073859653129943; 0,004099576152903071; 0,0001764786927179792; 0,0025360689544833555; 0,0002440473381336656; 0,001423089541586712; 0,0034306327628927154; 57545040962,87722; 57545040962,87747; 57545040962,87743; 57545040962,8775; 57545040962,87762; 57545040962,877625; 57545040962,877525; 57545040962,877625; 57545040962,8777; 
89; 178,8190001741459; 5,868864178348987; 100,54663506861681; 4,660281122502868; 12,243008902298751; 4,497274444358531; 2,1420735873241954; 4,563455728572606; 3,2015723405720564E-11; 4,497274444363098; 2,1420735873249046; 4,660281122506939; 12,243008902279303; 5,868864178350034; 100,54663506859778; 178,81900017414364; 6808376234283102; 6808376234283103; 6808376234283108; 6808376234283107; 6808376234283094; 6808376234283088; 6808376234283082; 6808376234283097; 6808376234283094; 
90; 0,0031113735483284536; 0,00024707204424918654; 0,0011968093958309603; 0,00017707559675961187; 0,0025714525789249125; 0,00019379718304208694; 0,004155693388168253; 0,0004616119772376998; 3,4225318897721483E-16; 0,0001937971830420322; 0,004155693388168406; 0,0001770755967597045; 0,0025714525789255326; 0,00024707204424927187; 0,0011968093958308426; 0,0031113735483297945; 321301000,3138923; 321301000,3137131; 321301000,3133899; 321301000,3132853; 321301000,31368685; 321301000,31404585; 321301000,3138633; 321301000,31349456; 321301000,3133155; 
