88; 0,09519974651281718; 0,0035671289999193168; 0,05526256873422032; 0,002961756594264807; 7,397663211172745E-14; 0,0035671289999065423; 0,055262568734207304; 0,09519974651292926; 3724459973437,096; 3724459973437,097; 3724459973437,105; 3724459973437,1064; 3724459973437,121; 
88,01; 0,001978880103107863; 0,00014598933655071307; 0,0016441636991441466; 0,0002931917324851588; 2,546724634834446E-15; 0,00014598933655115905; 0,001644163699148797; 0,0019788801031135925; 164783746,64748743; 164783746,64714846; 164783746,64731598; 164783746,64745614; 164783746,64711705; 
88,02000000000001; 0,001980968394079743; 0,00014636453340726154; 0,0016426300607543373; 0,00029264929123164543; 2,55913058626394E-15; 0,000146364533407708; 0,00164263006075903; 0,0019809683940855177; 165641834,34969056; 165641834,34937844; 165641834,34953305; 165641834,34966168; 165641834,34934956; 
88,03000000000002; 178731,09899583022; 6414,048218069763; 107935,71868025848; 5250,41041693511; 3,2579805520072114E-08; 6414,048218075542; 107935,71868027361; 178731,09899579012; 2,614144869865414E+18; 2,6141448698654193E+18; 2,614144869865429E+18; 2,614144869865439E+18; 2,6141448698654454E+18; 
88,04000000000002; 0,001980860171028448; 0,00014633586152573602; 0,0016429012670033136; 0,0002927208703163131; 2,523684535063164E-15; 0,0001463358615261886; 0,001642901267007981; 0,0019808601710342446; 164405758,19446608; 164405758,19412696; 164405758,19429427; 164405758,1944343; 164405758,19409525; 
88,05000000000003; 11724782447,265139; 466981585,28633296; 6999809787,512648; 393445960,0548843; 0,0014323703944683075; 466981585,286317; 6999809787,51404; 11724782447,26398; 1,0742601091546043E+23; 1,074260109154609E+23; 1,0742601091546152E+23; 1,0742601091546215E+23; 1,0742601091546261E+23; 
88,06000000000003; 26,17851226314033; 0,8232623162376589; 15,627866471378512; 0,7061220160228423; 1,4252432567474216E-11; 0,8232623162363346; 15,627866471364927; 26,17851226313499; 623895379793514,1; 623895379793515,4; 623895379793515,8; 623895379793518,5; 623895379793517,6; 
88,07000000000004; 123467766047,54951; 4825636126,910513; 73404477016,87563; 4068446479,331023; 0,008895933628082275; 4825636126,909704; 73404477016,87662; 123467766047,55194; 1,0261998542563883E+24; 1,0261998542563923E+24; 1,0261998542563985E+24; 1,0261998542564056E+24; 1,0261998542564099E+24; 
88,08000000000004; 0,0019812409445819903; 0,00014637426572491387; 0,0016430031467503418; 0,0002927215211716361; 2,5410652528533574E-15; 0,00014637426572536508; 0,0016430031467550188; 0,0019812409445877947; 164352992,0747914; 164352992,07445222; 164352992,0746196; 164352992,07475966; 164352992,07442054; 
88,09000000000005; 0,0019817305142150765; 0,00014645731813914752; 0,0016427134045243368; 0,00029261199781783733; 2,5668594281402582E-15; 0,0001464573181395918; 0,0016427134045290238; 0,00198173051422081; 6987684038,593832; 6987684038,59383; 6987684038,593846; 6987684038,5938015; 6987684038,593839; 
88,10000000000005; 0,0019806149542923738; 0,00014624768708416667; 0,0016436860880289909; 0,00029293769527501676; 2,55234826565587E-15; 0,0001462476870846149; 0,0016436860880336798; 0,0019806149542981413; 164546878,33208573; 164546878,33174667; 164546878,33191416; 164546878,33205432; 164546878,33171517; 
88,11000000000006; 1746458,4122708277; 63576,02374849727; 1042831,7840829445; 52699,165667656926; 2,4037217372097075E-07; 63576,02374851404; 1042831,7840832216; 1746458,4122702414; 2,257018843017924E+19; 2,2570188430179303E+19; 2,2570188430179406E+19; 2,2570188430179504E+19; 2,2570188430179574E+19; 
88,12000000000006; 0,001981597165526518; 0,00014641448909935112; 0,0016431024889734228; 0,00029271906884808905; 2,559600266860373E-15; 0,00014641448909979927; 0,0016431024889781336; 0,001981597165532305; 165585022,50375178; 165585022,50344104; 165585022,50359505; 165585022,50372317; 165585022,50341246; 
88,13000000000007; 0,001980492214843699; 0,00014620511597000476; 0,0016440686381481722; 0,00029304373813758946; 2,531177614748473E-15; 0,00014620511597045904; 0,0016440686381528505; 0,001980492214849517; 164616991,6291408; 164616991,62880158; 164616991,6289691; 164616991,62910926; 164616991,62877008; 
88,14000000000007; 0,0019815181834898356; 0,00014638517402065717; 0,0016433583173103108; 0,0002927910608102792; 2,5631157646113887E-15; 0,00014638517402110513; 0,001643358317315012; 0,0019815181834956235; 164366484,86951283; 164366484,8691736; 164366484,86934102; 164366484,86948106; 164366484,8691419; 
88,15000000000008; 363726022,98026824; 13990588,504926596; 217692592,82414213; 11872692,675716212; 1,6627484001219273E-05; 13990588,504923508; 217692592,8241047; 363726022,9803208; 3,804191559358957E+21; 3,8041915593589674E+21; 3,8041915593589853E+21; 3,804191559359005E+21; 3,804191559359019E+21; 
88,16000000000008; 167222657,22561023; 6257901,241953369; 100215649,64037625; 5292367,745500722; 2,3290805984288454E-05; 6257901,241951603; 100215649,64039631; 167222657,2256114; 1,780920776867041E+21; 1,7809207768670465E+21; 1,7809207768670546E+21; 1,7809207768670622E+21; 1,780920776867068E+21; 
88,17000000000009; 76546980,1329083; 2904283,3911067587; 45994220,60805032; 2456498,5514002736; 2,7858768589794636E-06; 2904283,391106673; 45994220,608050965; 76546980,13290283; 8,501339967938906E+20; 8,501339967938935E+20; 8,50133996793898E+20; 8,501339967939023E+20; 8,501339967939046E+20; 
88,18000000000009; 4,552525888210749; 0,17882635057615331; 2,5728962675390346; 0,14952472084622379; 2,011918409650093E-12; 0,17882635057644786; 2,5728962675374083; 4,552525888210829; 130345503187055,73; 130345503187055,94; 130345503187056,06; 130345503187056,33; 130345503187056,53; 
88,1900000000001; 867605885,4550604; 33875497,33075461; 509634215,1263283; 28823141,303738713; 5,8180419728159904E-05; 33875497,33076647; 509634215,1263005; 867605885,4550028; 8,687910538423954E+21; 8,687910538423993E+21; 8,687910538424038E+21; 8,687910538424082E+21; 8,687910538424118E+21; 
88,2000000000001; 59404,27249752803; 2236,245908161509; 36079,591913241944; 1872,0854878729162; 1,2782152225554455E-08; 2236,2459081620336; 36079,591913222524; 59404,27249754509; 9,32715420009163E+17; 9,327154200091656E+17; 9,327154200091681E+17; 9,327154200091715E+17; 9,327154200091738E+17; 
88,21000000000011; 0,0019796129776057923; 0,00014598984724527731; 0,0016454995205413693; 0,00029347474594562894; 2,5778001147278077E-15; 0,0001459898472457239; 0,001645499520546086; 0,001979612977611563; 164891976,37870994; 164891976,37837073; 164891976,3785385; 164891976,37867874; 164891976,37833953; 
88,22000000000011; 0,001981128836443266; 0,00014626818964694595; 0,0016443983251909647; 0,00029307535374904726; 2,544084591956532E-15; 0,00014626818964739806; 0,001644398325195633; 0,0019811288364490537; 164621321,64521486; 164621321,6448756; 164621321,6450432; 164621321,6451834; 164621321,64484417; 
88,23000000000012; 0,0019821585852976176; 0,00014644801817755227; 0,0016436919992055196; 0,0002928221515003106; 2,5465990266312494E-15; 0,00014644801817800365; 0,0016436919992102092; 0,001982158585303417; 164385805,1768629; 164385805,17652357; 164385805,17669097; 164385805,17683107; 164385805,17649177; 
88,24000000000012; 1,814475047601142; 0,058774094763933526; 1,150185698568094; 0,05245628954598203; 8,987116606462564E-13; 0,05877409476388673; 1,150185698568422; 1,8144750476012463; 52981402665721,55; 52981402665721,63; 52981402665721,75; 52981402665721,81; 52981402665721,984; 
88,25000000000013; 0,001980994381111916; 0,00014622427949863263; 0,0016447824678697317; 0,0002931823619939887; 2,571958509820857E-15; 0,00014622427949908035; 0,0016447824678744274; 0,001980994381117697; 164691856,96155545; 164691856,9612161; 164691856,96138376; 164691856,96152398; 164691856,9611847; 
88,26000000000013; 0,001981484118288931; 0,00014630690137374414; 0,0016444917469246884; 0,0002930727455734619; 2,5568482439934443E-15; 0,00014630690137419394; 0,001644491746929381; 0,0019814841182947064; 164593906,5909375; 164593906,59059814; 164593906,59076568; 164593906,59090587; 164593906,59056658; 
88,27000000000014; 5441655621,6284075; 211646273,20715123; 3221954350,3751287; 178240896,5984348; 0,0007084589451551437; 211646273,20723993; 3221954350,37482; 5441655621,628345; 5,070006352825979E+22; 5,070006352825998E+22; 5,0700063528260265E+22; 5,070006352826056E+22; 5,070006352826074E+22; 
88,28000000000014; 3818826376790,6816; 153507200092,57278; 2255983695715,0312; 128377884916,14911; 0,18860530853271484; 153507200092,57825; 2255983695714,762; 3818826376790,5986; 2,8402530828457347E+25; 2,8402530828457493E+25; 2,84025308284577E+25; 2,8402530828457914E+25; 2,840253082845805E+25; 
88,29000000000015; 1189,4627196440124; 40,42790700171789; 704,1372711283514; 32,833042947544584; 1,958255779754836E-10; 40,4279070017018; 704,1372711283852; 1189,4627196440063; 22417805880811484; 22417805880811524; 22417805880811572; 22417805880811644; 22417805880811724; 
88,30000000000015; 0,0019813084231791026; 0,0001462483291844796; 0,0016449900200299912; 0,0002932141479113108; 2,5591961684516255E-15; 0,00014624832918493135; 0,001644990020034685; 0,0019813084231849166; 164670890,90242887; 164670890,90208948; 164670890,9022571; 164670890,90239736; 164670890,90205806; 
88,31000000000016; 0,001981260564535072; 0,0001462337656890207; 0,001645118484300359; 0,00029324917060389834; 2,5860610417739216E-15; 0,00014623376568946507; 0,0016451184843050547; 0,001981260564540811; 164703914,7449718; 164703914,7446325; 164703914,74480018; 164703914,74494037; 164703914,74460098; 
88,32000000000016; 12932,245255981541; 465,2156471024384; 7739,236618950774; 395,5723298161755; 2,5563053895893972E-09; 465,21564710224726; 7739,236618949396; 12932,24525598544; 2,1586267580150938E+17; 2,1586267580150976E+17; 2,1586267580151066E+17; 2,1586267580151126E+17; 2,1586267580151178E+17; 
88,33000000000017; 0,00198222509892004; 0,00014639904929393646; 0,001644535070206872; 0,00029302996928778723; 2,5634118894804184E-15; 0,00014639904929438752; 0,00164453507021157; 0,0019822250989258447; 164506306,95973596; 164506306,95939657; 164506306,95956427; 164506306,9597045; 164506306,9593652; 
88,34000000000017; 0,001981125568537591; 0,0001461900645781826; 0,001645487314626002; 0,0002933540232126071; 2,5704637195941284E-15; 0,0001461900645786289; 0,0016454873146306852; 0,0019811255685433416; 164765565,25908804; 164765565,25874862; 164765565,2589163; 164765565,25905648; 164765565,2587171; 
88,35000000000018; 0,0019805557835621606; 0,00014607666893140157; 0,0016460198885292598; 0,00029353521999623557; 2,5585513216071364E-15; 0,00014607666893185116; 0,001646019888533933; 0,0019805557835679286; 164875212,49924004; 164875212,4989007; 164875212,4990685; 164875212,49920884; 164875212,49886948; 
88,36000000000018; 397980411,40240234; 14869159,950211665; 237827420,47407186; 12464987,855298925; 5,590065848082304E-05; 14869159,950211994; 237827420,4741653; 397980411,4023074; 4,1072044544990197E+21; 4,107204454499034E+21; 4,107204454499055E+21; 4,107204454499077E+21; 4,107204454499092E+21; 
88,37000000000019; 16876,359490519622; 608,9148205235783; 9991,435875884028; 522,7760040727348; 3,0577922416341607E-09; 608,9148205243698; 9991,435875884657; 16876,35949051359; 2,7997019033477024E+17; 2,7997019033477098E+17; 2,7997019033477206E+17; 2,799701903347727E+17; 2,7997019033477347E+17; 
88,3800000000002; 0,0019814614775829306; 0,00014622769988967697; 0,0016455707460395527; 0,0002933502539942238; 2,550770504664209E-15; 0,00014622769989013125; 0,0016455707460442466; 0,0019814614775887575; 164740794,4556048; 164740794,45526537; 164740794,45543304; 164740794,4555732; 164740794,45523387; 
88,3900000000002; 0,0037628275579540656; 0,0002069293178630285; 0,002600126219219032; 0,00032410925525897053; 5,3527129018245134E-15; 0,0002069293178631509; 0,002600126219226031; 0,003762827557963668; 124488082831,94771; 124488082831,94789; 124488082831,94843; 124488082831,94853; 124488082831,9487; 
88,4000000000002; 0,0019824231216163234; 0,0001463932734862749; 0,0016449917592683866; 0,0002931311051354376; 2,5598575527045112E-15; 0,0001463932734867246; 0,0016449917592730667; 0,0019824231216221; 164553488,63580537; 164553488,63546595; 164553488,63563362; 164553488,63577387; 164553488,63543445; 
88,41000000000021; 0,3781972574143489; 0,012184933349523636; 0,23896636150576922; 0,011500840757988802; 4,671193987171307E-13; 0,01218493334960443; 0,23896636150598824; 0,37819725741486665; 12957213765682,412; 12957213765682,49; 12957213765682,5; 12957213765682,488; 12957213765682,506; 
88,42000000000021; 0,001982309166812862; 0,00014636409432331675; 0,0016452447255768856; 0,00029320040724616574; 2,560445646687173E-15; 0,00014636409432376682; 0,0016452447255815464; 0,001982309166818626; 164627199,0096194; 164627199,0092801; 164627199,00944784; 164627199,0095882; 164627199,00924876; 
88,43000000000022; 0,001982802805081839; 0,00014644595503023104; 0,001644950001892329; 0,0002930912972576696; 2,580107026744038E-15; 0,0001464459550306773; 0,0016449500018970247; 0,001982802805087592; 164513397,06370172; 164513397,06336227; 164513397,06352997; 164513397,06367016; 164513397,06333068; 
88,44000000000023; 0,006273648964758733; 0,00027453312519954895; 0,004130652277591254; 0,00039200111686598553; 8,270443249518145E-15; 0,00027453312520073783; 0,004130652277583164; 0,0062736489647773576; 241397236275,0286; 241397236275,02954; 241397236275,02972; 241397236275,02945; 241397236275,03043; 
88,45000000000023; 0,001983224021720488; 0,0001465146085737753; 0,0016447793784667075; 0,0002930154315988469; 2,5682978294646292E-15; 0,0001465146085742242; 0,0016447793784713728; 0,0019832240217262528; 164450574,45966998; 164450574,45933056; 164450574,45949823; 164450574,45963848; 164450574,45929903; 
88,46000000000024; 0,001981069842284413; 0,00014610942295948686; 0,0016465494885301187; 0,00029362964932271273; 2,5610493855503506E-15; 0,00014610942295994024; 0,001646549488534806; 0,0019810698422902295; 164912450,18441388; 164912450,18407437; 164912450,1842422; 164912450,18438256; 164912450,18404317; 
88,47000000000024; 0,0019826033510594193; 0,00014638850603471363; 0,001645435755809768; 0,00029322902040930087; 2,5694644022825128E-15; 0,0001463885060351658; 0,0016454357558144733; 0,00198260335106523; 164609711,57263365; 164609711,57229415; 164609711,5724618; 164609711,5726021; 164609711,57226261; 
88,48000000000025; 7261389603,903206; 279945439,3427594; 4355906977,773637; 235958539,26742235; 0,0004179440438747406; 279945439,342775; 4355906977,772597; 7261389603,903816; 6,74556454512499E+22; 6,745564545125014E+22; 6,745564545125056E+22; 6,7455645451250945E+22; 6,745564545125122E+22; 
88,49000000000025; 4138,102573281563; 149,13384383716365; 2432,858381417904; 124,97754808725014; 5,583302709055715E-10; 149,1338438372165; 2432,858381417077; 4138,102573281677; 74028432184472460; 74028432184472690; 74028432184472910; 74028432184473120; 74028432184473300; 
88,50000000000026; 0,001981407270382143; 0,00014614833492695086; 0,0016466218848868008; 0,0002936230030320085; 2,5656758174697076E-15; 0,00014614833492740086; 0,0016466218848914752; 0,0019814072703879127; 164889017,4002277; 164889017,39988828; 164889017,40005606; 164889017,4001965; 164889017,399857; 
88,51000000000026; 0,001978816911423059; 0,0001456436321297333; 0,0016487308174770185; 0,00029438335654608563; 2,558920920794076E-15; 0,00014564363213018748; 0,0016487308174816938; 0,001978816911428872; 165230850,55133107; 165230850,55099162; 165230850,55115962; 165230850,55130026; 165230850,5509608; 
88,52000000000027; 0,001978271124582634; 0,000145530679977038; 0,0016492365689530298; 0,00029456397588342145; 2,581069322760158E-15; 0,0001455306799774843; 0,0016492365689577157; 0,00197827112458837; 165270213,12612963; 165270213,12579024; 165270213,12595835; 165270213,1260989; 165270213,1257594; 
88,53000000000027; 0,001983908213399859; 0,00014659084106794743; 0,0016449148633874795; 0,0002930040178776803; 2,566144117088108E-15; 0,0001465908410683976; 0,0016449148633921637; 0,0019839082134056386; 390794921,57387185; 390794921,5736085; 390794921,5737414; 390794921,57385135; 390794921,57358557; 
88,54000000000028; 0,001982772482687019; 0,00014638181605216915; 0,0016458758460703195; 0,0002933264465061042; 2,5790938562251136E-15; 0,00014638181605261625; 0,0016458758460750093; 0,0019827724826927697; 164675514,62538216; 164675514,6250426; 164675514,62521037; 164675514,62535068; 164675514,6250111; 
88,55000000000028; 0,0019832608604576515; 0,00014646447408653683; 0,0016455825382213768; 0,0002932164116262425; 2,5671658534758657E-15; 0,00014646447408698726; 0,001645582538226052; 0,001983260860463426; 164570944,8890833; 164570944,88874373; 164570944,88891143; 164570944,88905174; 164570944,8887121; 
88,56000000000029; 0,001982144642573961; 0,0001462543991144058; 0,0016465262373018088; 0,00029354029355680057; 2,5615219087529587E-15; 0,00014625439911485966; 0,0016465262373064954; 0,0019821446425797827; 164825442,60412708; 164825442,60378754; 164825442,60395527; 164825442,60409552; 164825442,603756; 
88,57000000000029; 0,00198262531697712; 0,00014633726053171056; 0,001646234343583038; 0,00029343013551848675; 2,575336043358276E-15; 0,0001463372605321593; 0,0016462343435877155; 0,0019826253169828783; 164732965,45950654; 164732965,45916706; 164732965,45933476; 164732965,45947504; 164732965,4591354; 
88,5800000000003; 0,0730254841127302; 0,002507537379889499; 0,04745838627249051; 0,002198777593750187; 4,399898414358949E-14; 0,0025075373798868414; 0,04745838627246858; 0,0730254841127716; 2683656251764,309; 2683656251764,313; 2683656251764,3184; 2683656251764,323; 2683656251764,3223; 
88,5900000000003; 0,024787649220867163; 0,0008720012276978062; 0,01351225224809754; 0,0008567744601958472; 2,6725366711333187E-14; 0,0008720012276964562; 0,013512252248129391; 0,024787649220942107; 897978951639,1511; 897978951639,1538; 897978951639,1539; 897978951639,1567; 897978951639,1569; 
88,6000000000003; 0,003809024445173061; 0,0002051886922218738; 0,0025881758882627974; 0,00031892490491812584; 4,579656424051615E-15; 0,00020518869222221984; 0,0025881758882698846; 0,0038090244451810754; 140252553435,64212; 140252553435,64264; 140252553435,64294; 140252553435,64313; 140252553435,64337; 
88,61000000000031; 19391053,699579943; 745489,4829903287; 11680046,853938248; 639243,9284946781; 1,1131633073091507E-06; 745489,4829904672; 11680046,853937702; 19391053,699580498; 2,296640409204519E+20; 2,2966404092045256E+20; 2,296640409204537E+20; 2,296640409204549E+20; 2,296640409204556E+20; 
88,62000000000032; 0,5170296409263622; 0,019625060524516486; 0,27786445396021026; 0,016589161268615205; 3,5428864703090923E-13; 0,01962506052450097; 0,27786445396003223; 0,5170296409266361; 17309682105006,273; 17309682105006,322; 17309682105006,336; 17309682105006,373; 17309682105006,357; 
88,63000000000032; 0,0019833541741774456; 0,00014644231783434464; 0,0016461305777363217; 0,0002933471413230548; 2,5649669993717757E-15; 0,00014644231783479705; 0,0016461305777410041; 0,001983354174183234; 164658636,2874971; 164658636,2871575; 164658636,28732523; 164658636,28746563; 164658636,28712597; 
88,64000000000033; 0,0019822618437871646; 0,00014623269479555786; 0,0016470662131845407; 0,0002936701012373595; 2,565899642617297E-15; 0,00014623269479600943; 0,001647066213189212; 0,0019822618437929495; 164890369,4532256; 164890369,45288596; 164890369,45305383; 164890369,45319426; 164890369,45285457; 
88,65000000000033; 652356,6716927671; 24031,54040286118; 388058,60953613435; 20541,71629140951; 8,349070412805304E-08; 24031,540402875944; 388058,6095360664; 652356,6716926892; 8,945786258223711E+18; 8,945786258223727E+18; 8,945786258223779E+18; 8,945786258223804E+18; 8,945786258223842E+18; 
88,66000000000034; 0,001983201413204231; 0,00014639809645072875; 0,001646480386096903; 0,0002934487494110183; 2,562010921801078E-15; 0,0001463980964511824; 0,0016464803861015796; 0,0019832014132100412; 164720574,02786818; 164720574,02752858; 164720574,02769643; 164720574,02783683; 164720574,0274972; 
88,67000000000034; 10713626,8921264; 408916,68856660347; 6450752,220043437; 345589,4062950786; 1,5590994735248387E-06; 408916,6885669922; 6450752,220042787; 10713626,892124576; 1,3145022232415142E+20; 1,3145022232415176E+20; 1,3145022232415237E+20; 1,3145022232415296E+20; 1,3145022232415332E+20; 
88,68000000000035; 0,18513797552839795; 0,006023462050778946; 0,11587598437679321; 0,005648493053990251; 1,3159872497281455E-13; 0,006023462050775737; 0,11587598437666485; 0,18513797552840258; 6749567332638,469; 6749567332638,477; 6749567332638,471; 6749567332638,497; 6749567332638,504; 
88,69000000000035; 0,043273822969549625; 0,0015534171475850471; 0,025685812747666625; 0,0012705085174918981; 3,462952580940426E-14; 0,001553417147579902; 0,02568581274769173; 0,04327382296956328; 1773960333705,6365; 1773960333705,6387; 1773960333705,641; 1773960333705,642; 1773960333705,6445; 
88,70000000000036; 0,013312014637212419; 0,000518593082553977; 0,008775914336133462; 0,0005784684934758621; 1,7321539168280164E-14; 0,0005185930825548678; 0,008775914336127136; 0,013312014637225884; 603410152162,8749; 603410152162,8741; 603410152162,8749; 603410152162,8757; 603410152162,8751; 
88,71000000000036; 0,001984541204712363; 0,0001466169139331444; 0,0016458276468971499; 0,0002931841262043822; 2,5811765936099455E-15; 0,0001466169139335947; 0,0016458276469018618; 0,0019845412047181633; 164478771,93142566; 164478771,9310859; 164478771,93125367; 164478771,93139395; 164478771,93105426; 
88,72000000000037; 0,001980325885786724; 0,00014581915982321976; 0,0016491797659594371; 0,0002943783374168575; 2,563188324894722E-15; 0,00014581915982367206; 0,0016491797659641124; 0,0019803258857925055; 165215010,758123; 165215010,75778335; 165215010,75795144; 165215010,75809202; 165215010,75775236; 
88,73000000000037; 0,001983338439802661; 0,00014639156619714866; 0,0016468958338741505; 0,0002935417328888035; 2,571936611868501E-15; 0,000146391566197601; 0,0016468958338788386; 0,0019833384398084707; 164792757,4298552; 164792757,42951554; 164792757,4296834; 164792757,4298238; 164792757,42948404; 
88,74000000000038; 0,001982776029923323; 0,00014627862586697002; 0,0016474117322162244; 0,0002937206825914062; 2,5768620509677322E-15; 0,00014627862586742233; 0,001647411732220913; 0,001982776029929129; 164888081,61733523; 164888081,6169955; 164888081,61716348; 164888081,61730388; 164888081,61696416; 
88,75000000000038; 0,001980181091015577; 0,00014577325433190582; 0,001649518703283471; 0,00029448112124834673; 2,5856082716443412E-15; 0,0001457732543323544; 0,0016495187032881567; 0,001980181091021337; 165239746,4674085; 165239746,46706888; 165239746,467237; 165239746,4673777; 165239746,46703798; 
88,76000000000039; 0,001984796777284019; 0,000146639028243229; 0,0016459947471176104; 0,00029320945757144667; 2,595345272715054E-15; 0,00014663902824367568; 0,0016459947471223336; 0,001984796777289789; 164466873,65895835; 164466873,65861857; 164466873,65878636; 164466873,65892658; 164466873,65858677; 
88,7700000000004; 1,8936684812173095; 0,06588830591913139; 1,0678299685384092; 0,05812107037321698; 1,2554852990565024E-12; 0,06588830591899023; 1,0678299685384938; 1,893668481218468; 58144398670910,15; 58144398670910,22; 58144398670910,31; 58144398670910,41; 58144398670910,41; 
88,7800000000004; 0,0019830830464323207; 0,0001463167999224197; 0,0016474651148561245; 0,000293710345324862; 2,5708686898512415E-15; 0,0001463167999228755; 0,001647465114860817; 0,0019830830464381576; 164878336,36182275; 164878336,36148295; 164878336,36165082; 164878336,3617913; 164878336,36145154; 
88,7900000000004; 3920848,7188327573; 145300,02750899905; 2346543,6230020225; 123273,67363752396; 3,178120095981285E-07; 145300,0275090344; 2346543,6230029054; 3920848,718831699; 4,958765780392121E+19; 4,958765780392135E+19; 4,958765780392159E+19; 4,958765780392179E+19; 4,958765780392196E+19; 
88,80000000000041; 32,35084064848095; 1,2428624393313727; 19,628681021278272; 1,0997910283489594; 1,2879697308676441E-11; 1,2428624393331473; 19,628681021277536; 32,3508406484661; 829266649317328,2; 829266649317329,5; 829266649317330,6; 829266649317333,5; 829266649317333,9; 
88,81000000000041; 0,001983443116609564; 0,00014636911374862042; 0,0016474043319087094; 0,0002936669760777086; 2,5641434054143587E-15; 0,00014636911374907535; 0,0016474043319133942; 0,001983443116615382; 164843877,67599058; 164843877,67565078; 164843877,6758186; 164843877,67595908; 164843877,67561933; 
88,82000000000042; 0,0019833844456172253; 0,00014635443642807544; 0,001647521782260679; 0,00029370075976152906; 2,572628995955613E-15; 0,0001463544364285252; 0,0016475217822653555; 0,001983384445622992; 164869826,6240241; 164869826,6236844; 164869826,62385225; 164869826,62399265; 164869826,62365285; 
88,83000000000042; 0,8060288122193722; 0,03044347506400409; 0,5005197205364964; 0,026079398099881558; 4,4139344956839466E-13; 0,030443475064004574; 0,5005197205365558; 0,8060288122196986; 27109096096274,25; 27109096096274,29; 27109096096274,316; 27109096096274,332; 27109096096274,375; 
88,84000000000043; 0,0019817319349482738; 0,0001460300597257378; 0,0016489469909976597; 0,00029420284562281247; 2,562044624447956E-15; 0,00014603005972619202; 0,0016489469910023376; 0,00198173193495407; 165141866,03120232; 165141866,03086254; 165141866,03103057; 165141866,03117117; 165141866,0308314; 
88,85000000000043; 2198323,315462422; 84604,65318383012; 1316662,5612385387; 71897,59968752736; 3,489021764835343E-07; 84604,6531837511; 1316662,5612384384; 2198323,315462871; 2,9160363998100595E+19; 2,9160363998100664E+19; 2,91603639981008E+19; 2,91603639981009E+19; 2,9160363998100988E+19; 
88,86000000000044; 0,012553620319639556; 0,0005086008774099788; 0,008123922750214856; 0,0005806280107897859; 6,629110238173808E-15; 0,0005086008774106225; 0,008123922750222836; 0,012553620319634218; 545131290710,5194; 545131290710,5186; 545131290710,5222; 545131290710,5218; 545131290710,52246; 
88,87000000000045; 0,0019810789572825057; 0,0001458877633108439; 0,0016496687031190209; 0,00029444819578083864; 2,579972757132647E-15; 0,0001458877633112924; 0,0016496687031236999; 0,001981078957288255; 165223282,66385245; 165223282,6635128; 165223282,6636809; 165223282,66382158; 165223282,66348183; 
88,88000000000045; 57087139809,761086; 2203504886,3164296; 33852282315,282063; 1843026883,0192306; 0,0026803016662597656; 2203504886,3165154; 33852282315,28077; 57087139809,76517; 4,936839860563029E+23; 4,936839860563052E+23; 4,936839860563083E+23; 4,9368398605631154E+23; 4,936839860563137E+23; 
88,89000000000046; 0,3768062800109214; 0,011847364318540481; 0,2477717656792793; 0,011413475393827636; 2,559107439847885E-13; 0,011847364318476186; 0,2477717656792175; 0,37680628001083105; 12913165171066,54; 12913165171066,553; 12913165171066,584; 12913165171066,572; 12913165171066,588; 
88,90000000000046; 0,08449525920463966; 0,003031985992053842; 0,05311142462010618; 0,002590847552396163; 5,198597628763846E-14; 0,003031985992041915; 0,053111424620122194; 0,08449525920478097; 3345040577683,8975; 3345040577683,9004; 3345040577683,9077; 3345040577683,914; 3345040577683,9175; 
88,91000000000047; 294433751634,11365; 11298973173,89691; 174490662485,86984; 9420767648,378426; 0,03630423545837402; 11298973173,893415; 174490662485,8731; 294433751634,1118; 2,4029423252268275E+24; 2,402942325226838E+24; 2,4029423252268543E+24; 2,4029423252268707E+24; 2,4029423252268817E+24; 
88,92000000000047; 0,001985463213166819; 0,00014669193849716592; 0,0016465933472923104; 0,0002933116434651859; 2,6054592241268103E-15; 0,0001466919384976082; 0,0016465933472970093; 0,001985463213172535; 164505896,35923323; 164505896,3588934; 164505896,3590613; 164505896,35920158; 164505896,3588617; 
88,93000000000048; 0,001982265244923134; 0,00014608987726051623; 0,0016491458461333113; 0,00029421398269708574; 2,5686514231203064E-15; 0,00014608987726097322; 0,0016491458461380054; 0,001982265244928987; 165130607,30173793; 165130607,3013981; 165130607,30156618; 165130607,3017068; 165130607,301367; 
88,94000000000048; 0,001983767377590468; 0,0001463693213056364; 0,001648045858102427; 0,000293811180451336; 2,5638239172425178E-15; 0,00014636932130609293; 0,0016480458581071202; 0,001983767377596306; 164894149,44859046; 164894149,4482506; 164894149,4484185; 164894149,44855896; 164894149,44821912; 
88,95000000000049; 17618174842,068314; 680046969,5773362; 10449318840,577868; 568480553,8204389; 0,0017727017402648926; 680046969,5773066; 10449318840,577888; 17618174842,067825; 1,588207128514453E+23; 1,5882071285144597E+23; 1,5882071285144695E+23; 1,58820712851448E+23; 1,5882071285144873E+23; 
88,96000000000049; 14486,989683862897; 545,0013517136163; 8733,838733306555; 471,8228230591502; 4,395843689053436E-09; 545,0013517131893; 8733,83873331186; 14486,989683862666; 2,5141143727957126E+17; 2,514114372795719E+17; 2,5141143727957296E+17; 2,5141143727957402E+17; 2,5141143727957434E+17; 
88,9700000000005; 0,001982041591744536; 0,00014602997009535379; 0,0016495856727064375; 0,0002943463315138561; 2,5745481674732994E-15; 0,00014602997009580945; 0,0016495856727111416; 0,001982041591750367; 165197795,57097948; 165197795,57063964; 165197795,5708077; 165197795,57094833; 165197795,5706085; 
88,9800000000005; 0,002496516457950251; 0,00015962013281360237; 0,001979876255517216; 0,00029322128000100077; 2,936739461095912E-15; 0,00015962013281383683; 0,001979876255521506; 0,0024965164579540504; 45801778194,6524; 45801778194,65263; 45801778194,65248; 45801778194,6528; 45801778194,652695; 
88,9900000000005; 0,0019861327519192142; 0,00014678128333451467; 0,0016465362202659946; 0,00029325405050795617; 2,5670569919577604E-15; 0,00014678128333496876; 0,00164653622027067; 0,0019861327519250364; 13285267736,779333; 13285267736,779348; 13285267736,77939; 13285267736,779358; 13285267736,779375; 
89,00000000000051; 6097347,309592692; 225799,1224337169; 3670930,0945975655; 190753,28488051315; 3,318036760902032E-07; 225799,12243381477; 3670930,0945969517; 6097347,3095925655; 7,627088202171934E+19; 7,627088202171952E+19; 7,627088202171985E+19; 7,62708820217202E+19; 7,627088202172044E+19; 
89,01000000000052; 0,07326212427108968; 0,0024369932725327916; 0,04217201946091183; 0,001940089024277971; 6,909013292033528E-14; 0,002436993272535595; 0,04217201946086333; 0,0732621242711818; 2613205802575,888; 2613205802575,886; 2613205802575,9014; 2613205802575,8994; 2613205802575,8984; 
89,02000000000052; 0,001983299346961834; 0,0001462482873562888; 0,0016489304995639276; 0,00029407615250789867; 2,5786248911399103E-15; 0,00014624828735674444; 0,0016489304995686265; 0,0019832993469676664; 165050466,16530183; 165050466,16496193; 165050466,16513002; 165050466,16527066; 165050466,16493073; 
89,03000000000053; 0,0019827160070913616; 0,00014613489242576167; 0,0016494398949170555; 0,000294254744577475; 2,551161325583354E-15; 0,00014613489242622094; 0,0016494398949217308; 0,001982716007097203; 165151825,96823266; 165151825,96789294; 165151825,96806115; 165151825,96820197; 165151825,9678621; 
89,04000000000053; 0,0019831726601230695; 0,00014621693215129678; 0,001649146940470794; 0,0002941432771292661; 2,628142794164831E-15; 0,00014621693215173794; 0,0016491469404755013; 0,001983172660128783; 165081809,97767615; 165081809,97733635; 165081809,97750446; 165081809,97764495; 165081809,97730505; 
89,05000000000054; 0,001984153515684413; 0,0001463985320570405; 0,001648451985310495; 0,00029388493030445094; 2,5850817893824247E-15; 0,00014639853205749423; 0,0016484519853151916; 0,00198415351569023; 164941896,15856242; 164941896,15822253; 164941896,1583905; 164941896,158531; 164941896,1581911; 
89,06000000000054; 0,0019830734355688415; 0,0001461869923810115; 0,0016493601421085314; 0,00029420879757295415; 2,6155494437267925E-15; 0,0001461869923814551; 0,0016493601421132436; 0,001983073435574568; 165102784,15502024; 165102784,15468046; 165102784,1548487; 165102784,15498924; 165102784,15464938; 
89,07000000000055; 146638502,1378142; 5464474,700090121; 87756064,51477331; 4626781,0447899625; 1,0879593901336193E-05; 5464474,700090769; 87756064,51476215; 146638502,13781676; 1,5931537129755296E+21; 1,5931537129755357E+21; 1,593153712975545E+21; 1,5931537129755524E+21; 1,5931537129755587E+21; 
89,08000000000055; 0,0019850407636033615; 0,00014654856083553945; 0,0016479549367932169; 0,000293693506130091; 2,608599107847062E-15; 0,00014654856083598692; 0,001647954936797935; 0,001985040763609148; 164769967,6810269; 164769967,68068698; 164769967,68085495; 164769967,6809954; 164769967,68065554; 
89,09000000000056; 1496,8555474330647; 54,01522231307853; 926,6316708844182; 47,30698149640948; 3,729265785068492E-10; 54,015222313118; 926,631670884816; 1496,8555474324078; 29295719804065460; 29295719804065540; 29295719804065624; 29295719804065708; 29295719804065756; 
89,10000000000056; 46191380422792,87; 1877917576617,9758; 27202597194804,29; 1575962532395,1562; 1,6910858154296875; 1877917576618,4683; 27202597194802,96; 46191380422788,54; 3,22489648138248E+26; 3,2248964813824966E+26; 3,2248964813825213E+26; 3,2248964813825454E+26; 3,2248964813825646E+26; 
89,11000000000057; 0,001983805732048538; 0,00014630715504145798; 0,001649093207829229; 0,00029408202794123074; 2,5840102505179368E-15; 0,00014630715504191052; 0,0016490932078339316; 0,001983805732054347; 165026596,31677443; 165026596,3164345; 165026596,31660253; 165026596,31674305; 165026596,31640312; 
89,12000000000057; 177968020,5867827; 6755687,444346415; 106658856,48014638; 5749323,488777365; 1,3210694305598736E-05; 6755687,444345374; 106658856,48014954; 177968020,58677953; 1,9282782842808547E+21; 1,9282782842808608E+21; 1,928278284280872E+21; 1,9282782842808815E+21; 1,9282782842808875E+21; 
89,13000000000058; 17,750002916298733; 0,6087491619059735; 9,970447495188294; 0,5130902884458302; 6,84674539286334E-12; 0,6087491619070078; 9,970447495183045; 17,750002916296026; 455300586778754,3; 455300586778755,7; 455300586778757; 455300586778758,06; 455300586778759; 
89,14000000000058; 0,001986258345844644; 0,00014674991164827513; 0,0016473727288938572; 0,0002934559783085101; 2,567905941482494E-15; 0,0001467499116487299; 0,001647372728898541; 0,0019862583458504614; 164551488,22041628; 164551488,2200763; 164551488,2202442; 164551488,22038472; 164551488,22004467; 
89,15000000000059; 0,001984587052146939; 0,00014644194677744833; 0,0016487192468191106; 0,00029392202242980856; 2,5728315311285966E-15; 0,00014644194677790526; 0,0016487192468238065; 0,001984587052152779; 164950623,68655562; 164950623,68621567; 164950623,6863836; 164950623,68652418; 164950623,68618423; 
89,1600000000006; 0,0019861182920410366; 0,00014671927986823808; 0,0016475922026364482; 0,0002935212442666708; 2,5764921680578424E-15; 0,00014671927986869188; 0,0016475922026411344; 0,0019861182920468514; 164609775,83837315; 164609775,8380331; 164609775,83820105; 164609775,83834147; 164609775,83800143; 
89,1700000000006; 0,0019866084981276636; 0,00014680216333660145; 0,001647280093103563; 0,0002934086808347458; 2,5573230088555125E-15; 0,0001468021633370595; 0,0016472800931082356; 0,0019866084981335097; 327948014,46832263; 327948014,4680455; 327948014,46818405; 327948014,4682944; 327948014,46802235; 
89,1800000000006; 0,0019844136772872965; 0,00014639641920924338; 0,0016490305157212302; 0,00029402019780038835; 2,555327096483677E-15; 0,000146396419209705; 0,0016490305157259293; 0,0019844136772931816; 164976888,3742706; 164976888,3739306; 164976888,3740986; 164976888,37423912; 164976888,3738991; 
89,19000000000061; 0,0019838437372070657; 0,00014628280842056166; 0,0016495370421931628; 0,00029419759815006274; 2,5525846866962372E-15; 0,00014628280842102052; 0,001649537042197831; 0,0019838437372128965; 165075009,2480134; 165075009,24767345; 165075009,24784148; 165075009,24798205; 165075009,247642; 
89,20000000000061; 244141,47342054086; 8858,100320756024; 148283,7412751409; 7269,777386161723; 3,517243385431357E-08; 8858,100320752552; 148283,74127518118; 244141,47342051438; 3,6139228895274143E+18; 3,6139228895274235E+18; 3,6139228895274394E+18; 3,6139228895274557E+18; 3,613922889527464E+18; 
89,21000000000062; 0,0019863521347352475; 0,0001467415336094788; 0,0016477090094070756; 0,0002935378892772629; 2,576436452066913E-15; 0,0001467415336099347; 0,0016477090094117867; 0,001986352134741108; 164587718,02617222; 164587718,0258321; 164587718,0259999; 164587718,02614018; 164587718,02580014; 
89,22000000000062; 116,72427616091773; 4,218710262994254; 72,22446462035123; 3,6924911037474177; 2,4098500972513648E-11; 4,2187102629949536; 72,22446462033746; 116,7242761609289; 2662486931579798; 2662486931579800,5; 2662486931579809; 2662486931579816; 2662486931579820,5; 
89,23000000000063; 41,332402255196115; 1,4938521149523911; 24,262226802216325; 1,2691740930480302; 2,0805246414568046E-11; 1,4938521149536896; 24,262226802215977; 41,33240225519404; 1015190552009742,2; 1015190552009743,9; 1015190552009745,4; 1015190552009747,1; 1015190552009749,8; 
89,24000000000063; 5251,728264162108; 179,8452524685253; 3011,965593818152; 154,5870233939732; 7,129230539248965E-10; 179,84525246847284; 3011,965593818678; 5251,728264162259; 93107177270632980; 93107177270633020; 93107177270633410; 93107177270633660; 93107177270633900; 
89,25000000000064; 346307,5040871795; 12531,476593117583; 207616,29746028193; 10371,947112207756; 6,227833182492759E-08; 12531,476593131007; 207616,2974603208; 346307,50408708805; 4,933550318476765E+18; 4,933550318476776E+18; 4,933550318476802E+18; 4,933550318476812E+18; 4,933550318476828E+18; 
89,26000000000064; 0,0019860245327120536; 0,0001466658066883091; 0,0016482400577344427; 0,0002936989382545561; 2,574510989427078E-15; 0,00014666580668876232; 0,0016482400577391269; 0,001986024532717846; 164708893,8823643; 164708893,88202426; 164708893,88219228; 164708893,88233277; 164708893,88199267; 
89,27000000000065; 0,001986477272970433; 0,0001467478128115479; 0,0016479435351635673; 0,0002935862153040054; 2,5758924865155695E-15; 0,00014674781281200154; 0,0016479435351682583; 0,0019864772729762383; 164643007,21949965; 164643007,2191596; 164643007,2193276; 164643007,21946803; 164643007,21912798; 
89,28000000000065; 0,0019843176696715415; 0,00014634151393408542; 0,0016496747288820334; 0,00029419798367402424; 2,58670205256832E-15; 0,0001463415139345373; 0,0016496747288867245; 0,0019843176696773238; 165066988,75831854; 165066988,75797844; 165066988,75814652; 165066988,75828707; 165066988,757947; 
89,29000000000066; 9878,527171702313; 359,59621749834264; 5877,174990092462; 308,47885940305724; 1,8390409195490065E-09; 359,5962174984691; 5877,17499009202; 9878,527171701007; 1,7100343467525203E+17; 1,7100343467525242E+17; 1,7100343467525286E+17; 1,7100343467525328E+17; 1,7100343467525373E+17; 
89,30000000000067; 48404292,47365926; 1834508,7222543918; 28869753,940030903; 1562394,7779460119; 3,931490937247872E-06; 1834508,722253733; 28869753,94002766; 48404292,47366291; 5,5139709933521994E+20; 5,513970993352219E+20; 5,513970993352241E+20; 5,5139709933522695E+20; 5,513970993352283E+20; 
89,31000000000067; 0,0022960323982101657; 0,00014688146234390523; 0,0017376274151743242; 0,0002934266325540727; 2,8044989833046763E-15; 0,0001468814623443598; 0,0017376274151778095; 0,0022960323982148412; 31515982798,03125; 31515982798,031456; 31515982798,031387; 31515982798,031494; 31515982798,03138; 
89,32000000000068; 355,6342383230365; 12,139306010498302; 215,0190620787893; 10,035871407873994; 7,908762533759273E-11; 12,139306010494511; 215,01906207880336; 355,63423832303226; 7565668395637179; 7565668395637187; 7565668395637201; 7565668395637222; 7565668395637239; 
89,33000000000068; 0,001985557161734242; 0,0001465585133760146; 0,00164898236345108; 0,0002939231189505676; 2,562317859575075E-15; 0,00014655851337647312; 0,0016489823634557668; 0,0019855571617400894; 164893721,42425472; 164893721,4239146; 164893721,42408252; 164893721,424223; 164893721,4238829; 
89,34000000000069; 0,001984450218672475; 0,00014634681378827464; 0,00164989462453027; 0,0002942459474104333; 2,5656265472837015E-15; 0,00014634681378873158; 0,001649894624534959; 0,0019844502186783038; 165093545,10316497; 165093545,10282493; 165093545,1029931; 165093545,10313374; 165093545,1027937; 
89,35000000000069; 0,0019864995896228727; 0,0001467240640485151; 0,0016483668848562417; 0,0002936974558162162; 2,563075005286705E-15; 0,00014672406404897564; 0,0016483668848609446; 0,001986499589628766; 164692104,17251378; 164692104,17217368; 164692104,17234161; 164692104,17248207; 164692104,17214194; 
89,3600000000007; 0,001986422435173981; 0,0001467074485535964; 0,0016484698680615082; 0,0002937303616251315; 2,5681474418254125E-15; 0,00014670744855405446; 0,0016484698680662134; 0,001986422435179837; 164712900,29018405; 164712900,2898439; 164712900,29001197; 164712900,29015243; 164712900,28981233; 
89,3700000000007; 127781,2370063218; 4710,965864261827; 76223,99351898994; 4112,527700935811; 3,877255494444398E-08; 4710,96586425936; 76223,99351898603; 127781,23700634443; 1,9241471696936963E+18; 1,9241471696936988E+18; 1,9241471696937065E+18; 1,9241471696937147E+18; 1,9241471696937196E+18; 
89,3800000000007; 0,001982149076964193; 0,00014589230023131914; 0,0016518835896361637; 0,00029495521204435794; 2,5625302791427884E-15; 0,00014589230023177697; 0,001651883589640856; 0,001982149076970027; 165416054,64754578; 165416054,6472058; 165416054,64737403; 165416054,6475148; 165416054,64717472; 
89,39000000000071; 0,001985150789800516; 0,00014646617449474425; 0,0016496085703444554; 0,000294115034847734; 2,580655612926283E-15; 0,00014646617449520132; 0,0016496085703491751; 0,0019851507898063793; 165040981,18058416; 165040981,1802441; 165040981,18041226; 165040981,18055293; 165040981,18021277; 
89,40000000000072; 0,0019872327043056835; 0,00014684200295833; 0,0016480543517311554; 0,00029356710358054844; 2,5877919420211072E-15; 0,00014684200295878315; 0,0016480543517358606; 0,0019872327043115013; 184702933,76077282; 184702933,7604836; 184702933,7606275; 184702933,76074794; 184702933,76045716; 
89,41000000000072; 0,004136888591635444; 0,000210829861667204; 0,003006116151377845; 0,0003612319439861351; 4,239230494418322E-15; 0,00021082986166808437; 0,0030061161513835082; 0,004136888591642694; 170675803909,82773; 170675803909,8279; 170675803909,82812; 170675803909,82837; 170675803909,82852; 
89,42000000000073; 0,0019839446724139696; 0,00014622429302852587; 0,0016507007999058642; 0,0002944999238338217; 2,5416618167519015E-15; 0,00014622429302899194; 0,0016507007999105702; 0,0019839446724198933; 165222785,46723232; 165222785,4668922; 165222785,46706033; 165222785,46720108; 165222785,46686098; 
89,43000000000073; 0,0019870177126514454; 0,0001467954098262876; 0,0016483672093818875; 0,0002936631529713506; 2,5633837210854288E-15; 0,0001467954098267488; 0,0016483672093865953; 0,0019870177126573513; 164632819,81883952; 164632819,8184993; 164632819,81866738; 164632819,81880796; 164632819,81846783; 
89,44000000000074; 0,0019843179327378624; 0,0001462910109306098; 0,0016505021672648837; 0,0002944189661293653; 2,5663400066920504E-15; 0,000146291010931067; 0,001650502167269555; 0,0019843179327436906; 165177084,10580674; 165177084,10546663; 165177084,1056348; 165177084,10577554; 165177084,1054354; 
89,45000000000074; 0,0019874241561985153; 0,0001468630656658388; 0,0016481542682092619; 0,0002935810947763552; 2,5953740432975296E-15; 0,00014686306566628917; 0,0016481542682139695; 0,0019874241562043006; 180262027,54167706; 180262027,54138985; 180262027,541533; 180262027,54165015; 180262027,54136387; 
89,46000000000075; 4427,912929903341; 162,21865335932608; 2619,3817204937577; 135,1219946576637; 4,454250301932916E-10; 162,21865335942678; 2619,381720494998; 4427,912929901726; 80488192663875420; 80488192663875490; 80488192663875790; 80488192663876080; 80488192663876210; 
89,47000000000075; 0,0024653501712220047; 0,00015137745263563173; 0,001831686713959426; 0,00029349946127321365; 3,0269366115172336E-15; 0,00015137745263604774; 0,0018316867139618383; 0,0024653501712293925; 36228342963,87452; 36228342963,87455; 36228342963,8745; 36228342963,87452; 36228342963,87462; 
89,48000000000076; 0,001986667223037244; 0,00014671902665787433; 0,0016488779133679626; 0,00029382074524140285; 2,554057580624971E-15; 0,00014671902665833614; 0,001648877913372667; 0,001986667223043136; 164755573,73297086; 164755573,73263067; 164755573,73279878; 164755573,7329394; 164755573,73259923; 
89,49000000000076; 0,0019866018524018706; 0,00014670308478383442; 0,0016489835526590053; 0,00029385265973439536; 2,5534863545093603E-15; 0,00014670308478429545; 0,0016489835526636977; 0,0019866018524077526; 164787022,43514013; 164787022,43479997; 164787022,434968; 164787022,43510854; 164787022,43476838; 
89,50000000000077; 0,0019876167371969287; 0,00014688384379521905; 0,0016482443387090383; 0,0002935940240546831; 2,571542772980891E-15; 0,00014688384379568022; 0,0016482443387137522; 0,001987616737202831; 307152999,99171543; 307152999,99142134; 307152999,9915682; 307152999,9916892; 307152999,99139637; 
89,51000000000077; 115118296,89521225; 4280290,755749478; 68518931,23872921; 3591788,905038048; 1,1583848390728235E-05; 4280290,755751272; 68518931,23872861; 115118296,89519997; 1,2825750886795683E+21; 1,2825750886795727E+21; 1,2825750886795782E+21; 1,2825750886795837E+21; 1,2825750886795877E+21; 
89,52000000000078; 2959391389,787421; 113439316,70407131; 1763801964,7654748; 94754485,49919057; 0,0002188337966799736; 113439316,70405686; 1763801964,7657132; 2959391389,787346; 2,8690900774289744E+22; 2,8690900774289853E+22; 2,869090077429002E+22; 2,8690900774290167E+22; 2,8690900774290276E+22; 
89,53000000000078; 192849,17830701714; 7114,578470136541; 116474,02889022193; 5808,53486806768; 4,05945002057706E-08; 7114,578470137863; 116474,02889016116; 192849,17830704694; 2,838838970521749E+18; 2,8388389705217567E+18; 2,838838970521768E+18; 2,8388389705217787E+18; 2,8388389705217843E+18; 
89,54000000000079; 76355,37172536863; 2890,6609330359192; 45921,80117793208; 2413,875301855467; 1,4903946521371836E-08; 2890,66093303742; 45921,80117794467; 76355,37172534363; 1,2137217064158574E+18; 1,213721706415861E+18; 1,2137217064158648E+18; 1,2137217064158687E+18; 1,2137217064158705E+18; 
89,5500000000008; 101,223015997467; 3,530713525390954; 58,41002466225708; 2,934302747832187; 4,214617543851773E-11; 3,530713525388613; 58,41002466221811; 101,22301599753229; 2317295645422478,5; 2317295645422480,5; 2317295645422483,5; 2317295645422488,5; 2317295645422493; 
89,5600000000008; 0,0019877177825937875; 0,00014688928799379196; 0,0016484463312248575; 0,0002936370653358216; 2,5492953384703323E-15; 0,00014688928799425335; 0,0016484463312295475; 0,001987717782599663; 174101949,05688286; 174101949,05660152; 174101949,0567414; 174101949,056857; 174101949,05657604; 
89,5700000000008; 0,0019855232919211855; 0,00014648197027849818; 0,0016501882825383633; 0,0002942476733231865; 2,540204157008509E-15; 0,0001464819702789627; 0,0016501882825430455; 0,0019855232919270696; 165068860,24455413; 165068860,2442139; 165068860,24438205; 165068860,24452284; 165068860,24418268; 
89,58000000000081; 0,0019859829669646575; 0,0001465649149751653; 0,0016498715434274374; 0,0002941329335402497; 2,570013932277837E-15; 0,0001465649149756236; 0,0016498715434321463; 0,00198598296697051; 164975100,3561827; 164975100,35584253; 164975100,35601065; 164975100,35615134; 164975100,35581118; 
89,59000000000081; 0,001986959364175898; 0,00014674496911287608; 0,0016491596676339948; 0,00029387556721805977; 2,5800874684720444E-15; 0,00014674496911332928; 0,0016491596676386925; 0,0019869593641816947; 164778390,91038638; 164778390,91004616; 164778390,91021422; 164778390,91035467; 164778390,91001442; 
89,60000000000082; 0,00198689864763398; 0,0001467302908513421; 0,0016492576272184839; 0,0002939055015570258; 2,5771667326066085E-15; 0,00014673029085179678; 0,001649257627223173; 0,001986898647639782; 164806571,07822213; 164806571,07788202; 164806571,07805026; 164806571,07819092; 164806571,07785067; 
89,61000000000082; 0,0019857748424853008; 0,00014651838278669348; 0,0016501620390881435; 0,0002942266548691713; 2,563328282613595E-15; 0,00014651838278714944; 0,0016501620390928194; 0,0019857748424911147; 165024396,6388874; 165024396,63854718; 165024396,6387153; 165024396,63885584; 165024396,63851565; 
89,62000000000083; 0,01564689075573572; 0,0005537422809953718; 0,008567812211889035; 0,000602275843594281; 1,622030146915948E-14; 0,0005537422809972738; 0,008567812211892699; 0,01564689075575524; 671698264301,0813; 671698264301,0839; 671698264301,0835; 671698264301,0845; 671698264301,0853; 
89,63000000000083; 0,003020977278271928; 0,0001756184914343263; 0,002178331335517279; 0,00030731054534455915; 3,3788788011013954E-15; 0,0001756184914343457; 0,002178331335521749; 0,0030209772782745143; 87111055380,47061; 87111055380,47078; 87111055380,47086; 87111055380,47092; 87111055380,47108; 
89,64000000000084; 0,0019882136632764598; 0,00014696091782217128; 0,0016484095005777188; 0,000293595941616639; 2,5670392452113084E-15; 0,00014696091782262906; 0,0016484095005824284; 0,0019882136632823157; 11013910596,057854; 11013910596,057869; 11013910596,057798; 11013910596,057837; 11013910596,05782; 
89,65000000000084; 0,43034216735573483; 0,01761524473646972; 0,24606147286144964; 0,01423732723050844; 4,666024511212896E-13; 0,017615244736446906; 0,24606147286194197; 0,43034216735694764; 16118680062225,008; 16118680062225,053; 16118680062225,074; 16118680062225,021; 16118680062225,104; 
89,66000000000085; 30591,63069594627; 1103,073876489087; 18482,301625271426; 948,2690421800294; 6,3112963744060835E-09; 1103,073876487666; 18482,301625267628; 30591,630695960503; 5,098952643755121E+17; 5,098952643755135E+17; 5,09895264375515E+17; 5,098952643755165E+17; 5,098952643755181E+17; 
89,67000000000085; 0,0019880119019372753; 0,0001469146335540603; 0,0016486992883353174; 0,000293688881536582; 2,556665874243024E-15; 0,00014691463355452028; 0,0016486992883400105; 0,0019880119019431387; 198920682,1771767; 198920682,17689997; 198920682,17703867; 198920682,17715245; 198920682,1768744; 
89,68000000000086; 0,001986311208116263; 0,00014660562484974842; 0,0016500386996011387; 0,0002941538245406501; 2,555475666807088E-15; 0,0001466056248502103; 0,0016500386996058612; 0,0019863112081221572; 164984917,85116732; 164984917,85082707; 164984917,85099524; 164984917,85113594; 164984917,8507957; 
89,69000000000086; 0,001987854091453052; 0,000146884011995596; 0,0016488948938104808; 0,00029374984604779193; 2,5642750470729435E-15; 0,00014688401199605504; 0,0016488948938151978; 0,0019878540914589193; 164624390,2964117; 164624390,29607135; 164624390,29623944; 164624390,29637998; 164624390,29603967; 
89,70000000000087; 0,0019883251432806013; 0,0001469651118613069; 0,001648575055168007; 0,0002936369932220142; 2,560104531878217E-15; 0,00014696511186176612; 0,0016485750551727106; 0,001988325143286472; 14178411521,960554; 14178411521,960602; 14178411521,960539; 14178411521,960552; 14178411521,96056; 
89,71000000000087; 0,001988242589254035; 0,00014694990782980328; 0,0016486786736453361; 0,00029366756241955023; 2,570799387832341E-15; 0,00014694990783025946; 0,001648678673650037; 0,0019882425892598825; 780021639,3462844; 780021639,3460876; 780021639,3461843; 780021639,3462682; 780021639,3460565; 
89,72000000000088; 0,001982459098460828; 0,00014585598245227182; 0,0016531680029168302; 0,0002952933783160767; 2,557167912904249E-15; 0,00014585598245273393; 0,0016531680029215467; 0,0019824590984667094; 165480212,9485648; 165480212,94822463; 165480212,94839317; 165480212,94853413; 165480212,9481939; 
89,73000000000089; 6745,961891959615; 253,33401222528158; 4085,924314297174; 217,3592312707521; 2,104997065544012E-09; 253,334012225383; 4085,9243142972055; 6745,961891958993; 1,2295542822594629E+17; 1,2295542822594659E+17; 1,2295542822594694E+17; 1,2295542822594722E+17; 1,2295542822594747E+17; 
89,74000000000089; 0,0019874704712404814; 0,00014680556156316157; 0,0016493853304668142; 0,00029390489535749366; 2,557012454234287E-15; 0,00014680556156362342; 0,001649385330471531; 0,0019874704712463777; 164752996,20686832; 164752996,20652807; 164752996,2066962; 164752996,20683673; 164752996,20649642; 
89,7500000000009; 960,2056224217381; 33,986722251704194; 562,597024803526; 28,909006456453127; 1,4708678719443924E-10; 33,986722251693536; 562,5970248033847; 960,2056224219433; 19070077446914068; 19070077446914120; 19070077446914180; 19070077446914248; 19070077446914256; 
89,7600000000009; 365,7742077050017; 12,08578990905552; 215,5833294528245; 10,18439475621393; 1,290976214818329E-10; 12,085789909057043; 215,5833294526196; 365,7742077051865; 7675426501842123; 7675426501842141; 7675426501842156; 7675426501842182; 7675426501842192; 
89,7700000000009; 0,12382116978526196; 0,004584388911449303; 0,06817674053295446; 0,00423307417270736; 1,0344405453749372E-13; 0,004584388911438137; 0,0681767405330363; 0,12382116978508403; 4619630418317,045; 4619630418317,051; 4619630418317,057; 4619630418317,06; 4619630418317,07; 
89,78000000000091; 0,001985587526584339; 0,0001464493545389536; 0,0016509846326006508; 0,00029446108718981026; 2,556217996059586E-15; 0,0001464493545394134; 0,0016509846326053343; 0,0019855875265901877; 165172455,60882977; 165172455,60848954; 165172455,60865787; 165172455,60879856; 165172455,60845825; 
89,79000000000092; 0,001985529799141805; 0,000146433945756462; 0,0016510734594410849; 0,00029449140125482193; 2,5376019994162403E-15; 0,00014643394575692746; 0,0016510734594457695; 0,0019855297991477083; 165173590,36849597; 165173590,36815566; 165173590,3683239; 165173590,3684646; 165173590,36812428; 
89,80000000000092; 0,001988091421804437; 0,00014690795133693763; 0,0016491404482321934; 0,00029379811443851445; 2,5624423138613174E-15; 0,00014690795133739536; 0,0016491404482368941; 0,0019880914218102855; 164663882,03812477; 164663882,0377845; 164663882,03795245; 164663882,0380929; 164663882,0377525; 
89,81000000000093; 0,0019864191143430313; 0,00014659860157707077; 0,0016504549630852285; 0,0002942626927884164; 2,550464554130273E-15; 0,00014659860157753175; 0,0016504549630899305; 0,0019864191143488964; 165027326,53471968; 165027326,5343794; 165027326,5345477; 165027326,53468835; 165027326,53434807; 
89,82000000000093; 0,23703171114496366; 0,009413379743138179; 0,133724350231093; 0,00747191874957686; 2,100325122156299E-13; 0,009413379743145186; 0,13372435023079277; 0,23703171114517319; 8912171192888,436; 8912171192888,447; 8912171192888,479; 8912171192888,479; 8912171192888,49; 
89,83000000000094; 0,001988410982328927; 0,0001469589963411624; 0,0016490046624966764; 0,0002937443105056998; 2,56662709750802E-15; 0,00014695899634161998; 0,0016490046625013811; 0,001988410982334788; 342847371,2989676; 342847371,29867625; 342847371,2988207; 342847371,2989429; 342847371,2986465; 
89,84000000000094; 1261768,3761349155; 46916,71837158834; 760759,0519391118; 40412,85093860878; 2,591377779026516E-07; 46916,71837159974; 760759,0519387684; 1261768,3761350797; 1,730682999865313E+19; 1,7306829998653182E+19; 1,7306829998653252E+19; 1,7306829998653334E+19; 1,730682999865338E+19; 
89,85000000000095; 0,0019876986595841473; 0,00014682968537955957; 0,0016496194613105492; 0,0002939503822697625; 2,5525867356226145E-15; 0,00014682968538002065; 0,0016496194613152449; 0,0019876986595900323; 164805005,24343547; 164805005,24309507; 164805005,24326319; 164805005,24340367; 164805005,24306333; 
89,86000000000095; 28028049,143963434; 1032040,622353255; 16695831,294885522; 868143,14874155; 1,7809361452236772E-06; 1032040,6223535864; 16695831,294889266; 28028049,14395778; 3,334352432335951E+20; 3,3343524323359595E+20; 3,3343524323359746E+20; 3,3343524323359916E+20; 3,334352432336001E+20; 
89,87000000000096; 105301,22805690057; 3757,59365442754; 62066,78525114281; 3168,9600103064095; 9,674636203271803E-09; 3757,5936544269825; 62066,785251135494; 105301,22805690637; 1,60903597298274E+18; 1,609035972982745E+18; 1,6090359729827502E+18; 1,6090359729827566E+18; 1,6090359729827587E+18; 
89,88000000000096; 379923408,6189584; 14369254,884349637; 228261753,1433001; 12128076,580622459; 3,869726788252592E-05; 14369254,884353375; 228261753,14332435; 379923408,6189249; 3,9885231048149885E+21; 3,988523104815002E+21; 3,988523104815023E+21; 3,9885231048150436E+21; 3,988523104815057E+21; 
89,89000000000097; 15403,336503511278; 530,0126030792414; 9231,46588929452; 463,4325962462634; 1,4491092770185787E-09; 530,0126030794399; 9231,4658892947; 15403,336503509016; 2,5969116426738464E+17; 2,59691164267385E+17; 2,5969116426738595E+17; 2,59691164267387E+17; 2,5969116426738726E+17; 
89,90000000000097; 0,008153499598073335; 0,00033704742874140657; 0,005858113451427241; 0,0005107827067311081; 1,694457562543411E-14; 0,0003370474287397833; 0,005858113451428031; 0,008153499598079053; 360829553384,0403; 360829553384,0414; 360829553384,04266; 360829553384,0422; 360829553384,04407; 
89,91000000000098; 0,0019861913880078294; 0,0001465401331455685; 0,001650975157788544; 0,0002944206894198785; 2,5666913235330915E-15; 0,00014654013314602452; 0,0016509751577932406; 0,0019861913880136577; 165128011,0733675; 165128011,0730272; 165128011,07319546; 165128011,07333624; 165128011,07299575; 
89,92000000000098; 0,001988254905269068; 0,00014691563888082643; 0,0016494350024812215; 0,0002938721496795301; 2,5214208589503714E-15; 0,00014691563888129792; 0,0016494350024859245; 0,0019882549052750473; 164677659,0354504; 164677659,03510997; 164677659,03527808; 164677659,0354187; 164677659,03507832; 
89,93000000000099; 0,0019844929866835214; 0,0001462146051047526; 0,001652345075842531; 0,0002949159052168004; 2,5503642795741065E-15; 0,00014621460510521946; 0,0016523450758472392; 0,0019844929866894515; 165386377,39826712; 165386377,39792678; 165386377,39809528; 165386377,39823627; 165386377,397896; 
89,94000000000099; 0,001986489869947874; 0,00014659058811791864; 0,0016508518739418055; 0,0002943664586791794; 2,5534409402257796E-15; 0,00014659058811838273; 0,0016508518739465166; 0,001986489869953784; 165097012,77385548; 165097012,77351516; 165097012,7736834; 165097012,77382407; 165097012,7734838; 
89,950000000001; 348207182107,7564; 13694765815,947308; 205616171755,14075; 11444909489,307835; 0,015777766704559326; 13694765815,949018; 205616171755,1386; 348207182107,72296; 2,8760103893711664E+24; 2,87601038937118E+24; 2,876010389371199E+24; 2,876010389371215E+24; 2,8760103893712286E+24; 
89,960000000001; 0,0019879302760899956; 0,0001468537659186436; 0,0016498065572582536; 0,00029399112787467923; 2,538747446041279E-15; 0,00014685376591911075; 0,0016498065572629486; 0,0019879302760959254; 164797452,82678467; 164797452,8264443; 164797452,8266124; 164797452,8267531; 164797452,82641274; 
89,97000000000101; 0,001988392805346991; 0,00014693571937303434; 0,0016494840544550983; 0,0002938767953385582; 2,579022433728713E-15; 0,00014693571937349285; 0,0016494840544598007; 0,001988392805352847; 164679854,0266348; 164679854,02629438; 164679854,0264625; 164679854,0266031; 164679854,02626264; 
89,98000000000101; 1013693826,6218559; 38135968,341015935; 603573157,9970928; 32435190,965537407; 0,00013280659914016724; 38135968,3409985; 603573157,9972088; 1013693826,6218568; 1,0387056846852982E+22; 1,0387056846853015E+22; 1,0387056846853072E+22; 1,0387056846853135E+22; 1,038705684685317E+22; 
89,99000000000102; 0,001988225730676788; 0,0001469047640551707; 0,0016496660007964663; 0,0002939360313310846; 2,5714253592424325E-15; 0,0001469047640556319; 0,001649666000801165; 0,001988225730682664; 164736971,36806887; 164736971,3677285; 164736971,3678966; 164736971,36803725; 164736971,36769685; 
