10; 117,29418352936675; 5,325134622042992; 80,8679173642724; 7,841355747760445; 24,02763628171397; 8,284853716129078; 1,2126524078622816; 8,076808615503078; 5,035822911668606; 7,880027767484714; 2,5962128238727455; 7,807470686615354; 0,5534296093274707; 7,800625471178019; 0,08990076025586256; 7,804305884044137; 1,7616780430274037E-12; 7,8006254711779635; 0,08990076025873499; 7,80747068661526; 0,5534296093282267; 7,880027767484575; 2,596212823870973; 8,07680861550299; 5,035822911667605; 8,284853716128874; 1,2126524078633476; 7,841355747760347; 24,027636281711313; 5,32513462204293; 80,86791736427158; 117,29418352936531; 482162863203630,56; 482162863203628,7; 482162863203625,7; 482162863203624,6; 482162863203624,6; 482162863203624,9; 482162863203624,56; 482162863203623,8; 482162863203622,94; 482162863203621,44; 482162863203620,06; 482162863203618,9; 482162863203617,75; 482162863203616,5; 482162863203614,6; 482162863203612; 482162863203610,44; 
11; 148,57666999478195; 6,72576768206819; 100,43530177193686; 9,761473113316967; 27,158777389351716; 10,202144491056316; 2,905399680063288; 9,91605505996965; 6,127255727940794; 9,692394503659287; 2,6890513500252324; 9,624895638564775; 0,358321639811387; 9,626615203123434; 0,21293952617397185; 9,633354370177754; 2,6436830155573965E-12; 9,626615203123324; 0,21293952617597933; 9,624895638564668; 0,3583216398110334; 9,69239450365917; 2,689051350025926; 9,9160550599697; 6,127255727938617; 10,20214449105592; 2,9053996800605537; 9,761473113316379; 27,158777389350288; 6,725767682067993; 100,43530177193257; 148,5766699947782; 689983977931055,4; 689983977931052,8; 689983977931049; 689983977931047,2; 689983977931046,1; 689983977931044,8; 689983977931043,6; 689983977931041,9; 689983977931040,1; 689983977931037,9; 689983977931036,2; 689983977931034; 689983977931033,2; 689983977931031,6; 689983977931029,4; 689983977931025,9; 689983977931023,5; 
12; 7623,782261934685; 346,0820551380622; 5252,712459745084; 509,3636818163684; 1555,8909470503343; 537,9683527868805; 81,43797031522698; 524,3996986294742; 326,885037034891; 511,66076075302846; 167,44826950015167; 507,00252597185704; 35,05580146076268; 506,58920408260684; 6,215223985127715; 506,8371653055043; 1,1289424950433613E-10; 506,5892040825983; 6,215223985261932; 507,00252597183953; 35,05580146056082; 511,66076075300043; 167,44826950012077; 524,3996986294502; 326,88503703479586; 537,9683527868565; 81,43797031524977; 509,3636818163456; 1555,8909470501394; 346,08205513805035; 5252,712459744788; 7623,782261934398; 31465365250864096; 31465365250863988; 31465365250863820; 31465365250863772; 31465365250863780; 31465365250863804; 31465365250863828; 31465365250863796; 31465365250863756; 31465365250863708; 31465365250863684; 31465365250863664; 31465365250863636; 31465365250863588; 31465365250863480; 31465365250863296; 31465365250863172; 
13; 6260,084530045214; 283,3108164030244; 4224,24390136952; 410,6489627595498; 1131,9941501635897; 428,7512975953902; 128,04789785431942; 416,56894080616564; 258,46060150842254; 407,167258524453; 112,67824511510001; 404,3360858192821; 15,244263723906007; 404,3901175702764; 8,530213994166255; 404,66111326835; 8,652140115472662E-11; 404,3901175702741; 8,530213994287134; 404,3360858192729; 15,244263723803979; 407,1672585244363; 112,67824511511279; 416,5689408061541; 258,46060150851105; 428,75129759537924; 128,04789785430685; 410,6489627595524; 1131,9941501634162; 283,3108164030184; 4224,243901369545; 6260,0845300451765; 29378417090335784; 29378417090335692; 29378417090335540; 29378417090335492; 29378417090335504; 29378417090335540; 29378417090335572; 29378417090335564; 29378417090335568; 29378417090335524; 29378417090335500; 29378417090335456; 29378417090335420; 29378417090335384; 29378417090335312; 29378417090335152; 29378417090335072; 
14; 9,70385764947522; 0,4354450647769398; 5,946734425364136; 0,5890987855629053; 0,8827588794543992; 0,5893541820621779; 0,41843691858520876; 0,5707720958412155; 0,2505419726618227; 0,564441543889463; 0,03249196706456606; 0,5646852127366837; 0,025045819341727976; 0,5656895929714933; 0,015540263026586142; 0,5660326830757263; 2,746652731644428E-13; 0,565689592971469; 0,015540263026655905; 0,5646852127366572; 0,025045819341802042; 0,5644415438894286; 0,032491967064475526; 0,5707720958411914; 0,25054197266151257; 0,5893541820620984; 0,4184369185853982; 0,5890987855628813; 0,8827588794540896; 0,4354450647769279; 5,946734425363626; 9,703857649475223; 79715343104476,94; 79715343104476,72; 79715343104476,47; 79715343104476,44; 79715343104476,45; 79715343104476,42; 79715343104476,36; 79715343104476,4; 79715343104476,36; 79715343104476,3; 79715343104476,2; 79715343104476,16; 79715343104476,08; 79715343104476; 79715343104475,88; 79715343104475,61; 79715343104475,44; 
15; 198,71888349849903; 8,925032263938308; 124,29312336105451; 12,249297741739078; 21,393085318271325; 12,346052234195405; 8,189876044001139; 11,944403072983057; 5,976241848865438; 11,776699877943486; 1,2309693894206568; 11,764643818167563; 0,3552348984718756; 11,782024434134506; 0,28906490276403274; 11,78903693084471; 5,867539093484808E-12; 11,782024434134778; 0,28906490277185093; 11,76464381816817; 0,35523489847717027; 11,776699877943924; 1,2309693894222753; 11,94440307298371; 5,976241848867153; 12,346052234195971; 8,189876044004901; 12,249297741740026; 21,39308531827502; 8,925032263938732; 124,29312336105765; 198,71888349851; 1453028514207289,2; 1453028514207285,2; 1453028514207280; 1453028514207278; 1453028514207279,2; 1453028514207280,8; 1453028514207282,8; 1453028514207283,5; 1453028514207284,5; 1453028514207285,2; 1453028514207286,2; 1453028514207286; 1453028514207285,8; 1453028514207284,2; 1453028514207282,2; 1453028514207277,2; 1453028514207273,8; 
16; 2,014424686897476; 0,09047559613700405; 1,1614627625118328; 0,11730052697411614; 0,09397482872589152; 0,1151576690798622; 0,0899531997669753; 0,11203997482689315; 0,030940329998103238; 0,11156069478897657; 0,005225362313654353; 0,11184278446347806; 0,006632190468846654; 0,11203468263705947; 0,003310639741417659; 0,11208622290265742; 9,445656062867513E-14; 0,11203468263705642; 0,003310639741328303; 0,11184278446347085; 0,006632190468839057; 0,11156069478896904; 0,005225362313611384; 0,1120399748268881; 0,030940329998076496; 0,11515766907985493; 0,08995319976701738; 0,11730052697410688; 0,0939748287258013; 0,09047559613700272; 1,1614627625117233; 2,014424686897511; 23204295299739,77; 23204295299739,723; 23204295299739,656; 23204295299739,61; 23204295299739,59; 23204295299739,574; 23204295299739,55; 23204295299739,5; 23204295299739,46; 23204295299739,414; 23204295299739,355; 23204295299739,285; 23204295299739,254; 23204295299739,24; 23204295299739,207; 23204295299739,164; 23204295299739,12; 
17; 1,37044894904717; 0,06168504084010535; 0,7705576943725644; 0,07858697589681916; 0,041563952903159423; 0,07663514187079444; 0,060788472438059224; 0,07470005090597481; 0,017419493563333124; 0,07450697123537973; 0,0063746860057308855; 0,07470306356686422; 0,006462228427680471; 0,07481457237034476; 0,003801412768171364; 0,07484243826028357; 7,239310062870374E-14; 0,07481457237034475; 0,0038014127681824696; 0,07470306356685949; 0,006462228427689148; 0,07450697123537414; 0,0063746860057485935; 0,07470005090596997; 0,017419493563366042; 0,07663514187079311; 0,06078847243806161; 0,07858697589681826; 0,04156395290307925; 0,06168504084010463; 0,7705576943725948; 1,370448949047234; 18089646964504,504; 18089646964504,47; 18089646964504,402; 18089646964504,4; 18089646964504,363; 18089646964504,36; 18089646964504,348; 18089646964504,3; 18089646964504,28; 18089646964504,25; 18089646964504,203; 18089646964504,18; 18089646964504,16; 18089646964504,164; 18089646964504,156; 18089646964504,117; 18089646964504,11; 
18; 178369,66128173418; 8024,241694744716; 114108,11273375711; 11191,294939373502; 22779,552150677213; 11387,978765343982; 6573,217529343703; 11022,55224337343; 5977,471639052597; 10842,105897134581; 1552,7407136341103; 10819,726074853661; 230,34624794479964; 10837,222547304738; 324,69138701195317; 10845,787277773343; 2,8891022907373554E-09; 10837,222547304886; 324,6913870115387; 10819,726074853861; 230,34624794281825; 10842,105897134441; 1552,7407136318573; 11022,552243373177; 5977,471639050263; 11387,97876534382; 6573,217529341477; 11191,294939373289; 22779,552150670945; 8024,241694744799; 114108,11273375324; 178369,6612817422; 1,1474992723942744E+18; 1,1474992723942706E+18; 1,147499272394266E+18; 1,1474992723942636E+18; 1,1474992723942636E+18; 1,1474992723942628E+18; 1,1474992723942618E+18; 1,1474992723942609E+18; 1,1474992723942596E+18; 1,1474992723942584E+18; 1,1474992723942588E+18; 1,1474992723942584E+18; 1,1474992723942588E+18; 1,1474992723942588E+18; 1,1474992723942572E+18; 1,147499272394253E+18; 1,1474992723942502E+18; 
19; 5,247739483850422; 0,23651716583301052; 2,91824810539411; 0,29902676155196545; 0,12370009417987828; 0,29084592955163197; 0,22983274619162933; 0,2838382701863733; 0,06166579231260498; 0,28342058018206; 0,01688472083165516; 0,2843270130985333; 0,015517713831118503; 0,28486986880237913; 0,007285981766146438; 0,2850295470349792; 2,15448102067195E-13; 0,28486986880236786; 0,007285981766190688; 0,2843270130985036; 0,015517713831198376; 0,28342058018204347; 0,016884720831697463; 0,28383827018636215; 0,0616657923127098; 0,2908459295516064; 0,2298327461915595; 0,29902676155195496; 0,12370009417966553; 0,23651716583299903; 2,9182481053941496; 5,247739483850341; 73505349170117,23; 73505349170117,06; 73505349170116,89; 73505349170116,8; 73505349170116,64; 73505349170116,56; 73505349170116,42; 73505349170116,23; 73505349170116,11; 73505349170115,95; 73505349170115,78; 73505349170115,64; 73505349170115,64; 73505349170115,64; 73505349170115,61; 73505349170115,45; 73505349170115,34; 
20; 147743,00677733187; 6632,746327414485; 91640,16020027801; 9049,816771691321; 14883,530762190696; 9093,456493735464; 6202,517034025012; 8802,262227920193; 4148,228923522727; 8691,609073927904; 696,2645526309841; 8690,518045601302; 325,2035168632672; 8706,317658189259; 236,53011657701063; 8712,199836248108; 2,4713422419608833E-09; 8706,317658189206; 236,5301165790487; 8690,518045601078; 325,2035168690363; 8691,60907392757; 696,2645526270844; 8802,262227920086; 4148,22892352009; 9093,45649373497; 6202,5170340289; 9049,816771691256; 14883,530762183207; 6632,746327414319; 91640,16020027734; 147743,00677732952; 1,133240322304181E+18; 1,1332403223041774E+18; 1,1332403223041718E+18; 1,1332403223041693E+18; 1,1332403223041683E+18; 1,1332403223041681E+18; 1,1332403223041669E+18; 1,1332403223041655E+18; 1,1332403223041649E+18; 1,1332403223041641E+18; 1,133240322304163E+18; 1,1332403223041619E+18; 1,133240322304162E+18; 1,1332403223041605E+18; 1,133240322304159E+18; 1,1332403223041556E+18; 1,1332403223041532E+18; 
21; 7507717558,181864; 339342483,7929245; 5017139583,129311; 488405563,40448815; 1280855447,038473; 507431983,7290943; 180330977,45382804; 492556805,9960612; 299808304,26317817; 482000479,6492249; 120535674,79217923; 479144685,415175; 11668354,66221784; 479380837,08524346; 11352047,764030633; 479722764,61722946; 4,5751105062663555E-05; 479380837,0852356; 11352047,764116524; 479144685,41518176; 11668354,662277164; 482000479,64922816; 120535674,79212895; 492556805,9960482; 299808304,2631102; 507431983,7290928; 180330977,45382172; 488405563,4044903; 1280855447,038349; 339342483,79292744; 5017139583,129412; 7507717558,181856; 3,740582503205563E+22; 3,7405825032055496E+22; 3,7405825032055295E+22; 3,74058250320552E+22; 3,7405825032055165E+22; 3,7405825032055136E+22; 3,7405825032055094E+22; 3,7405825032055094E+22; 3,7405825032055056E+22; 3,7405825032055048E+22; 3,740582503205505E+22; 3,740582503205504E+22; 3,7405825032055014E+22; 3,7405825032054997E+22; 3,7405825032054905E+22; 3,740582503205473E+22; 3,74058250320546E+22; 
22; 1,6856862209852113; 0,07703484109952768; 0,8821255689734457; 0,09339399129953456; 0,01678779722439004; 0,09006399167148729; 0,061968933699106284; 0,08882317189986298; 0,01154538586000406; 0,08937699125680447; 0,014851220388854454; 0,09005713101672541; 0,011623828330355933; 0,09051269626990974; 0,006413810056744736; 0,09067749030544081; 1,2654981229598405E-13; 0,09051269626990754; 0,006413810056840056; 0,09005713101671788; 0,011623828330336795; 0,0893769912568002; 0,014851220388933842; 0,08882317189985217; 0,011545385860024224; 0,09006399167147999; 0,061968933699027534; 0,09339399129952919; 0,01678779722429083; 0,07703484109952735; 0,8821255689733933; 1,685686220985183; 33307965045803,64; 33307965045803,605; 33307965045803,508; 33307965045803,457; 33307965045803,43; 33307965045803,445; 33307965045803,37; 33307965045803,33; 33307965045803,277; 33307965045803,22; 33307965045803,16; 33307965045803,14; 33307965045803,1; 33307965045803,07; 33307965045803,04; 33307965045802,99; 33307965045802,95; 
23; 19,61865348524687; 0,890760089888232; 10,52676066416796; 1,098968216528336; 0,12153539297678506; 1,0644267887525802; 0,7297791270958737; 1,0466592945054851; 0,17507052522311772; 1,0504801052159487; 0,17744539782637236; 1,056130934423993; 0,14389484751375772; 1,059383685138432; 0,07734347089906032; 1,0604344019670433; 9,429280273254292E-13; 1,0593836851384275; 0,07734347089949617; 1,0561309344239107; 0,1438948475138307; 1,050480105215835; 0,17744539782718333; 1,0466592945054536; 0,17507052522264066; 1,0644267887524328; 0,7297791270962953; 1,0989682165283567; 0,1215353929770544; 0,8907600898882034; 10,52676066416706; 19,618653485246256; 338277436499522,8; 338277436499522,4; 338277436499521,75; 338277436499521,06; 338277436499520,8; 338277436499520,2; 338277436499519,3; 338277436499518,6; 338277436499518,44; 338277436499518,44; 338277436499518,5; 338277436499518,56; 338277436499518,44; 338277436499518,1; 338277436499518,25; 338277436499517,7; 338277436499517,3; 
24; 2361621,494551491; 105946,78136133897; 1428338,1135869115; 142015,32343165958; 190700,34911175046; 141442,5784276551; 103747,56598904307; 137095,5375027201; 54893,61020750706; 135811,85136953997; 6613,432330391156; 135971,7903180957; 6335,19908188557; 136230,76354311773; 3426,3168996945697; 136312,91487076887; 7,376570465567056E-08; 136230,76354311322; 3426,316899665935; 135971,79031809268; 6335,199081810466; 135811,85136953575; 6613,4323304215295; 137095,53750271988; 54893,61020751641; 141442,57842764625; 103747,56598902275; 142015,3234316574; 190700,34911169947; 105946,78136133983; 1428338,1135868684; 2361621,494551592; 2,0898916050338984E+19; 2,0898916050338927E+19; 2,089891605033885E+19; 2,0898916050338816E+19; 2,0898916050338796E+19; 2,08989160503388E+19; 2,089891605033879E+19; 2,0898916050338796E+19; 2,08989160503388E+19; 2,0898916050338787E+19; 2,0898916050338783E+19; 2,0898916050338787E+19; 2,0898916050338796E+19; 2,0898916050338796E+19; 2,0898916050338787E+19; 2,089891605033874E+19; 2,0898916050338697E+19; 
25; 756328790418,199; 34116778439,484913; 497135837573,1658; 48517992792,12529; 116229306288,5061; 49993451261,98155; 22440661742,92256; 48457004637,11273; 28474497713,301113; 47511636806,87964; 9781866817,550468; 47311402137,34006; 189031857,08667642; 47364872051,275276; 1371784740,1875043; 47403455433,26565; 0,020794972777366638; 47364872051,274864; 1371784740,1826243; 47311402137,34002; 189031857,10294953; 47511636806,87973; 9781866817,560774; 48457004637,1125; 28474497713,304348; 49993451261,98028; 22440661742,898212; 48517992792,12442; 116229306288,51254; 34116778439,484497; 497135837573,14667; 756328790418,1963; 4,1571035469914075E+24; 4,157103546991392E+24; 4,157103546991372E+24; 4,157103546991358E+24; 4,1571035469913474E+24; 4,157103546991341E+24; 4,1571035469913366E+24; 4,1571035469913296E+24; 4,1571035469913227E+24; 4,157103546991316E+24; 4,1571035469913114E+24; 4,1571035469913076E+24; 4,15710354699131E+24; 4,1571035469913103E+24; 4,157103546991304E+24; 4,1571035469912856E+24; 4,157103546991274E+24; 
26; 149889012,2271304; 6726299,522838157; 91879441,80726498; 9101672,133525485; 13683443,51078895; 9107832,498227274; 6426506,034292885; 8822101,57373311; 3855237,5197471757; 8724554,188447287; 505976,9965792025; 8727825,21447294; 336468,0179544051; 8742642,93924865; 205231,4958444419; 8747602,37913494; 1,7571965145180002E-06; 8742642,9392486; 205231,495847791; 8727825,21447274; 336468,01795899996; 8724554,188446816; 505976,996579961; 8822101,57373272; 3855237,519751073; 9107832,498226961; 6426506,034293106; 9101672,13352517; 13683443,510791253; 6726299,522837922; 91879441,80725986; 149889012,22712785; 1,2305353336837799E+21; 1,2305353336837767E+21; 1,2305353336837712E+21; 1,230535333683768E+21; 1,230535333683766E+21; 1,2305353336837626E+21; 1,2305353336837605E+21; 1,2305353336837573E+21; 1,2305353336837544E+21; 1,230535333683751E+21; 1,2305353336837476E+21; 1,2305353336837455E+21; 1,2305353336837434E+21; 1,230535333683742E+21; 1,2305353336837398E+21; 1,230535333683736E+21; 1,2305353336837337E+21; 
27; 12923302843355,908; 582708925648,3254; 8463228590518,711; 826472010544,367; 1938480976969,7012; 850071096096,8418; 398615719997,75104; 823686761462,5336; 480616311960,5174; 807914503712,885; 160016631739,20847; 804730648376,976; 1354362647,735117; 805687551962,0293; 23347073639,97089; 806338445817,9413; 0,07616722583770752; 805687551962,0336; 23347073639,84633; 804730648376,9841; 1354362647,709672; 807914503712,878; 160016631739,15546; 823686761462,5459; 480616311960,33484; 850071096096,8285; 398615719997,626; 826472010544,3534; 1938480976969,7627; 582708925648,3125; 8463228590518,473; 12923302843355,812; 7,258560872402383E+25; 7,2585608724023586E+25; 7,25856087240232E+25; 7,258560872402299E+25; 7,258560872402285E+25; 7,258560872402269E+25; 7,2585608724022495E+25; 7,258560872402231E+25; 7,258560872402217E+25; 7,2585608724022E+25; 7,258560872402187E+25; 7,258560872402178E+25; 7,258560872402166E+25; 7,258560872402162E+25; 7,258560872402146E+25; 7,258560872402114E+25; 7,258560872402095E+25; 
28; 4383544292540,116; 197335904820,51245; 2826146299413,248; 276752904983,51544; 591218952916,0474; 282569020377,7936; 154344072356,75998; 273532893161,32275; 153265394863,77054; 268757171717,92062; 44060458228,480446; 268007120816,88248; 3440991086,4614744; 268382148355,73904; 7639057874,731534; 268587454403,35107; 0,06050431728363037; 268382148355,74167; 7639057874,680351; 268007120816,88354; 3440991086,5284004; 268757171717,91785; 44060458228,43496; 273532893161,32477; 153265394863,86768; 282569020377,79144; 154344072356,69446; 276752904983,5104; 591218952916,093; 197335904820,51053; 2826146299413,1523; 4383544292540,069; 2,6956263101967155E+25; 2,695626310196706E+25; 2,6956263101966914E+25; 2,6956263101966803E+25; 2,6956263101966713E+25; 2,695626310196665E+25; 2,695626310196656E+25; 2,6956263101966455E+25; 2,6956263101966343E+25; 2,6956263101966257E+25; 2,695626310196619E+25; 2,695626310196614E+25; 2,695626310196611E+25; 2,695626310196608E+25; 2,695626310196602E+25; 2,6956263101965905E+25; 2,6956263101965828E+25; 
29; 1466628765803623; 66180971167700,125; 967092674294660,2; 94331967718096,94; 229942157241847,75; 97339074168300,88; 42426178249021,44; 94344999958309,2; 56480517513292,484; 92436747951049,42; 20453537622839,4; 91987901102255,3; 1067954418301,3333; 92060480284799,55; 2287579093180,775; 92126382082614,2; 25,283187866210938; 92060480284800,52; 2287579093163,1455; 91987901102257,6; 1067954418286,9818; 92436747951049,83; 20453537622809,035; 94344999958310,33; 56480517513290,55; 97339074168300,19; 42426178249022,125; 94331967718094,72; 229942157241837,28; 66180971167699,51; 967092674294667,6; 1466628765803623,2; 7,908199840779279E+27; 7,908199840779248E+27; 7,908199840779198E+27; 7,908199840779166E+27; 7,908199840779144E+27; 7,908199840779122E+27; 7,908199840779094E+27; 7,908199840779064E+27; 7,908199840779036E+27; 7,908199840779013E+27; 7,908199840778999E+27; 7,908199840778982E+27; 7,90819984077897E+27; 7,908199840778966E+27; 7,90819984077895E+27; 7,908199840778913E+27; 7,90819984077889E+27; 
30; 689535692210,6384; 30970097074,62466; 431197109657,75684; 42499903671,89905; 74185725198,07753; 42837346389,52068; 28335206602,057365; 41446334146,22658; 20740214814,25317; 40860779845,07783; 4402867636,256941; 40811250002,47206; 913819828,4568635; 40865026607,43668; 872187812,5303137; 40886941292,13255; 0,014158457517623901; 40865026607,435616; 872187812,5422307; 40811250002,47148; 913819828,4520582; 40860779845,07677; 4402867636,247955; 41446334146,224556; 20740214814,25712; 42837346389,519615; 28335206602,058117; 42499903671,89778; 74185725198,08655; 30970097074,62334; 431197109657,73755; 689535692210,6215; 5,054648955910592E+24; 5,054648955910578E+24; 5,054648955910557E+24; 5,054648955910543E+24; 5,05464895591053E+24; 5,054648955910522E+24; 5,054648955910508E+24; 5,054648955910499E+24; 5,054648955910487E+24; 5,054648955910473E+24; 5,054648955910462E+24; 5,054648955910453E+24; 5,054648955910445E+24; 5,054648955910442E+24; 5,054648955910432E+24; 5,054648955910413E+24; 5,054648955910402E+24; 
31; 2,060318665004928E+17; 9305368202904200; 1,3688610893205949E+17; 13336112473017300; 33874993274940696; 13812186509192948; 5450600461654838; 13396127458474892; 8128432601775436; 13115740142528968; 3096110502440669,5; 13045932035082986; 199186560318881,47; 13056206197661802; 350545446943248,5; 13066452758252450; 3305,794921875; 13056206197661648; 350545446946315,1; 13045932035082628; 199186560316799; 13115740142528532; 3096110502440618; 13396127458474588; 8128432601777752; 13812186509192674; 5450600461653170; 13336112473016952; 33874993274940484; 9305368202903920; 1,3688610893205592E+17; 2,0603186650049293E+17; 1,0614913195549646E+30; 1,0614913195549608E+30; 1,0614913195549548E+30; 1,0614913195549518E+30; 1,0614913195549507E+30; 1,061491319554949E+30; 1,061491319554947E+30; 1,0614913195549448E+30; 1,0614913195549415E+30; 1,0614913195549382E+30; 1,0614913195549356E+30; 1,0614913195549332E+30; 1,0614913195549314E+30; 1,0614913195549304E+30; 1,0614913195549276E+30; 1,0614913195549231E+30; 1,0614913195549199E+30; 
32; 3,4185460248292E+17; 15428928907654882; 2,257839858968833E+17; 22018008604406064; 54176252191462350; 22740374924262532; 9627392913164292; 22049991210218112; 13081394606003176; 21609599537566580; 4656757062771649; 21511822343601672; 146029520372647,44; 21535676609549156; 642884078709129; 21553932623636704; 5056,43359375; 21535676609548868; 642884078712098,2; 21511822343601428; 146029520372340,8; 21609599537566040; 4656757062768803; 22049991210217576; 13081394605997532; 22740374924261240; 9627392913167858; 22018008604405408; 54176252191457264; 15428928907654472; 2,2578398589687494E+17; 3,41854602482917E+17; 1,8255977149922813E+30; 1,8255977149922756E+30; 1,8255977149922655E+30; 1,8255977149922607E+30; 1,8255977149922573E+30; 1,825597714992253E+30; 1,8255977149922483E+30; 1,8255977149922424E+30; 1,8255977149922376E+30; 1,8255977149922306E+30; 1,8255977149922247E+30; 1,8255977149922202E+30; 1,8255977149922165E+30; 1,825597714992213E+30; 1,825597714992209E+30; 1,8255977149922E+30; 1,8255977149921946E+30; 
33; 78625695794324670; 3542621452718555,5; 51137182782652090; 4999706832080902; 11263509973006214; 5125547465482723; 2586912422841716; 4963787108507721; 2858497669261868; 4871746942046669; 906167715744928,8; 4854288090870713; 36974692163552,625; 4859909235593049; 130650779751915,16; 4863506343418759; 1856,8525390625; 4859909235592989; 130650779751962,58; 4854288090870642; 36974692163588,28; 4871746942046511; 906167715744149,6; 4963787108507640; 2858497669261451; 5125547465482473; 2586912422841737; 4999706832080708; 11263509973006264; 3542621452718446; 51137182782650096; 78625695794322820; 4,597540474635831E+29; 4,597540474635816E+29; 4,5975404746357925E+29; 4,5975404746357784E+29; 4,5975404746357686E+29; 4,597540474635757E+29; 4,597540474635746E+29; 4,5975404746357306E+29; 4,597540474635714E+29; 4,597540474635696E+29; 4,5975404746356834E+29; 4,597540474635671E+29; 4,59754047463566E+29; 4,597540474635653E+29; 4,597540474635641E+29; 4,597540474635622E+29; 4,597540474635611E+29; 
34; 4,835876757140612E+19; 2,1840053122165885E+18; 3,2112588050482053E+19; 3,128941682072342E+18; 7,930676155446927E+18; 3,240290588788287E+18; 1,2742659053728653E+18; 3,1433072319038126E+18; 1,889508280761952E+18; 3,078367735022426E+18; 7,120641106872137E+17; 3,0625012896012104E+18; 40484476446861470; 3,0650822936561014E+18; 83570365177441790; 3,067510551128895E+18; 484472; 3,0650822936560865E+18; 83570365177421970; 3,062501289601162E+18; 40484476446563400; 3,078367735022367E+18; 7,120641106869185E+17; 3,143307231903725E+18; 1,8895082807615388E+18; 3,240290588788233E+18; 1,2742659053732124E+18; 3,128941682072304E+18; 7,930676155445918E+18; 2,1840053122165755E+18; 3,2112588050481537E+19; 4,83587675714063E+19; 2,501021066598213E+32; 2,501021066598203E+32; 2,501021066598189E+32; 2,501021066598182E+32; 2,5010210665981803E+32; 2,5010210665981756E+32; 2,5010210665981717E+32; 2,501021066598165E+32; 2,501021066598157E+32; 2,501021066598151E+32; 2,5010210665981464E+32; 2,5010210665981407E+32; 2,501021066598137E+32; 2,5010210665981327E+32; 2,5010210665981248E+32; 2,5010210665981126E+32; 2,5010210665981046E+32; 
35; 20632747568303452; 927707145890032,6; 13112583016041866; 1287792620972431,5; 2512176307225812,5; 1306760593071169,2; 786943858083054,8; 1264719546736300,2; 668089605201843,2; 1245012509394133,2; 161384103747498,56; 1242936755785219,8; 29904053689121,516; 1244946264914794,8; 35482557875440,06; 1245869096424370,2; 263,74365234375; 1244946264914789,8; 35482557875904,76; 1242936755785189; 29904053689649,688; 1245012509394079,8; 161384103747343,84; 1264719546736247; 668089605201523,8; 1306760593071098,5; 786943858083004,1; 1287792620972346,2; 2512176307225715,5; 927707145889984,5; 13112583016040628; 20632747568302852; 1,3789380090758445E+29; 1,3789380090758404E+29; 1,3789380090758346E+29; 1,378938009075832E+29; 1,3789380090758298E+29; 1,3789380090758274E+29; 1,3789380090758239E+29; 1,3789380090758193E+29; 1,378938009075816E+29; 1,3789380090758123E+29; 1,3789380090758084E+29; 1,3789380090758054E+29; 1,3789380090758028E+29; 1,378938009075801E+29; 1,3789380090757971E+29; 1,3789380090757915E+29; 1,3789380090757876E+29; 
36; 2,5046456846908965E+19; 1,1287934706059508E+18; 1,6329831981229509E+19; 1,5958942549772252E+18; 3,6482824178724255E+18; 1,6380529966082132E+18; 8,028827116727555E+17; 1,5869249257576494E+18; 9,103683759260424E+17; 1,5576395774768374E+18; 2,853231749757221E+17; 1,5524159172497848E+18; 14564335468200436; 1,5546637027537754E+18; 49248470113417610; 1,556013843607542E+18; 235057,5; 1,5546637027537764E+18; 49248470113740376; 1,5524159172497682E+18; 14564335468179760; 1,5576395774768092E+18; 2,853231749757637E+17; 1,5869249257576166E+18; 9,103683759256858E+17; 1,6380529966081728E+18; 8,028827116724557E+17; 1,5958942549771983E+18; 3,6482824178719913E+18; 1,1287934706059273E+18; 1,6329831981228919E+19; 2,504645684690874E+19; 1,4434908456893656E+32; 1,4434908456893602E+32; 1,4434908456893532E+32; 1,4434908456893494E+32; 1,4434908456893469E+32; 1,4434908456893447E+32; 1,443490845689341E+32; 1,4434908456893363E+32; 1,4434908456893307E+32; 1,4434908456893245E+32; 1,4434908456893197E+32; 1,4434908456893155E+32; 1,4434908456893123E+32; 1,4434908456893098E+32; 1,4434908456893072E+32; 1,4434908456893006E+32; 1,4434908456892966E+32; 
37; 6,257632882618538E+23; 2,8318424238163537E+22; 4,2205980360449043E+23; 4,103309063776143E+22; 1,1288247258564272E+23; 4,283551451067596E+22; 1,2796732755362483E+22; 4,162350285962714E+22; 2,5641213560058175E+22; 4,069439067488011E+22; 1,1053432856571485E+22; 4,042035231384813E+22; 1,380658008371562E+21; 4,0430989416811916E+22; 9,201882103075747E+20; 4,045974127261558E+22; 6563053568; 4,043098941681162E+22; 9,201882103114936E+20; 4,042035231384762E+22; 1,38065800836534E+21; 4,069439067487938E+22; 1,1053432856564841E+22; 4,162350285962607E+22; 2,564121356005587E+22; 4,2835514510674925E+22; 1,2796732755361602E+22; 4,103309063775987E+22; 1,12882472585641E+23; 2,8318424238162824E+22; 4,220598036044657E+23; 6,257632882618453E+23; 2,946554746252307E+36; 2,9465547462522956E+36; 2,946554746252279E+36; 2,9465547462522714E+36; 2,946554746252266E+36; 2,9465547462522637E+36; 2,9465547462522596E+36; 2,946554746252253E+36; 2,946554746252247E+36; 2,94655474625224E+36; 2,9465547462522324E+36; 2,9465547462522277E+36; 2,946554746252222E+36; 2,9465547462522165E+36; 2,946554746252209E+36; 2,946554746252193E+36; 2,946554746252182E+36; 
38; 1,641658284348339E+17; 7374930301738789; 1,0302661010547576E+17; 10146362533126008; 18175391226326016; 10242766066012236; 6615095203163958; 9912873140006290; 4967262639638249; 9772540109293050; 1042851268127981,8; 9762146947170136; 260232182372156,06; 9776992246974162; 240328345727058,4; 9783064833991374; 2519,7109375; 9776992246973910; 240328345732600,2; 9762146947169898; 260232182371408,62; 9772540109292652; 1042851268126402,2; 9912873140005766; 4967262639638588; 10242766066011736; 6615095203161594; 10146362533125522; 18175391226321772; 7374930301738529; 1,0302661010546992E+17; 1,6416582843483098E+17; 1,1790883160187182E+30; 1,1790883160187148E+30; 1,1790883160187093E+30; 1,1790883160187055E+30; 1,1790883160187027E+30; 1,1790883160186996E+30; 1,1790883160186964E+30; 1,1790883160186932E+30; 1,1790883160186887E+30; 1,1790883160186846E+30; 1,1790883160186797E+30; 1,179088316018676E+30; 1,1790883160186722E+30; 1,1790883160186702E+30; 1,1790883160186668E+30; 1,1790883160186622E+30; 1,1790883160186592E+30; 
39; 1,3814423844854894E+25; 6,24932116577156E+23; 9,292796423151171E+24; 9,037591398593144E+23; 2,451920053860285E+24; 9,420629274612229E+23; 2,9980657870294535E+23; 9,149525460117675E+23; 5,656437094933964E+23; 8,945763539397161E+23; 2,4089078524194916E+23; 8,886133208229284E+23; 3,0256158181936014E+22; 8,888142973850772E+23; 1,9226022113966513E+22; 8,89415753540742E+23; 72885207040; 8,888142973850751E+23; 1,922602211399091E+22; 8,886133208229269E+23; 3,0256158182030856E+22; 8,945763539397077E+23; 2,4089078524187447E+23; 9,149525460117566E+23; 5,656437094931962E+23; 9,420629274612049E+23; 2,9980657870236406E+23; 9,037591398592828E+23; 2,4519200538601853E+24; 6,249321165771395E+23; 9,292796423150764E+24; 1,3814423844854574E+25; 6,608358183492083E+37; 6,6083581834920585E+37; 6,608358183492022E+37; 6,608358183492007E+37; 6,608358183491994E+37; 6,608358183491983E+37; 6,608358183491967E+37; 6,608358183491945E+37; 6,608358183491926E+37; 6,608358183491906E+37; 6,608358183491891E+37; 6,608358183491888E+37; 6,608358183491885E+37; 6,608358183491882E+37; 6,608358183491867E+37; 6,608358183491834E+37; 6,608358183491813E+37; 
40; 1,3334663391199907E+23; 6,014428919137504E+21; 8,757461084400326E+22; 8,547850282722858E+21; 2,0371279171411E+22; 8,803427544345503E+21; 4,0127072917091695E+21; 8,531119155081426E+21; 5,02833231709796E+21; 8,364403522735088E+21; 1,722459291174244E+21; 8,329155437944728E+21; 3,5888686404295795E+19; 8,338528868181573E+21; 2,4055155305255197E+20; 8,345293892151932E+21; 1625247744; 8,338528868181478E+21; 2,4055155305271217E+20; 8,32915543794459E+21; 3,588868640670891E+19; 8,364403522735037E+21; 1,7224592911730766E+21; 8,53111915508135E+21; 5,028332317095317E+21; 8,803427544345228E+21; 4,0127072917073103E+21; 8,54785028272262E+21; 2,037127917141055E+22; 6,014428919137288E+21; 8,757461084399967E+22; 1,3334663391199661E+23; 7,363505150268345E+35; 7,363505150268322E+35; 7,363505150268286E+35; 7,36350515026827E+35; 7,363505150268257E+35; 7,363505150268244E+35; 7,363505150268227E+35; 7,36350515026821E+35; 7,363505150268189E+35; 7,363505150268171E+35; 7,363505150268153E+35; 7,363505150268134E+35; 7,363505150268124E+35; 7,363505150268114E+35; 7,363505150268099E+35; 7,363505150268063E+35; 7,363505150268043E+35; 
41; 1,237462791522176E+25; 5,588833395174948E+23; 8,219065050173937E+24; 8,008060112288536E+23; 2,0317069083850702E+24; 8,293563478143456E+23; 3,2624490837696634E+23; 8,044781955249674E+23; 4,854975989027912E+23; 7,877503734963383E+23; 1,8441702403664937E+23; 7,835941586509536E+23; 1,1928166657481066E+22; 7,841964364984999E+23; 2,062422427820408E+22; 7,847989833389372E+23; 99178250240; 7,841964364984995E+23; 2,0624224278248275E+22; 7,835941586509527E+23; 1,1928166657575325E+22; 7,877503734963405E+23; 1,844170240367159E+23; 8,044781955249747E+23; 4,8549759890256654E+23; 8,293563478143304E+23; 3,262449083767538E+23; 8,008060112288452E+23; 2,0317069083850294E+24; 5,5888333951748803E+23; 8,219065050173973E+24; 1,2374627915221665E+25; 6,391541445296337E+37; 6,391541445296317E+37; 6,391541445296283E+37; 6,391541445296267E+37; 6,391541445296255E+37; 6,39154144529624E+37; 6,391541445296224E+37; 6,391541445296207E+37; 6,39154144529619E+37; 6,391541445296177E+37; 6,391541445296168E+37; 6,391541445296158E+37; 6,391541445296152E+37; 6,391541445296145E+37; 6,391541445296127E+37; 6,3915414452960995E+37; 6,391541445296081E+37; 
42; 8,681248313189039E+22; 3,909447409004102E+21; 5,616339021937093E+22; 5,496534236070101E+21; 1,2001605030578429E+22; 5,621672559033691E+21; 2,9608054864448287E+21; 5,443818300026963E+21; 3,0630217426206804E+21; 5,347354624409976E+21; 9,080871840256236E+20; 5,331325853413509E+21; 5,644264149284282E+19; 5,338533717198544E+21; 1,514728832655576E+20; 5,342631482021534E+21; 561014784; 5,338533717198571E+21; 1,5147288326443827E+20; 5,331325853413586E+21; 5,6442641492996325E+19; 5,347354624409963E+21; 9,080871840239397E+20; 5,443818300026981E+21; 3,0630217426199716E+21; 5,621672559033682E+21; 2,9608054864454033E+21; 5,496534236070048E+21; 1,2001605030578758E+22; 3,9094474090040845E+21; 5,6163390219370654E+22; 8,681248313189127E+22; 5,2366450337442084E+35; 5,236645033744189E+35; 5,236645033744165E+35; 5,2366450337441516E+35; 5,236645033744145E+35; 5,236645033744135E+35; 5,236645033744125E+35; 5,236645033744111E+35; 5,236645033744097E+35; 5,2366450337440866E+35; 5,236645033744072E+35; 5,236645033744059E+35; 5,236645033744055E+35; 5,236645033744052E+35; 5,23664503374404E+35; 5,236645033744021E+35; 5,236645033744006E+35; 
43; 8,529741707000222E+20; 3,832822881753471E+19; 5,3758992499311116E+20; 5,288897096306989E+19; 9,74369453443693E+19; 5,347013082749045E+19; 3,415666499955454E+19; 5,172675895169472E+19; 2,682513928335592E+19; 5,0951932923314E+19; 6,09755968376665E+18; 5,087836821018242E+19; 1,2077099803920768E+18; 5,0954611413598446E+19; 1,2990888654182428E+18; 5,098795246054026E+19; 7037632; 5,095461141359837E+19; 1,2990888654284006E+18; 5,087836821018164E+19; 1,2077099804035154E+18; 5,095193292331338E+19; 6,09755968376427E+18; 5,172675895169314E+19; 2,6825139283353498E+19; 5,347013082748889E+19; 3,4156664999543017E+19; 5,288897096306771E+19; 9,743694534436893E+19; 3,832822881753321E+19; 5,3758992499307505E+20; 8,52974170700021E+20; 5,974227827062834E+33; 5,974227827062818E+33; 5,974227827062794E+33; 5,974227827062786E+33; 5,974227827062783E+33; 5,974227827062776E+33; 5,974227827062766E+33; 5,974227827062753E+33; 5,974227827062745E+33; 5,97422782706273E+33; 5,974227827062713E+33; 5,974227827062692E+33; 5,974227827062675E+33; 5,974227827062667E+33; 5,974227827062652E+33; 5,974227827062628E+33; 5,974227827062612E+33; 
44; 40563008447985; 1822750071760,4224; 23272454451646,918; 2355135863835,982; 1769341918761,2976; 2309704055145,5796; 1795702546538,4854; 2248428677620,042; 581293585686,2213; 2239311877444,677; 60800655241,91759; 2244385912073,1187; 96043275993,16512; 2247544116591,4556; 33337652123,477783; 2248280216413,8315; 0,7214794158935547; 2247544116591,4487; 33337652123,629883; 2244385912073,087; 96043275993,61389; 2239311877444,667; 60800655242,7381; 2248428677620,015; 581293585686,0768; 2309704055145,5327; 1795702546537,8213; 2355135863835,831; 1769341918761,1677; 1822750071760,3547; 23272454451644,02; 40563008447984,32; 4,8138621233430124E+26; 4,813862123343004E+26; 4,813862123342996E+26; 4,813862123342991E+26; 4,813862123342988E+26; 4,813862123342982E+26; 4,8138621233429705E+26; 4,813862123342953E+26; 4,8138621233429395E+26; 4,8138621233429223E+26; 4,813862123342908E+26; 4,813862123342897E+26; 4,813862123342887E+26; 4,81386212334288E+26; 4,813862123342868E+26; 4,813862123342854E+26; 4,8138621233428454E+26; 
45; 1,3129194078546597E+32; 5,951674699937656E+30; 8,962452961026022E+31; 8,700188179236287E+30; 2,5416688933319204E+31; 9,141419259153147E+30; 1,993983672496856E+30; 8,897496739567714E+30; 5,535788718531978E+30; 8,688534584201999E+30; 2,633587122616009E+30; 8,618618086486305E+30; 4,571293956105777E+29; 8,615989526373808E+30; 1,5055272607412024E+29; 8,621180283156376E+30; 1,1888843309281444E+18; 8,615989526373787E+30; 1,5055272607414527E+29; 8,618618086486258E+30; 4,571293956111352E+29; 8,688534584201856E+30; 2,633587122615282E+30; 8,897496739567571E+30; 5,535788718531006E+30; 9,141419259152992E+30; 1,9939836724962828E+30; 8,700188179236096E+30; 2,541668893331893E+31; 5,951674699937515E+30; 8,962452961025914E+31; 1,3129194078546343E+32; 5,741487252849576E+44; 5,741487252849557E+44; 5,741487252849523E+44; 5,741487252849505E+44; 5,741487252849496E+44; 5,741487252849493E+44; 5,74148725284948E+44; 5,7414872528494675E+44; 5,741487252849451E+44; 5,7414872528494374E+44; 5,741487252849424E+44; 5,741487252849415E+44; 5,741487252849413E+44; 5,7414872528494065E+44; 5,74148725284939E+44; 5,741487252849361E+44; 5,741487252849343E+44; 
46; 6,1310347196222905E+31; 2,77618621294355E+30; 4,1527865877932615E+31; 4,03517574053197E+30; 1,1343347218302156E+31; 4,2221098458832857E+30; 1,1389724679449143E+30; 4,1052907598226183E+30; 2,5299099683705284E+30; 4,012491356437852E+30; 1,1219163277444182E+30; 3,984246985312946E+30; 1,5059142386212957E+29; 3,9849889804928245E+30; 9,035347878007331E+28; 3,98785153125467E+30; 2,2097654841553715E+17; 3,984988980492817E+30; 9,035347878066838E+28; 3,984246985312881E+30; 1,5059142386112231E+29; 4,012491356437753E+30; 1,1219163277432179E+30; 4,105290759822479E+30; 2,529909968369809E+30; 4,2221098458830904E+30; 1,1389724679450791E+30; 4,035175740531834E+30; 1,1343347218301485E+31; 2,776186212943457E+30; 4,152786587793063E+31; 6,131034719622141E+31; 2,8132038277773503E+44; 2,8132038277773396E+44; 2,8132038277773226E+44; 2,8132038277773134E+44; 2,8132038277773083E+44; 2,8132038277773035E+44; 2,8132038277772964E+44; 2,8132038277772885E+44; 2,8132038277772794E+44; 2,8132038277772707E+44; 2,813203827777262E+44; 2,8132038277772564E+44; 2,8132038277772497E+44; 2,8132038277772425E+44; 2,8132038277772334E+44; 2,8132038277772176E+44; 2,8132038277772085E+44; 
47; 6,0778851803287354E+29; 2,744873613718269E+28; 4,0358608577504996E+29; 3,9322703002385243E+28; 9,958523697482757E+28; 4,071522455445121E+28; 1,6195218709623862E+28; 3,948656429291147E+28; 2,3943935622802416E+28; 3,866160745668582E+28; 9,097901134795118E+27; 3,845637771722385E+28; 5,937132880934554E+26; 3,8485898534549578E+28; 1,015383385006515E+27; 3,8515581270792323E+28; 4417777590861824; 3,8485898534549296E+28; 1,0153833850108826E+27; 3,8456377717222966E+28; 5,9371328807664534E+26; 3,8661607456684276E+28; 9,097901134784699E+27; 3,94865642929093E+28; 2,3943935622799592E+28; 4,071522455444917E+28; 1,619521870961575E+28; 3,9322703002382744E+28; 9,958523697482539E+28; 2,7448736137181185E+28; 4,035860857750235E+29; 6,077885180328423E+29; 3,1419166043326746E+42; 3,141916604332665E+42; 3,141916604332647E+42; 3,1419166043326375E+42; 3,1419166043326276E+42; 3,1419166043326164E+42; 3,141916604332603E+42; 3,1419166043325886E+42; 3,141916604332574E+42; 3,1419166043325644E+42; 3,141916604332555E+42; 3,1419166043325465E+42; 3,141916604332542E+42; 3,141916604332539E+42; 3,1419166043325304E+42; 3,1419166043325155E+42; 3,141916604332506E+42; 
48; 9,361598707929828E+27; 4,21827320552567E+26; 6,092180515617526E+27; 5,955789500954856E+26; 1,3466451850441234E+27; 6,107752102387807E+26; 3,0507143404080848E+26; 5,916324281916985E+26; 3,38137492439609E+26; 5,808065236013372E+26; 1,0472039522162521E+26; 5,7890043296018824E+26; 5,466064964626495E+24; 5,797199078540629E+26; 1,7824957699730806E+25; 5,802072506702373E+26; 37501238509568; 5,797199078540698E+26; 1,7824957699555398E+25; 5,789004329602013E+26; 5,466064964371433E+24; 5,808065236013466E+26; 1,0472039522150203E+26; 5,916324281917041E+26; 3,381374924393051E+26; 6,107752102387826E+26; 3,0507143404066953E+26; 5,955789500954766E+26; 1,3466451850443015E+27; 4,2182732055255544E+26; 6,09218051561741E+27; 9,361598707929592E+27; 5,455196098714449E+40; 5,455196098714436E+40; 5,45519609871441E+40; 5,455196098714393E+40; 5,455196098714382E+40; 5,455196098714363E+40; 5,45519609871434E+40; 5,455196098714317E+40; 5,4551960987143E+40; 5,45519609871429E+40; 5,455196098714278E+40; 5,455196098714273E+40; 5,455196098714268E+40; 5,455196098714264E+40; 5,455196098714253E+40; 5,455196098714228E+40; 5,455196098714213E+40; 
49; 7,354992561877934E+29; 3,317641942853512E+28; 4,833537855091598E+29; 4,717347088031754E+28; 1,1284187496594703E+29; 4,859832256933688E+28; 2,2038250902354957E+28; 4,709175477099777E+28; 2,797906957430189E+28; 4,6156023840370925E+28; 9,870960187646314E+27; 4,5943365149245715E+28; 4,221184595647125E+26; 4,598125100819937E+28; 1,1267660030234782E+27; 4,601342204984427E+28; 18728651570806784; 4,598125100819829E+28; 1,1267660030463642E+27; 4,594336514924405E+28; 4,221184595616955E+26; 4,615602384036899E+28; 9,870960187642704E+27; 4,709175477099602E+28; 2,7979069574307828E+28; 4,85983225693346E+28; 2,2038250902346957E+28; 4,717347088031534E+28; 1,1284187496593244E+29; 3,3176419428533674E+28; 4,8335378550914224E+29; 7,354992561877704E+29; 4,0466176595705946E+42; 4,0466176595705816E+42; 4,046617659570562E+42; 4,0466176595705506E+42; 4,0466176595705413E+42; 4,046617659570532E+42; 4,0466176595705197E+42; 4,046617659570505E+42; 4,04661765957049E+42; 4,04661765957047E+42; 4,0466176595704547E+42; 4,0466176595704386E+42; 4,046617659570427E+42; 4,046617659570416E+42; 4,0466176595704045E+42; 4,046617659570385E+42; 4,046617659570372E+42; 
50; 1,058731480587715E+26; 4,7591633913196194E+24; 6,704962846218213E+25; 6,589866421821417E+24; 1,255609294086661E+25; 6,676510932627883E+24; 4,129665963698664E+24; 6,459644915708544E+24; 3,4157779023122225E+24; 6,358586829769155E+24; 8,477583173857165E+23; 6,345942903475836E+24; 1,000542183270538E+23; 6,353705059417594E+24; 1,4067267383490517E+23; 6,357343655211546E+24; 1388113297408; 6,353705059417621E+24; 1,4067267383692756E+23; 6,345942903475746E+24; 1,0005421832953721E+23; 6,35858682976891E+24; 8,477583173862892E+23; 6,459644915708438E+24; 3,41577790231147E+24; 6,67651093262756E+24; 4,129665963695292E+24; 6,589866421821056E+24; 1,2556092940866305E+25; 4,759163391319376E+24; 6,70496284621784E+25; 1,058731480587667E+26; 7,221572384603295E+38; 7,221572384603277E+38; 7,221572384603245E+38; 7,221572384603221E+38; 7,221572384603197E+38; 7,221572384603165E+38; 7,221572384603138E+38; 7,221572384603103E+38; 7,221572384603069E+38; 7,221572384603034E+38; 7,221572384603008E+38; 7,221572384602981E+38; 7,221572384602961E+38; 7,221572384602939E+38; 7,22157238460292E+38; 7,221572384602887E+38; 7,221572384602866E+38; 
51; 1,5814086190018663E+24; 7,099041729289196E+22; 9,79516337932887E+23; 9,676223860416791E+22; 1,5734883451936555E+23; 9,716481977674665E+22; 6,703490318062781E+22; 9,40310516863171E+22; 4,462083324087305E+22; 9,283030320983768E+22; 7,823425474240615E+21; 9,279095190971173E+22; 2,893648478057444E+21; 9,293459294712054E+22; 2,1462533872343916E+21; 9,298754362273541E+22; 12039094272; 9,293459294712143E+22; 2,1462533872048375E+21; 9,279095190971285E+22; 2,893648478047187E+21; 9,283030320983895E+22; 7,823425474262663E+21; 9,403105168631877E+22; 4,462083324087066E+22; 9,716481977674873E+22; 6,7034903180607E+22; 9,676223860416748E+22; 1,5734883451942038E+23; 7,099041729289099E+22; 9,795163379329071E+23; 1,581408619001825E+24; 1,222455029341485E+37; 1,2224550293414824E+37; 1,222455029341478E+37; 1,2224550293414755E+37; 1,222455029341473E+37; 1,2224550293414708E+37; 1,2224550293414691E+37; 1,222455029341466E+37; 1,2224550293414625E+37; 1,2224550293414597E+37; 1,2224550293414566E+37; 1,2224550293414547E+37; 1,2224550293414526E+37; 1,222455029341452E+37; 1,222455029341451E+37; 1,2224550293414472E+37; 1,2224550293414443E+37; 
52; 7,566631875293213E+28; 3,40471473529269E+27; 4,853575834358891E+28; 4,75757082617097E+27; 9,846603840630132E+27; 4,8466121835113645E+27; 2,7503100182777346E+27; 4,691160297412983E+27; 2,572285956477767E+27; 4,6128196890201974E+27; 6,861837178195536E+26; 4,602577837375043E+27; 9,365939862624689E+25; 4,610064428616989E+27; 1,4157328624820004E+26; 4,6138187183211387E+27; 949374603493376; 4,610064428616992E+27; 1,4157328624852608E+26; 4,6025778373750175E+27; 9,365939862804878E+25; 4,6128196890200654E+27; 6,861837178192553E+26; 4,691160297412832E+27; 2,572285956478811E+27; 4,8466121835111996E+27; 2,7503100182772733E+27; 4,7575708261707994E+27; 9,846603840632088E+27; 3,404714735292533E+27; 4,853575834358737E+28; 7,5666318752928666E+28; 4,7911653110561086E+41; 4,791165311056093E+41; 4,791165311056071E+41; 4,7911653110560544E+41; 4,7911653110560374E+41; 4,791165311056021E+41; 4,7911653110560026E+41; 4,7911653110559786E+41; 4,7911653110559554E+41; 4,791165311055933E+41; 4,791165311055913E+41; 4,791165311055898E+41; 4,791165311055885E+41; 4,791165311055877E+41; 4,791165311055865E+41; 4,791165311055842E+41; 4,791165311055829E+41; 
53; 3,5297878191912134E+17; 15867247489891122; 2,0171803715763824E+17; 20445804366351340; 14520399178469244; 20032887689177272; 15556557029453540; 19508210890464304; 4911221567295122; 19429693657999820; 425047488158859,7; 19464638653412292; 635892854258538,2; 19482151934812508; 201940800293722,28; 19484519795454376; 11479,21875; 19482151934811500; 201940800285091,97; 19464638653411216; 635892854246458,9; 19429693657998816; 425047488153127; 19508210890463540; 4911221567301339; 20032887689175520; 15556557029447926; 20445804366349520; 14520399178467306; 15867247489890258; 2,017180371576201E+17; 3,52978781919105E+17; 4,2842816160799245E+30; 4,284281616079917E+30; 4,2842816160799054E+30; 4,284281616079899E+30; 4,284281616079892E+30; 4,284281616079882E+30; 4,284281616079871E+30; 4,2842816160798626E+30; 4,2842816160798513E+30; 4,2842816160798395E+30; 4,28428161607983E+30; 4,284281616079822E+30; 4,2842816160798164E+30; 4,2842816160798114E+30; 4,284281616079807E+30; 4,2842816160797973E+30; 4,2842816160797894E+30; 
54; 2,397257771249445E+22; 1,075441671827664E+21; 1,4357087782074684E+22; 1,4317200720847406E+21; 1,76108109975057E+21; 1,4215646952038497E+21; 1,0601786235136707E+21; 1,378796474378973E+21; 5,184644008183194E+20; 1,3669774450305558E+21; 4,197531795532599E+19; 1,368192670555239E+21; 4,651617555588596E+19; 1,3699001994743246E+21; 1,945800130394096E+19; 1,3703197283951114E+21; 292546560; 1,3699001994743067E+21; 1,945800130414389E+19; 1,3681926705552262E+21; 4,651617555541502E+19; 1,366977445030534E+21; 4,19753179549868E+19; 1,37879647437894E+21; 5,184644008180742E+20; 1,4215646952038295E+21; 1,0601786235139932E+21; 1,4317200720847294E+21; 1,7610810997506058E+21; 1,0754416718276542E+21; 1,4357087782074407E+22; 2,3972577712495066E+22; 2,2427907137999587E+35; 2,2427907137999524E+35; 2,2427907137999443E+35; 2,2427907137999406E+35; 2,242790713799937E+35; 2,2427907137999332E+35; 2,242790713799926E+35; 2,2427907137999173E+35; 2,2427907137999107E+35; 2,2427907137999026E+35; 2,2427907137998945E+35; 2,242790713799889E+35; 2,242790713799885E+35; 2,2427907137998816E+35; 2,2427907137998793E+35; 2,2427907137998727E+35; 2,2427907137998683E+35; 
55; 5,755918135495002E+33; 2,5948148427315877E+32; 3,7627424704863716E+33; 3,67554312045904E+32; 8,530723841955755E+32; 3,7770672198403265E+32; 1,8118868039807666E+32; 3,659022424033693E+32; 2,1336350032250577E+32; 3,589306146450922E+32; 7,027925899381791E+31; 3,575405787365905E+32; 1,596563884172536E+30; 3,5796258337068736E+32; 1,0204987367664412E+31; 3,582464149988398E+32; 1,3496148109573698E+20; 3,57962583370681E+32; 1,0204987367734287E+31; 3,575405787365816E+32; 1,5965638841567308E+30; 3,5893061464508884E+32; 7,027925899388288E+31; 3,659022424033625E+32; 2,1336350032246214E+32; 3,777067219840221E+32; 1,811886803980502E+32; 3,6755431204589544E+32; 8,530723841955068E+32; 2,5948148427315315E+32; 3,7627424704862384E+33; 5,755918135494983E+33; 3,2660954169293746E+46; 3,266095416929364E+46; 3,266095416929346E+46; 3,266095416929336E+46; 3,26609541692933E+46; 3,2660954169293244E+46; 3,2660954169293183E+46; 3,266095416929314E+46; 3,2660954169293046E+46; 3,2660954169292935E+46; 3,266095416929285E+46; 3,266095416929279E+46; 3,2660954169292706E+46; 3,266095416929263E+46; 3,2660954169292514E+46; 3,266095416929235E+46; 3,266095416929226E+46; 
56; 6,4223240913432144E+32; 2,8921181830460187E+31; 4,154244374002696E+32; 4,0656739926037575E+31; 8,865176343038974E+31; 4,157583703332095E+31; 2,2031895981329767E+31; 4,0253807845911088E+31; 2,2785499481909196E+31; 3,9533844298748324E+31; 6,843968532611123E+30; 3,9409351097746345E+31; 3,115113109306385E+29; 3,945841647387379E+31; 1,0599785954917088E+30; 3,948718355814835E+31; 4,689100433115841E+18; 3,945841647387353E+31; 1,0599785954911985E+30; 3,9409351097746016E+31; 3,1151131093129436E+29; 3,9533844298748423E+31; 6,843968532611919E+30; 4,0253807845910998E+31; 2,2785499481906395E+31; 4,157583703332052E+31; 2,20318959813315E+31; 4,065673992603729E+31; 8,865176343038466E+31; 2,892118183046007E+31; 4,154244374002635E+32; 6,422324091343196E+32; 3,8768487862229637E+45; 3,8768487862229516E+45; 3,876848786222937E+45; 3,876848786222931E+45; 3,8768487862229313E+45; 3,876848786222932E+45; 3,87684878622293E+45; 3,8768487862229275E+45; 3,876848786222922E+45; 3,8768487862229136E+45; 3,876848786222907E+45; 3,8768487862229035E+45; 3,8768487862228997E+45; 3,876848786222896E+45; 3,8768487862228863E+45; 3,8768487862228705E+45; 3,8768487862228585E+45; 
57; 8,993160713951939E+30; 4,0432830105719585E+29; 5,710968829432098E+30; 5,6094842990112705E+29; 1,0880209066821445E+30; 5,6895588446364725E+29; 3,462816089910123E+29; 5,505326471627954E+29; 2,9234840359820423E+29; 5,41891866977699E+29; 7,14095618302285E+28; 5,409289575241797E+29; 1,184483882752169E+28; 5,417534690327571E+29; 1,4688725094534825E+28; 5,4213550823663365E+29; 84485923722493950; 5,417534690327661E+29; 1,468872509449682E+28; 5,40928957524189E+29; 1,184483882755566E+28; 5,418918669777111E+29; 7,140956183025764E+28; 5,505326471628109E+29; 2,923484035981801E+29; 5,6895588446365886E+29; 3,4628160899105665E+29; 5,609484299011377E+29; 1,0880209066821653E+30; 4,043283010572E+29; 5,710968829432255E+30; 8,993160713951913E+30; 6,03386036500825E+43; 6,033860365008234E+43; 6,033860365008213E+43; 6,033860365008209E+43; 6,033860365008209E+43; 6,033860365008209E+43; 6,03386036500821E+43; 6,033860365008203E+43; 6,033860365008192E+43; 6,033860365008181E+43; 6,033860365008167E+43; 6,033860365008156E+43; 6,033860365008148E+43; 6,033860365008142E+43; 6,033860365008134E+43; 6,03386036500811E+43; 6,033860365008094E+43; 
58; 8,53518621734179E+41; 3,8642142412076904E+40; 5,774797125653833E+41; 5,612035456553759E+40; 1,568681045534367E+41; 5,868353319968215E+40; 1,632735388807243E+40; 5,704608326072339E+40; 3,526851111553837E+40; 5,575376765100527E+40; 1,563182030684119E+40; 5,535784031638928E+40; 2,1886508995694038E+39; 5,536314289455428E+40; 1,1676917958631997E+39; 5,540052409402364E+40; 5,354729133857754E+27; 5,536314289455392E+40; 1,1676917958630533E+39; 5,535784031638852E+40; 2,1886508995519506E+39; 5,575376765100432E+40; 1,5631820306845017E+40; 5,704608326072289E+40; 3,52685111155454E+40; 5,868353319968107E+40; 1,6327353888067784E+40; 5,612035456553635E+40; 1,5686810455343599E+41; 3,8642142412076227E+40; 5,774797125653681E+41; 8,535186217341744E+41; 3,9433885407923004E+54; 3,943388540792287E+54; 3,943388540792268E+54; 3,94338854079226E+54; 3,943388540792258E+54; 3,943388540792258E+54; 3,9433885407922555E+54; 3,943388540792245E+54; 3,943388540792235E+54; 3,943388540792224E+54; 3,943388540792215E+54; 3,943388540792206E+54; 3,9433885407922024E+54; 3,943388540792197E+54; 3,943388540792185E+54; 3,9433885407921636E+54; 3,943388540792152E+54; 
59; 2,738895887518693E+46; 1,2432675095375178E+45; 1,8865287040347582E+46; 1,8294529023943892E+45; 5,580569859731103E+45; 1,9318742171815505E+45; 2,966457462860048E+44; 1,883046651543889E+45; 1,1741289729765452E+45; 1,8373224442196566E+45; 6,006375109549731E+44; 1,8206129441911728E+45; 1,2590043868647271E+44; 1,819115255768183E+45; 2,1935653409022354E+43; 1,8199940398681696E+45; 9,710092183144702E+31; 1,8191152557681792E+45; 2,193565340935917E+43; 1,8206129441911493E+45; 1,2590043868611179E+44; 1,8373224442196322E+45; 6,006375109549597E+44; 1,883046651543874E+45; 1,1741289729766129E+45; 1,931874217181521E+45; 2,966457462859839E+44; 1,8294529023943572E+45; 5,580569859731104E+45; 1,2432675095374971E+45; 1,8865287040346994E+46; 2,738895887518655E+46; 1,1324435056313121E+59; 1,1324435056313083E+59; 1,1324435056313025E+59; 1,1324435056313005E+59; 1,1324435056313E+59; 1,1324435056313007E+59; 1,1324435056313005E+59; 1,1324435056313005E+59; 1,1324435056312994E+59; 1,132443505631298E+59; 1,1324435056312967E+59; 1,1324435056312952E+59; 1,1324435056312938E+59; 1,132443505631293E+59; 1,1324435056312896E+59; 1,1324435056312831E+59; 1,1324435056312796E+59; 
60; 2,042385077736036E+47; 9,271797990012691E+45; 1,4075905472301344E+47; 1,3649063351201746E+46; 4,1744119934253977E+46; 1,4417441558208697E+46; 2,1647460526702915E+45; 1,405381638282611E+46; 8,773449470402046E+45; 1,3711585892411217E+46; 4,5039155872401916E+45; 1,3586148944930666E+46; 9,466136308609155E+44; 1,357489973691537E+46; 1,6573540221578385E+44; 1,3581538641497408E+46; 2,33499259857977E+33; 1,357489973691521E+46; 1,6573540222013793E+44; 1,3586148944930413E+46; 9,466136308602405E+44; 1,3711585892410906E+46; 4,50391558723798E+45; 1,4053816382825767E+46; 8,773449470402822E+45; 1,4417441558208317E+46; 2,1647460526716054E+45; 1,364906335120145E+46; 4,174411993424944E+46; 9,271797990012575E+45; 1,4075905472300922E+47; 2,042385077736044E+47; 8,412270921035455E+59; 8,412270921035423E+59; 8,412270921035373E+59; 8,41227092103535E+59; 8,412270921035346E+59; 8,41227092103535E+59; 8,412270921035343E+59; 8,412270921035328E+59; 8,412270921035307E+59; 8,412270921035275E+59; 8,412270921035244E+59; 8,412270921035227E+59; 8,412270921035205E+59; 8,412270921035182E+59; 8,412270921035145E+59; 8,412270921035091E+59; 8,41227092103506E+59; 
61; 9,191400818978257E+40; 4,151114125817756E+39; 6,10373042877557E+40; 5,947294333698668E+39; 1,5078113899803277E+40; 6,159125884337434E+39; 2,41986536761043E+39; 5,97471683046726E+39; 3,59689484344958E+39; 5,850820939909903E+39; 1,3658827754189402E+39; 5,819979196981034E+39; 9,073840944122766E+37; 5,824297407121125E+39; 1,5004134927937575E+38; 5,828684418638987E+39; 1,7528361851953477E+26; 5,824297407121119E+39; 1,500413492798707E+38; 5,819979196980975E+39; 9,073840943783734E+37; 5,850820939909708E+39; 1,3658827754160696E+39; 5,974716830467079E+39; 3,596894843451161E+39; 6,159125884337215E+39; 2,4198653676092096E+39; 5,947294333698457E+39; 1,5078113899800877E+40; 4,151114125817658E+39; 6,10373042877522E+40; 9,19140081897817E+40; 4,754033763142349E+53; 4,754033763142332E+53; 4,7540337631423115E+53; 4,754033763142304E+53; 4,754033763142302E+53; 4,754033763142304E+53; 4,754033763142299E+53; 4,754033763142285E+53; 4,7540337631422656E+53; 4,754033763142249E+53; 4,7540337631422315E+53; 4,754033763142219E+53; 4,754033763142205E+53; 4,754033763142195E+53; 4,754033763142176E+53; 4,754033763142152E+53; 4,754033763142136E+53; 
62; 1,0239331716623132E+32; 4,5985350943796497E+30; 6,397152037740664E+31; 6,306293938413197E+30; 1,0927745028151478E+31; 6,353561241334906E+30; 4,228709152712686E+30; 6,147400921942789E+30; 3,0496023200434185E+30; 6,062432634830768E+30; 6,096843920757031E+29; 6,057158753476177E+30; 1,725705478567991E+29; 6,066599673714915E+30; 1,498679517004398E+29; 6,070370483686635E+30; 8,813575257089638E+17; 6,066599673714878E+30; 1,4986795170205483E+29; 6,057158753476089E+30; 1,7257054785661385E+29; 6,062432634830639E+30; 6,096843920734805E+29; 6,147400921942595E+30; 3,0496023200433543E+30; 6,353561241334705E+30; 4,228709152713828E+30; 6,306293938413068E+30; 1,0927745028149086E+31; 4,5985350943796007E+30; 6,397152037740438E+31; 1,0239331716623175E+32; 7,538171643298035E+44; 7,538171643298013E+44; 7,53817164329798E+44; 7,538171643297964E+44; 7,538171643297957E+44; 7,538171643297946E+44; 7,538171643297926E+44; 7,538171643297902E+44; 7,538171643297875E+44; 7,538171643297843E+44; 7,538171643297812E+44; 7,538171643297788E+44; 7,53817164329776E+44; 7,538171643297739E+44; 7,538171643297723E+44; 7,53817164329769E+44; 7,538171643297674E+44; 
63; 4,263650957760663E+38; 1,9207279406635303E+37; 2,768605944652914E+38; 2,7075989472825334E+37; 6,040662906471584E+37; 2,7735661758915826E+37; 1,423754595588437E+37; 2,685735521342438E+37; 1,5390348497975665E+37; 2,6365680563494504E+37; 4,7591834413267156E+36; 2,6277403720371056E+37; 1,864288337853161E+35; 2,6311240759209508E+37; 7,491762814813143E+35; 2,633172707712187E+37; 3,3726643358565016E+24; 2,6311240759209545E+37; 7,491762814827958E+35; 2,6277403720370654E+37; 1,864288337973378E+35; 2,636568056349347E+37; 4,759183441317711E+36; 2,6857355213423283E+37; 1,5390348497973269E+37; 2,7735661758914844E+37; 1,4237545955885543E+37; 2,7075989472824394E+37; 6,040662906470613E+37; 1,9207279406634878E+37; 2,7686059446528222E+38; 4,263650957760619E+38; 2,5152364718930893E+51; 2,515236471893081E+51; 2,5152364718930694E+51; 2,5152364718930634E+51; 2,515236471893061E+51; 2,5152364718930567E+51; 2,515236471893052E+51; 2,515236471893043E+51; 2,5152364718930358E+51; 2,5152364718930285E+51; 2,5152364718930242E+51; 2,5152364718930192E+51; 2,5152364718930142E+51; 2,515236471893011E+51; 2,515236471893005E+51; 2,515236471892994E+51; 2,515236471892987E+51; 
64; 2,4647959657084073E+37; 1,1092642389513808E+36; 1,5833748382614E+37; 1,5517079820385905E+36; 3,2445497170051467E+36; 1,582022306946777E+36; 8,825908392625058E+35; 1,5314974181996686E+36; 8,44317482146179E+35; 1,5054619871903268E+36; 2,35873667082285E+35; 1,5015350104307278E+36; 2,0005785929012606E+34; 1,503560909365261E+36; 4,0375669663020495E+34; 1,5046384703355396E+36; 6,9198348706502955E+22; 1,5035609093652575E+36; 4,037566966302925E+34; 1,5015350104307104E+36; 2,0005785929347075E+34; 1,5054619871903038E+36; 2,3587366708230336E+35; 1,531497418199643E+36; 8,443174821458256E+35; 1,5820223069467467E+36; 8,825908392626659E+35; 1,551707982038558E+36; 3,244549717004611E+36; 1,1092642389513622E+36; 1,5833748382613946E+37; 2,4647959657083676E+37; 1,5497322018525138E+50; 1,5497322018525088E+50; 1,549732201852503E+50; 1,5497322018525005E+50; 1,5497322018524996E+50; 1,5497322018524988E+50; 1,5497322018524965E+50; 1,5497322018524944E+50; 1,5497322018524917E+50; 1,5497322018524895E+50; 1,5497322018524868E+50; 1,5497322018524834E+50; 1,5497322018524816E+50; 1,5497322018524793E+50; 1,5497322018524755E+50; 1,5497322018524697E+50; 1,5497322018524654E+50; 
65; 3,4610476284722706E+45; 1,5646828657708528E+44; 2,316709209585842E+45; 2,2547006279180317E+44; 5,9641235946030326E+44; 2,344506825603605E+44; 8,092893045775427E+43; 2,276304903017217E+44; 1,3843576130682161E+44; 2,227465693257836E+44; 5,577583956873359E+43; 2,2143605883200757E+44; 4,9683648137695794E+42; 2,2157003963115997E+44; 5,709251569937278E+42; 2,2174085936585455E+44; 3,742571275268544E+31; 2,215700396311579E+44; 5,709251569955274E+42; 2,214360588320028E+44; 4,968364813725277E+42; 2,2274656932577665E+44; 5,577583956868542E+43; 2,276304903017129E+44; 1,3843576130676806E+44; 2,3445068256035047E+44; 8,092893045775397E+43; 2,254700627917935E+44; 5,964123594602599E+44; 1,5646828657707924E+44; 2,31670920958574E+45; 3,461047628472163E+45; 1,7066577421668912E+58; 1,7066577421668853E+58; 1,7066577421668764E+58; 1,7066577421668717E+58; 1,706657742166869E+58; 1,706657742166866E+58; 1,706657742166861E+58; 1,7066577421668552E+58; 1,70665774216685E+58; 1,7066577421668438E+58; 1,706657742166839E+58; 1,706657742166836E+58; 1,7066577421668332E+58; 1,7066577421668307E+58; 1,7066577421668265E+58; 1,7066577421668187E+58; 1,7066577421668134E+58; 
66; 1,059347929928895E+32; 4,753981138362997E+30; 6,501907106146835E+31; 6,438545089293951E+30; 9,774012501665968E+30; 6,445433573258614E+30; 4,540937965019153E+30; 6,242255022251131E+30; 2,762549800157922E+30; 6,171540848622296E+30; 3,878254994069466E+29; 6,172617272383139E+30; 2,1776988693793424E+29; 6,182286244241466E+30; 1,3328055008896264E+29; 6,185483686890728E+30; 1,320095650540421E+18; 6,18228624424151E+30; 1,3328055009012836E+29; 6,172617272383105E+30; 2,177698869393108E+29; 6,171540848622274E+30; 3,878254994067558E+29; 6,242255022251064E+30; 2,7625498001589185E+30; 6,445433573258545E+30; 4,540937965019603E+30; 6,438545089293976E+30; 9,774012501665309E+30; 4,753981138362977E+30; 6,501907106146841E+31; 1,059347929928897E+32; 8,631935150244607E+44; 8,631935150244586E+44; 8,631935150244556E+44; 8,63193515024455E+44; 8,631935150244552E+44; 8,631935150244556E+44; 8,631935150244555E+44; 8,63193515024455E+44; 8,631935150244542E+44; 8,631935150244534E+44; 8,631935150244528E+44; 8,631935150244526E+44; 8,631935150244521E+44; 8,63193515024452E+44; 8,631935150244512E+44; 8,631935150244485E+44; 8,631935150244464E+44; 
67; 9,552905724134655E+36; 4,293107995993788E+35; 6,032681191309648E+36; 5,932452597095568E+35; 1,108073146352834E+36; 6,002859699801625E+35; 3,780840726784425E+35; 5,808079161118884E+35; 3,01403067065975E+35; 5,720916535373606E+35; 6,843683246478315E+34; 5,712915531077863E+35; 1,440569491787668E+34; 5,72187940971393E+35; 1,5220307223137984E+34; 5,725786626181932E+35; 5,349872834789537E+22; 5,721879409713878E+35; 1,5220307223216712E+34; 5,712915531077787E+35; 1,4405694917993995E+34; 5,720916535373516E+35; 6,843683246476074E+34; 5,808079161118753E+35; 3,014030670659012E+35; 6,00285969980144E+35; 3,7808407267826136E+35; 5,9324525970954184E+35; 1,108073146352551E+36; 4,2931079959937474E+35; 6,032681191309409E+36; 9,552905724134657E+36; 6,613280626719415E+49; 6,613280626719397E+49; 6,613280626719378E+49; 6,613280626719376E+49; 6,613280626719377E+49; 6,61328062671938E+49; 6,613280626719374E+49; 6,61328062671936E+49; 6,613280626719351E+49; 6,613280626719335E+49; 6,613280626719324E+49; 6,613280626719317E+49; 6,613280626719314E+49; 6,613280626719307E+49; 6,613280626719298E+49; 6,613280626719277E+49; 6,613280626719261E+49; 
68; 2,4291530320007067E+25; 1,0914809143792058E+24; 1,397579564209341E+25; 1,4130333998831436E+24; 1,10813590237508E+24; 1,3870540293860538E+24; 1,0730204755035583E+24; 1,349884256824472E+24; 3,644359803822811E+23; 1,343572357478281E+24; 2,001255637745049E+22; 1,3458805659130632E+24; 4,495806255644108E+22; 1,3472738343465882E+24; 1,291142890262825E+22; 1,3475342761305516E+24; 127934660608; 1,3472738343465657E+24; 1,291142890377841E+22; 1,3458805659130364E+24; 4,4958062556647914E+22; 1,3435723574782617E+24; 2,0012556376922453E+22; 1,3498842568244461E+24; 3,644359803819359E+23; 1,3870540293860176E+24; 1,0730204755031905E+24; 1,4130333998831054E+24; 1,1081359023748303E+24; 1,0914809143791741E+24; 1,3975795642092468E+25; 2,4291530320006474E+25; 2,8452928152926454E+38; 2,845292815292641E+38; 2,845292815292638E+38; 2,8452928152926397E+38; 2,845292815292639E+38; 2,845292815292637E+38; 2,845292815292634E+38; 2,8452928152926314E+38; 2,845292815292625E+38; 2,8452928152926197E+38; 2,845292815292612E+38; 2,845292815292606E+38; 2,8452928152926012E+38; 2,8452928152925974E+38; 2,8452928152925933E+38; 2,8452928152925865E+38; 2,845292815292582E+38; 
69; 4,212381118220855E+26; 1,8913997944602117E+25; 2,440281755148645E+26; 2,460043212157171E+25; 2,0861885567975435E+25; 2,4169678835592874E+25; 1,9217389968195474E+25; 2,348177990529613E+25; 7,14726865100718E+24; 2,334614527941424E+25; 2,4249012305098193E+23; 2,3385275473149463E+25; 8,933053353396841E+23; 2,3416241554191885E+25; 3,4588718639366816E+23; 2,3424035564046024E+25; 9924193026048; 2,341624155419144E+25; 3,4588718639493175E+23; 2,338527547314878E+25; 8,933053353588717E+23; 2,3346145279412876E+25; 2,4249012304828952E+23; 2,3481779905295255E+25; 7,14726865101503E+24; 2,416967883559222E+25; 1,9217389968206358E+25; 2,460043212157119E+25; 2,086188556797454E+25; 1,891399794460171E+25; 2,4402817551485222E+26; 4,2123811182207864E+26; 4,7273245472593973E+39; 4,7273245472593876E+39; 4,727324547259376E+39; 4,727324547259372E+39; 4,727324547259371E+39; 4,7273245472593713E+39; 4,727324547259369E+39; 4,7273245472593647E+39; 4,7273245472593604E+39; 4,727324547259354E+39; 4,72732454725935E+39; 4,727324547259342E+39; 4,7273245472593357E+39; 4,727324547259333E+39; 4,727324547259327E+39; 4,7273245472593145E+39; 4,7273245472593036E+39; 
70; 3,2396361977970532E+41; 1,4578149993559803E+40; 2,079300146103251E+41; 2,0379348526281791E+40; 4,233253437215133E+40; 2,0765226258721515E+40; 1,177513764287306E+40; 2,0095760342906768E+40; 1,1152587862927465E+40; 1,9752053195457441E+40; 3,1152790532782754E+39; 1,9699885272856545E+40; 2,5375630707595773E+38; 1,9726113572192366E+40; 5,244418029330376E+38; 1,9740111212884308E+40; 2,8477569943637794E+27; 1,972611357219239E+40; 5,2444180293547916E+38; 1,969988527285653E+40; 2,537563070771591E+38; 1,9752053195457407E+40; 3,1152790532728794E+39; 2,0095760342906413E+40; 1,11525878629253E+40; 2,07652262587212E+40; 1,1775137642871919E+40; 2,0379348526281576E+40; 4,2332534372150668E+40; 1,4578149993559667E+40; 2,079300146103215E+41; 3,239636197797011E+41; 2,0449483085306E+54; 2,0449483085305948E+54; 2,044948308530588E+54; 2,0449483085305873E+54; 2,0449483085305886E+54; 2,0449483085305903E+54; 2,0449483085305917E+54; 2,0449483085305917E+54; 2,0449483085305924E+54; 2,0449483085305948E+54; 2,0449483085305965E+54; 2,0449483085305975E+54; 2,0449483085306E+54; 2,0449483085306E+54; 2,0449483085305968E+54; 2,044948308530589E+54; 2,0449483085305835E+54; 
71; 1,1566669294298278E+36; 5,191663886118141E+34; 7,14188858103676E+35; 7,060658312615872E+34; 1,1205728466806884E+35; 7,081273023804627E+34; 4,955640649259558E+34; 6,852946625949148E+34; 3,2065316109495482E+34; 6,767937540288222E+34; 5,252619258048641E+33; 6,766794327119342E+34; 2,3605917677259594E+33; 6,778189634618238E+34; 1,689498260306429E+33; 6,782369146042901E+34; 1,0068391442137557E+22; 6,778189634618182E+34; 1,6894982603215917E+33; 6,766794327119275E+34; 2,3605917677183323E+33; 6,7679375402881E+34; 5,252619258023867E+33; 6,8529466259489785E+34; 3,206531610947957E+34; 7,081273023804378E+34; 4,9556406492564585E+34; 7,060658312615543E+34; 1,120572846680458E+35; 5,191663886117983E+34; 7,141888581036298E+35; 1,156666929429812E+36; 9,101798129215334E+48; 9,101798129215309E+48; 9,101798129215279E+48; 9,101798129215269E+48; 9,101798129215258E+48; 9,101798129215243E+48; 9,101798129215226E+48; 9,101798129215209E+48; 9,101798129215195E+48; 9,101798129215186E+48; 9,101798129215175E+48; 9,101798129215165E+48; 9,101798129215158E+48; 9,101798129215151E+48; 9,101798129215133E+48; 9,101798129215096E+48; 9,101798129215077E+48; 
72; 1,6305113474955544E+39; 7,324341041595402E+37; 1,0227164450859728E+39; 1,007244501713587E+38; 1,7944266458735355E+38; 1,0163111034215584E+38; 6,660928443901229E+37; 9,831558958863345E+37; 4,999385027382777E+37; 9,689451295997048E+37; 1,079069203364299E+37; 9,677511741424544E+37; 2,3650784458243255E+36; 9,691564848597915E+37; 2,3151685178332574E+36; 9,697437162638559E+37; 2,838880125967605E+25; 9,69156484859776E+37; 2,3151685178372502E+36; 9,677511741424514E+37; 2,3650784457835714E+36; 9,689451295997082E+37; 1,0790692033655436E+37; 9,831558958863415E+37; 4,999385027382071E+37; 1,0163111034215531E+38; 6,660928443898923E+37; 1,0072445017135751E+38; 1,794426645873576E+38; 7,32434104159525E+37; 1,0227164450859893E+39; 1,6305113474955175E+39; 1,1733484709399637E+52; 1,1733484709399606E+52; 1,1733484709399561E+52; 1,1733484709399535E+52; 1,1733484709399518E+52; 1,1733484709399496E+52; 1,1733484709399468E+52; 1,173348470939945E+52; 1,1733484709399421E+52; 1,1733484709399393E+52; 1,1733484709399369E+52; 1,1733484709399347E+52; 1,1733484709399333E+52; 1,1733484709399328E+52; 1,1733484709399311E+52; 1,1733484709399267E+52; 1,1733484709399238E+52; 
73; 3,400647200333069E+35; 1,5257565652783494E+34; 2,0749269293141207E+35; 2,057783674526777E+34; 2,9725837487280406E+34; 2,0552352349890618E+34; 1,4842735817233214E+34; 1,9906871360743096E+34; 8,494852926523624E+33; 1,9699832112796677E+34; 9,396014624043249E+32; 1,971977286236849E+34; 9,809584465312576E+32; 1,9762271300201633E+34; 5,962177472932504E+32; 1,9776923443786895E+34; 5,505560472467884E+21; 1,976227130020164E+34; 5,9621774729684635E+32; 1,9719772862368355E+34; 9,809584465302302E+32; 1,969983211279665E+34; 9,396014624032547E+32; 1,9906871360743023E+34; 8,494852926520339E+33; 2,0552352349890592E+34; 1,4842735817230454E+34; 2,0577836745267484E+34; 2,9725837487283653E+34; 1,525756565278328E+34; 2,0749269293140816E+35; 3,400647200333038E+35; 2,86063226841331E+48; 2,8606322684133043E+48; 2,8606322684132933E+48; 2,8606322684132887E+48; 2,8606322684132868E+48; 2,8606322684132835E+48; 2,8606322684132793E+48; 2,860632268413275E+48; 2,8606322684132686E+48; 2,8606322684132644E+48; 2,8606322684132592E+48; 2,8606322684132572E+48; 2,8606322684132566E+48; 2,8606322684132556E+48; 2,8606322684132527E+48; 2,8606322684132443E+48; 2,8606322684132368E+48; 
74; 1,155659456549674E+28; 5,192371101144408E+26; 6,627533564241591E+27; 6,706361760462842E+26; 4,956714148801573E+26; 6,571695167819922E+26; 5,236015767642977E+26; 6,390628181871827E+26; 1,794960403871672E+26; 6,357355559913403E+26; 1,0267989743934268E+25; 6,364484886138629E+26; 1,6643679411476985E+25; 6,367876384482181E+26; 5,93635567079738E+24; 6,36786374530477E+26; 267583978733568; 6,367876384482012E+26; 5,936355670698678E+24; 6,364484886138245E+26; 1,6643679411573424E+25; 6,35735555991293E+26; 1,0267989743790487E+25; 6,390628181871427E+26; 1,794960403869909E+26; 6,571695167819444E+26; 5,236015767640335E+26; 6,706361760462446E+26; 4,956714148800041E+26; 5,1923711011442115E+26; 6,627533564241007E+27; 1,1556594565496438E+28; 1,3704601515628647E+41; 1,370460151562862E+41; 1,3704601515628587E+41; 1,3704601515628576E+41; 1,370460151562855E+41; 1,3704601515628516E+41; 1,3704601515628495E+41; 1,3704601515628466E+41; 1,370460151562845E+41; 1,3704601515628425E+41; 1,3704601515628417E+41; 1,3704601515628396E+41; 1,3704601515628388E+41; 1,3704601515628378E+41; 1,3704601515628363E+41; 1,370460151562833E+41; 1,3704601515628313E+41; 
75; 5621149,693059838; 300656,26990567753; 2542515,9761470077; 325259,52541756677; 324232,9137594381; 315279,5653617943; 95700,3407620695; 313806,6983689554; 76165,98759250951; 310452,96796711325; 90908,97325331271; 305451,09468220733; 101101,58931863669; 301116,6486298946; 65413,51112178071; 299413,57541272196; 6,492264219559729E-07; 301116,6486298901; 65413,51112146613; 305451,0946822116; 101101,58931932942; 310452,9679670894; 90908,9732534295; 313806,6983689859; 76165,98759224935; 315279,5653618291; 95700,340761845; 325259,5254175683; 324232,91375929373; 300656,26990569645; 2542515,9761469495; 5621149,693060467; 3,520352948198654E+20; 3,5203529481986494E+20; 3,520352948198645E+20; 3,520352948198644E+20; 3,520352948198639E+20; 3,520352948198635E+20; 3,520352948198627E+20; 3,5203529481986186E+20; 3,5203529481986114E+20; 3,520352948198604E+20; 3,5203529481985976E+20; 3,5203529481985976E+20; 3,5203529481985937E+20; 3,5203529481985956E+20; 3,520352948198595E+20; 3,5203529481985937E+20; 3,5203529481985937E+20; 
76; 1,5635560436710167E+29; 7,023632036924814E+27; 8,98966769398724E+28; 9,087756966923791E+27; 6,970627650747476E+27; 8,911953472525727E+27; 7,06192799752693E+27; 8,667387964282299E+27; 2,3997668603416236E+27; 8,626076858750305E+27; 1,4469185495593253E+26; 8,642200354448985E+27; 3,168473534166065E+26; 8,652249255442696E+27; 9,754172255333777E+25; 8,65427899609332E+27; 1842489430376448; 8,652249255442543E+27; 9,754172255307304E+25; 8,642200354448859E+27; 3,16847353414458E+26; 8,626076858750124E+27; 1,44691854955728E+26; 8,667387964282159E+27; 2,3997668603434644E+27; 8,91195347252544E+27; 7,061927997526096E+27; 9,08775696692356E+27; 6,970627650747997E+27; 7,023632036924646E+27; 8,989667693987548E+28; 1,5635560436710167E+29; 1,8278978056159083E+42; 1,827897805615904E+42; 1,8278978056158956E+42; 1,8278978056158897E+42; 1,827897805615883E+42; 1,827897805615876E+42; 1,8278978056158687E+42; 1,827897805615862E+42; 1,8278978056158563E+42; 1,8278978056158517E+42; 1,8278978056158476E+42; 1,8278978056158433E+42; 1,827897805615841E+42; 1,8278978056158405E+42; 1,8278978056158393E+42; 1,8278978056158353E+42; 1,8278978056158325E+42; 
77; 1,391843125898414E+18; 64166919302334336; 7,179455721963416E+17; 77000611211054770; 18819351242881244; 74349072390899360; 43937859054722664; 73335751754516400; 4432507558656068; 73272604570179600; 5332312465974484; 73118827092246290; 4086210248075949; 72931690641005150; 2922480189608366; 72856616584858660; 86073,5; 72931690641003820; 2922480189591402; 73118827092246400; 4086210248072720,5; 73272604570180210; 5332312465928878; 73335751754518050; 4432507558637602; 74349072390898740; 43937859054704776; 77000611211055980; 18819351242938680; 64166919302333144; 7,17945572196362E+17; 1,3918431258983977E+18; 3,101365530000283E+31; 3,1013655300002795E+31; 3,1013655300002705E+31; 3,101365530000266E+31; 3,1013655300002593E+31; 3,1013655300002484E+31; 3,1013655300002385E+31; 3,1013655300002304E+31; 3,1013655300002205E+31; 3,101365530000212E+31; 3,101365530000202E+31; 3,1013655300001917E+31; 3,101365530000184E+31; 3,101365530000179E+31; 3,101365530000175E+31; 3,10136553000017E+31; 3,1013655300001674E+31; 
78; 6,627680414584761E+25; 2,990888981263032E+24; 3,6680303537314483E+25; 3,7693285194656624E+24; 1,437732975193198E+24; 3,667247108296077E+24; 2,777744715457766E+24; 3,5846646771865614E+24; 5,927066707901236E+23; 3,5805946207969044E+24; 1,8337875515735795E+23; 3,5896972940645165E+24; 1,3717531919585379E+23; 3,5938928545726893E+24; 4,167999431743769E+22; 3,5948112606758117E+24; 376455561216; 3,5938928545726367E+24; 4,167999431805543E+22; 3,589697294064379E+24; 1,3717531919698662E+23; 3,580594620796723E+24; 1,8337875515802726E+23; 3,584664677186376E+24; 5,927066707921651E+23; 3,6672471082959664E+24; 2,7777447154560266E+24; 3,769328519465444E+24; 1,4377329751949304E+24; 2,9908889812628343E+24; 3,668030353731349E+25; 6,627680414584191E+25; 9,611703673137448E+38; 9,611703673137436E+38; 9,61170367313741E+38; 9,611703673137395E+38; 9,611703673137369E+38; 9,611703673137351E+38; 9,611703673137325E+38; 9,611703673137303E+38; 9,611703673137271E+38; 9,611703673137247E+38; 9,611703673137228E+38; 9,611703673137206E+38; 9,611703673137194E+38; 9,611703673137183E+38; 9,611703673137176E+38; 9,611703673137156E+38; 9,611703673137138E+38; 
79; 2,3997147100091617E+18; 1,1085484955182594E+17; 1,2282536194532805E+18; 1,3231211716076824E+17; 43113999066571910; 1,2756509440806384E+17; 73848316099621260; 1,2604849393105856E+17; 9237593967158714; 1,2632476552297891E+17; 19261626000225412; 1,2647836465979195E+17; 15499911831722588; 1,2646392756299776E+17; 8864926773830973; 1,2644379236818789E+17; 24189; 1,2646392756299621E+17; 8864926773843517; 1,2647836465978603E+17; 15499911831729588; 1,263247655229784E+17; 19261626000130744; 1,2604849393105722E+17; 9237593967173478; 1,2756509440806491E+17; 73848316099500640; 1,3231211716076266E+17; 43113999066452984; 1,1085484955182131E+17; 1,228253619453188E+18; 2,399714710009093E+18; 5,533271620320322E+31; 5,533271620320315E+31; 5,533271620320307E+31; 5,533271620320299E+31; 5,533271620320282E+31; 5,533271620320263E+31; 5,533271620320245E+31; 5,5332716203202295E+31; 5,533271620320213E+31; 5,533271620320202E+31; 5,53327162032019E+31; 5,53327162032018E+31; 5,533271620320173E+31; 5,5332716203201665E+31; 5,533271620320165E+31; 5,533271620320161E+31; 5,533271620320155E+31; 
80; 0,003227450517954181; 0,0001516721668836792; 0,0026460459090952362; 0,0002491724407081618; 0,0011398917368641728; 0,0002584340686119026; 0,0007991343067770637; 0,00017058636056414774; 0,0026588808829857676; 8,69956701779352E-06; 0,003938722677393558; 0,00020600470521911724; 0,004183568740296313; 0,00039214506568324784; 0,0029912523906634888; 0,00047512394990756253; 3,309276330350276E-17; 0,0003921450656832481; 0,0029912523906634367; 0,00020600470521911802; 0,004183568740296277; 8,69956701779228E-06; 0,003938722677393547; 0,0001705863605641458; 0,002658880882985783; 0,00025843406861190065; 0,0007991343067771024; 0,0002491724407081606; 0,0011398917368641254; 0,00015167216688367896; 0,0026460459090952085; 0,0032274505179541867; 641267007,7629043; 641267007,7628767; 641267007,7628126; 641267007,7627394; 641267007,7626817; 641267007,762659; 641267007,762685; 641267007,7627684; 641267007,7629178; 641267007,7630444; 641267007,7630699; 641267007,7630193; 641267007,76292; 641267007,7628022; 641267007,762693; 641267007,7626159; 641267007,7625885; 
81; 0,003236247836772056; 0,00015210115067687107; 0,0026541987446707335; 0,00024996038664823987; 0,0011457807382842583; 0,0002594203049128421; 0,0007973668318024949; 0,0001715349761594425; 0,002662154269120312; 9,636782072835973E-06; 0,003945861731276185; 0,00020571700051793745; 0,004191452048722889; 0,0003921950296753483; 0,0029963479792138007; 0,000475306720188122; 9,181615546550513E-17; 0,00039219502967535367; 0,0029963479792136597; 0,00020571700051794686; 0,004191452048722812; 9,636782072827064E-06; 0,003945861731276176; 0,00017153497615943176; 0,0026621542691203566; 0,00025942030491283316; 0,0007973668318025727; 0,00024996038664823375; 0,0011457807382841702; 0,0001521011506768682; 0,0026541987446706515; 0,0032362478367720096; 706480106,7419205; 706480106,7418966; 706480106,7418422; 706480106,7417748; 706480106,7417256; 706480106,741703; 706480106,7417234; 706480106,7417948; 706480106,7419343; 706480106,7420495; 706480106,7420703; 706480106,7420213; 706480106,7419342; 706480106,7418268; 706480106,7417303; 706480106,7416607; 706480106,7416366; 
82; 9,952970416979566E+26; 4,494388806634404E+25; 5,489766905146864E+26; 5,650898583081277E+25; 1,9747498322862616E+25; 5,494645802241514E+25; 4,142965862731477E+25; 5,372077350805519E+25; 8,878990935008356E+24; 5,364008918174315E+25; 2,0118844894933453E+24; 5,373244427718779E+25; 1,1337765888427355E+24; 5,375580628402586E+25; 2,071668049068487E+23; 5,3754176363017434E+25; 23586886647808; 5,375580628402451E+25; 2,0716680488106775E+23; 5,373244427718639E+25; 1,1337765888606235E+24; 5,364008918174033E+25; 2,0118844895049377E+24; 5,372077350805255E+25; 8,878990935003721E+24; 5,4946458022412445E+25; 4,142965862734602E+25; 5,650898583081097E+25; 1,9747498322864927E+25; 4,494388806634321E+25; 5,489766905146664E+26; 9,952970416979408E+26; 1,4728837457849258E+40; 1,4728837457849238E+40; 1,4728837457849207E+40; 1,4728837457849193E+40; 1,4728837457849188E+40; 1,4728837457849163E+40; 1,4728837457849137E+40; 1,47288374578491E+40; 1,4728837457849081E+40; 1,472883745784905E+40; 1,472883745784902E+40; 1,4728837457848997E+40; 1,4728837457848972E+40; 1,4728837457848963E+40; 1,4728837457848948E+40; 1,4728837457848914E+40; 1,4728837457848895E+40; 
83; 5,842230284614187E+41; 2,6210445286216116E+40; 3,568594696899599E+41; 3,537529454929917E+40; 5,14033953985738E+40; 3,5330116795521614E+40; 2,5851708470509294E+40; 3,4195627180400896E+40; 1,5188264779958447E+40; 3,3810475391258807E+40; 2,0562297504507758E+39; 3,3818378490223357E+40; 1,2078648846872617E+39; 3,3871640693734946E+40; 7,325582047659143E+38; 3,3889236128114693E+40; 9,96876452961037E+27; 3,387164069373457E+40; 7,325582047669476E+38; 3,3818378490222874E+40; 1,2078648846835741E+39; 3,381047539125878E+40; 2,0562297504660162E+39; 3,4195627180401085E+40; 1,5188264779955562E+40; 3,533011679552182E+40; 2,5851708470507597E+40; 3,5375294549299145E+40; 5,140339539856682E+40; 2,6210445286216233E+40; 3,5685946968996666E+41; 5,842230284614291E+41; 4,872535008431589E+54; 4,872535008431577E+54; 4,87253500843156E+54; 4,872535008431553E+54; 4,872535008431553E+54; 4,872535008431553E+54; 4,872535008431551E+54; 4,872535008431552E+54; 4,8725350084315517E+54; 4,8725350084315476E+54; 4,872535008431547E+54; 4,872535008431549E+54; 4,8725350084315517E+54; 4,872535008431557E+54; 4,872535008431555E+54; 4,8725350084315455E+54; 4,872535008431535E+54; 
84; 4,874681770336403E+51; 2,1935433546817924E+50; 3,129015605326141E+51; 3,0666096326053623E+50; 6,370888120191767E+50; 3,1245736174114177E+50; 1,7758161766373616E+50; 3,0236807828237827E+50; 1,679299852434056E+50; 2,972050016434269E+50; 4,643130870404509E+49; 2,964498535692212E+50; 4,4887733328102924E+48; 2,9687431503063E+50; 8,351641097439583E+48; 2,970969766077266E+50; 4,64804679219428E+37; 2,9687431503062993E+50; 8,3516410974666E+48; 2,9644985356922083E+50; 4,488773332821085E+48; 2,9720500164342433E+50; 4,6431308704045225E+49; 3,0236807828237744E+50; 1,6792998524341239E+50; 3,1245736174114027E+50; 1,775816176637094E+50; 3,066609632605306E+50; 6,37088812019274E+50; 2,1935433546817334E+50; 3,129015605326042E+51; 4,87468177033631E+51; 3,0729906319904246E+64; 3,072990631990415E+64; 3,072990631990402E+64; 3,072990631990394E+64; 3,0729906319903884E+64; 3,072990631990382E+64; 3,072990631990375E+64; 3,0729906319903685E+64; 3,0729906319903615E+64; 3,072990631990353E+64; 3,0729906319903474E+64; 3,072990631990343E+64; 3,0729906319903404E+64; 3,0729906319903404E+64; 3,0729906319903346E+64; 3,0729906319903235E+64; 3,0729906319903147E+64; 
85; 9,21953278622465E+46; 4,140924108664191E+45; 5,764615039427794E+46; 5,682084291400521E+45; 9,914506645713262E+45; 5,727461519229761E+45; 3,7737802214890774E+45; 5,54255587838908E+45; 2,7464337008875582E+45; 5,4656921596794444E+45; 5,595264173383489E+44; 5,4604400524831045E+45; 1,4674149276007369E+44; 5,46861663022923E+45; 1,3067225064507655E+44; 5,471906038644231E+45; 1,34437317210298E+33; 5,4686166302291405E+45; 1,3067225064536227E+44; 5,460440052483015E+45; 1,4674149276111588E+44; 5,4656921596793297E+45; 5,595264173395456E+44; 5,542555878388982E+45; 2,7464337008875858E+45; 5,727461519229637E+45; 3,773780221488717E+45; 5,682084291400396E+45; 9,914506645713646E+45; 4,140924108664086E+45; 5,764615039427501E+46; 9,219532786224565E+46; 6,766253426576564E+59; 6,766253426576544E+59; 6,766253426576521E+59; 6,766253426576509E+59; 6,766253426576499E+59; 6,766253426576486E+59; 6,766253426576471E+59; 6,766253426576451E+59; 6,76625342657643E+59; 6,766253426576404E+59; 6,766253426576387E+59; 6,766253426576371E+59; 6,766253426576359E+59; 6,766253426576352E+59; 6,7662534265763415E+59; 6,766253426576319E+59; 6,766253426576303E+59; 
86; 2,1651732153458282E+46; 9,721143524917406E+44; 1,344577195311109E+46; 1,327477016436628E+45; 2,20324422229611E+45; 1,3345044594009999E+45; 9,06381006539023E+44; 1,291598237177208E+45; 6,176295311547689E+44; 1,2748238620754195E+45; 1,1214354461630547E+44; 1,274153798665897E+45; 3,9007040435206385E+43; 1,2761347971156508E+45; 3,006612077567001E+43; 1,2768806287050281E+45; 1,0463254903045927E+32; 1,276134797115649E+45; 3,006612077518834E+43; 1,2741537986658999E+45; 3,900704043510291E+43; 1,2748238620754027E+45; 1,121435446155883E+44; 1,2915982371771612E+45; 6,176295311543097E+44; 1,3345044594009523E+45; 9,063810065389686E+44; 1,3274770164365796E+45; 2,203244222295809E+45; 9,721143524917146E+44; 1,344577195311067E+46; 2,1651732153458072E+46; 1,651100890606613E+59; 1,6511008906066084E+59; 1,6511008906066006E+59; 1,6511008906065955E+59; 1,6511008906065903E+59; 1,6511008906065843E+59; 1,6511008906065763E+59; 1,6511008906065691E+59; 1,6511008906065633E+59; 1,6511008906065575E+59; 1,6511008906065513E+59; 1,6511008906065457E+59; 1,6511008906065417E+59; 1,651100890606538E+59; 1,651100890606534E+59; 1,6511008906065279E+59; 1,6511008906065243E+59; 
87; 1,2180646166341371E+45; 5,466666217509395E+43; 7,488122133916093E+44; 7,412149484812234E+43; 1,139750126461385E+44; 7,424295566882846E+43; 5,212260448475625E+43; 7,18872175947182E+43; 3,246036594859158E+43; 7,103731915867386E+43; 5,1586828144171496E+42; 7,102014310371247E+43; 2,0309675534072575E+42; 7,111367631353272E+43; 1,2983081895602E+42; 7,114458925976833E+43; 2,044303232374895E+31; 7,111367631353118E+43; 1,2983081895819376E+42; 7,102014310371041E+43; 2,0309675533833256E+42; 7,103731915867251E+43; 5,158682814425309E+42; 7,188721759471662E+43; 3,246036594856403E+43; 7,424295566882527E+43; 5,212260448473035E+43; 7,412149484811855E+43; 1,1397501264612352E+44; 5,466666217509207E+43; 7,488122133915727E+44; 1,2180646166341073E+45; 9,841116122489292E+57; 9,841116122489261E+57; 9,841116122489224E+57; 9,841116122489207E+57; 9,841116122489183E+57; 9,841116122489149E+57; 9,841116122489114E+57; 9,841116122489083E+57; 9,841116122489045E+57; 9,841116122489008E+57; 9,841116122488973E+57; 9,841116122488942E+57; 9,841116122488917E+57; 9,841116122488899E+57; 9,841116122488884E+57; 9,841116122488846E+57; 9,841116122488825E+57; 
88; 1,798614091681856E+52; 8,087441838620963E+50; 1,1437976741194144E+52; 1,1231532344752388E+51; 2,1992588302197114E+51; 1,1399018622885778E+51; 6,868992869486375E+50; 1,1030445113456284E+51; 5,885274120606381E+50; 1,0855679136058375E+51; 1,4578686261193034E+50; 1,0835718626022769E+51; 2,367520374272177E+49; 1,0852532381925151E+51; 3,0279904936743657E+49; 1,0860441175492869E+51; 2,343835253797987E+38; 1,0852532381925046E+51; 3,0279904936714274E+49; 1,0835718626022717E+51; 2,367520374259077E+49; 1,0855679136058277E+51; 1,457868626115321E+50; 1,103044511345593E+51; 5,885274120603148E+50; 1,1399018622885382E+51; 6,868992869488946E+50; 1,1231532344752177E+51; 2,1992588302190093E+51; 8,087441838620951E+50; 1,1437976741194054E+52; 1,7986140916818844E+52; 1,1973788822406544E+65; 1,1973788822406505E+65; 1,1973788822406446E+65; 1,1973788822406425E+65; 1,197378882240641E+65; 1,1973788822406383E+65; 1,1973788822406346E+65; 1,1973788822406327E+65; 1,1973788822406296E+65; 1,1973788822406257E+65; 1,1973788822406224E+65; 1,197378882240619E+65; 1,1973788822406158E+65; 1,1973788822406137E+65; 1,1973788822406116E+65; 1,1973788822406072E+65; 1,197378882240604E+65; 
89; 1,1113363534663327E+52; 4,995483204085072E+50; 7,037419966592081E+51; 6,916541770382483E+50; 1,3163873664838778E+51; 7,006775875993782E+50; 4,343871158690234E+50; 6,779222400435945E+50; 3,5715881107932783E+50; 6,674421722102518E+50; 8,543600527409493E+49; 6,663150915017925E+50; 1,4622642367258634E+49; 6,673082112383081E+50; 1,747862544320704E+49; 6,677609404843339E+50; 8,648192292009511E+37; 6,673082112383113E+50; 1,7478625443164476E+49; 6,6631509150179566E+50; 1,4622642367256822E+49; 6,67442172210256E+50; 8,543600527417622E+49; 6,779222400436018E+50; 3,5715881107936982E+50; 7,006775875993829E+50; 4,343871158689798E+50; 6,9165417703825305E+50; 1,3163873664838985E+51; 4,995483204085103E+50; 7,037419966592146E+51; 1,1113363534663577E+52; 7,579275745044682E+64; 7,579275745044661E+64; 7,579275745044627E+64; 7,579275745044615E+64; 7,579275745044608E+64; 7,579275745044606E+64; 7,57927574504461E+64; 7,579275745044612E+64; 7,579275745044612E+64; 7,579275745044614E+64; 7,579275745044619E+64; 7,579275745044625E+64; 7,579275745044635E+64; 7,579275745044639E+64; 7,579275745044634E+64; 7,57927574504461E+64; 7,579275745044591E+64; 
90; 1,6701539370726794E+52; 7,506288835048436E+50; 1,0551760255419849E+52; 1,0376185155399153E+51; 1,9462806422414732E+51; 1,0503199797331232E+51; 6,551700025752474E+50; 1,0164252363329093E+51; 5,263633210705292E+50; 1,00111464477005E+51; 1,226853973733817E+50; 9,995294519463521E+50; 2,1210491478157184E+49; 1,0009240445633588E+51; 2,3990392176489427E+49; 1,0015389554435082E+51; 1,1427336733684912E+38; 1,0009240445633608E+51; 2,399039217637533E+49; 9,995294519463461E+50; 2,121049147851613E+49; 1,0011146447700329E+51; 1,226853973732602E+50; 1,0164252363328915E+51; 5,26363321070709E+50; 1,0503199797331144E+51; 6,551700025750672E+50; 1,0376185155398985E+51; 1,9462806422414706E+51; 7,506288835048371E+50; 1,0551760255419452E+52; 1,6701539370727E+52; 1,154862554706156E+65; 1,1548625547061524E+65; 1,154862554706148E+65; 1,154862554706146E+65; 1,1548625547061456E+65; 1,1548625547061447E+65; 1,1548625547061433E+65; 1,1548625547061424E+65; 1,1548625547061405E+65; 1,1548625547061388E+65; 1,1548625547061384E+65; 1,1548625547061381E+65; 1,1548625547061381E+65; 1,154862554706138E+65; 1,1548625547061367E+65; 1,1548625547061323E+65; 1,1548625547061297E+65; 
