0; 0; 0; 0; 0; 0; 0; 0; 0; 
0,004870686284635339; 0,0001382568008403494; 6,530733865454519E-05; 0,0006563921399526717; 0,00020418660930824077; 8,453186507615595E-20; 6,53073386545452E-05; -0,000656392139952672; -0,00013825680084034948; 
0,009741372569270677; 0,0018570022568681612; 0,0004910512972979549; 0,003354748843819802; 0,0010363921440353445; 6,454391058077769E-19; 0,000491051297297955; -0,0033547488438198034; -0,001857002256868162; 
0,014612058853906016; 0,00826493006951166; 0,0017003183640331237; 0,008587867379266317; 0,0028635024920162814; 2,8866882842426556E-18; 0,0017003183640331243; -0,008587867379266317; -0,008264930069511666; 
0,019482745138541355; 0,020493137184900385; 0,003901597173326134; 0,017327940516817155; 0,0060321535857696925; 6,342582709040201E-18; 0,0039015971733261357; -0,01732794051681716; -0,020493137184900402; 
0,024353431423176693; 0,03777788588692477; 0,007109273144017144; 0,030700463935918416; 0,010726378259951331; 4,87890977618477E-18; 0,007109273144017146; -0,030700463935918416; -0,03777788588692479; 
0,029224117707812032; 0,06079597529248427; 0,011284922018769244; 0,0473998579790041; 0,016708810391662113; 8,023096076392733E-18; 0,011284922018769246; -0,047399857979004104; -0,06079597529248429; 
0,03409480399244737; 0,08809399120938385; 0,016164306194682992; 0,06628865067688468; 0,023565255401848128; 2,0599841277224584E-17; 0,016164306194682992; -0,0662886506768847; -0,08809399120938388; 
0,03896549027708271; 0,11609150490102786; 0,02124057986437355; 0,0864888888924572; 0,030792690613431692; 1,6263032587282567E-17; 0,021240579864373554; -0,0864888888924572; -0,11609150490102793; 
0,04383617656171805; 0,14259079333808308; 0,026019248097464722; 0,10531980712123623; 0,03755665013339316; 6,765421556309548E-17; 0,026019248097464736; -0,10531980712123624; -0,14259079333808328; 
0,048706862846353394; 0,1648009612412694; 0,029943099747747226; 0,1200560854273611; 0,042962044534825675; 8,066464163292153E-17; 0,029943099747747247; -0,12005608542736111; -0,16480096124126953; 
0,053577549130988736; 0,17835563499087856; 0,03235067691210978; 0,12924306930522086; 0,04630038744476734; 6,158268339717665E-17; 0,032350676912109806; -0,12924306930522084; -0,17835563499087875; 
0,05844823541562408; 0,18069728241239644; 0,03276975989754708; 0,13075620803865687; 0,04683193619073796; 1,717376241217039E-16; 0,03276975989754712; -0,13075620803865692; -0,18069728241239683; 
0,06331892170025942; 0,1709680101489656; 0,030901798122887816; 0,12246453424421362; 0,04398641425557773; 1,5829351718288365E-16; 0,030901798122887854; -0,12246453424421364; -0,17096801014896587; 
0,06818960798489476; 0,14702603344402065; 0,02652625305615962; 0,1046607907483772; 0,03764316845990749; 7,37257477290143E-18; 0,02652625305615962; -0,10466079074837717; -0,1470260334440207; 
0,0730602942695301; 0,10929736639204156; 0,019711876400754242; 0,07765763474540975; 0,02792179477795365; -7,654467337747661E-17; 0,01971187640075422; -0,0776576347454098; -0,10929736639204135; 
0,07793098055416545; 0,0606454030456185; 0,010843327233632322; 0,04189496485638779; 0,015170968209923986; 1,474514954580286E-17; 0,010843327233632327; -0,04189496485638779; -0,0606454030456186; 
0,08280166683880079; 0,003139693324384782; 0,0004059522882252292; 0,00014477172419979562; 0,00022814420319794743; 1,6983349405627624E-16; 0,0004059522882252712; -0,0001447717241997981; -0,003139693324385122; 
0,08767235312343613; -0,05963413930178335; -0,010911946853786289; -0,044457842549602306; -0,01583589511956324; 1,0809495659680479E-16; -0,01091194685378626; 0,0444578425496023; 0,059634139301783184; 
0,09254303940807147; -0,1218947465823013; -0,022187318201886727; -0,08935298383986277; -0,03193097475188718; -1,1254018550399536E-16; -0,022187318201886748; 0,08935298383986283; 0,12189474658230146; 
0,09741372569270682; -0,17901536460269118; -0,03255786900760111; -0,13076608143453686; -0,046740231631387255; -1,9125326322644298E-16; -0,03255786900760115; 0,1307660814345369; 0,17901536460269163; 
0,10228441197734216; -0,22720633993376663; -0,041208967628520485; -0,16459723480021007; -0,05897011816326923; -6,722053469410127E-17; -0,0412089676285205; 0,16459723480021016; 0,22720633993376677; 
0,1071550982619775; -0,26105421228429354; -0,04732334400830166; -0,18876366094385152; -0,06765213536527984; 4,9439619065339E-17; -0,047323344008301654; 0,18876366094385155; 0,2610542122842935; 
0,11202578454661284; -0,2775347269024757; -0,05033824624327388; -0,20098188578605608; -0,07198354884538422; -1,0061396160665481E-16; -0,050338246243273904; 0,2009818857860561; 0,2775347269024758; 
0,11689647083124818; -0,27595685340454057; -0,04999748385390714; -0,19918737903711642; -0,07141403954207048; -3,2699537522162814E-16; -0,04999748385390721; 0,1991873790371165; 0,2759568534045411; 
0,12176715711588353; -0,25508921947622254; -0,04620064305247106; -0,1839081386786553; -0,06595487511887148; -2,8666305440516737E-16; -0,04620064305247114; 0,18390813867865527; 0,25508921947622326; 
0,12663784340051887; -0,2159679936812323; -0,03916024433971728; -0,15626715673928598; -0,05598224737761936; -8,716985466783456E-17; -0,03916024433971729; 0,156267156739286; 0,21596799368123246; 
0,1315085296851542; -0,1624684362545843; -0,029457428465942896; -0,11752070268074688; -0,0421059824786659; 1,9992688060632702E-16; -0,029457428465942848; 0,1175207026807469; 0,1624684362545839; 
0,13637921596978952; -0,09817881750311032; -0,01778297440176667; -0,07084220567546445; -0,025414725224200505; 1,3162214373974024E-16; -0,017782974401766644; 0,07084220567546443; 0,09817881750311012; 
0,14124990225442485; -0,0271619746151292; -0,00498143940369353; -0,020365313864460097; -0,007230467044827377; -2,428070765281287E-16; -0,004981439403693589; 0,020365313864460145; 0,027161974615129612; 
0,14612058853906018; 0,04401211059908968; 0,007910613359610621; 0,03095640968009561; 0,011167730658242442; -2,899156609226239E-16; 0,007910613359610545; -0,030956409680095658; -0,04401211059908904; 
0,1509912748236955; 0,11017099025838681; 0,019939838682910136; 0,07918737558733314; 0,028398960480834914; 3,1008182133085427E-17; 0,01993983868291014; -0,07918737558733316; -0,11017099025838689; 
0,15586196110833084; 0,1675670159015562; 0,030294801443657735; 0,12012329494553277; 0,043135834508483274; 3,41740524767431E-16; 0,030294801443657825; -0,12012329494553277; -0,16756701590155693; 
0,16073264739296617; 0,21122554007291; 0,038212111921511166; 0,15169813853864691; 0,054450316499942794; 4,102621020685149E-16; 0,038212111921511256; -0,151698138538647; -0,21122554007291072; 
0,1656033336776015; 0,23833517549511515; 0,04318795953161259; 0,1720890106370405; 0,06167861679772947; 1,0842021724855044E-17; 0,043187959531612606; -0,1720890106370405; -0,23833517549511532; 
0,17047401996223682; 0,24867995689356162; 0,04507082396065944; 0,17966212362279987; 0,06439237294926677; -1,7433970933566911E-16; 0,045070823960659395; -0,17966212362279987; -0,24867995689356132; 
0,17534470624687215; 0,24199378804822877; 0,04386277701629674; 0,17494323617004204; 0,06270946216811991; 7,37257477290143E-18; 0,04386277701629673; -0,17494323617004212; -0,24199378804822874; 
0,18021539253150748; 0,21920342447781674; 0,03982473553663714; 0,1596173249218867; 0,057101940671542055; 2,5804011705155006E-16; 0,039824735536637214; -0,15961732492188674; -0,21920342447781738; 
0,1850860788161428; 0,18434826622955117; 0,0335391799799429; 0,13485024106285415; 0,048196973049721446; 4,40619762898109E-16; 0,033539179979943004; -0,1348502410628542; -0,18434826622955208; 
0,18995676510077814; 0,1409214664147014; 0,02566020821931584; 0,10344528699077524; 0,03696465665536705; 1,5222198501696482E-16; 0,025660208219315882; -0,10344528699077528; -0,1409214664147017; 
0,19482745138541346; 0,09208713501867086; 0,016887625739589095; 0,06908760647126844; 0,0245534696062282; -1,74122868901172E-16; 0,016887625739589036; -0,06908760647126842; -0,09208713501867055; 
0,1996981376700488; 0,04319948764363858; 0,008043007931437517; 0,03401416071820963; 0,011964983191392916; -3,4575207280562736E-16; 0,008043007931437435; -0,034014160718209646; -0,043199487643637846; 
0,20456882395468412; -0,0018559051210534838; -0,00016203854423692943; 0,0009557398641787481; 0,00017315252944655554; 5,5091022889419694E-18; -0,0001620385442369338; -0,000955739864178732; 0,0018559051210534395; 
0,20943951023931945; -0,040901168464282156; -0,007228821154349299; -0,027123396839110702; -0,009911667954662374; 3,0661237437890065E-16; -0,0072288211543492156; 0,027123396839110706; 0,040901168464281545; 
0,21431019652395478; -0,07117060157694118; -0,01271827982935973; -0,04909724966876996; -0,017792055790431836; 2,49366499671666E-16; -0,012718279829359672; 0,049097249668769966; 0,07117060157694069; 
0,2191808828085901; -0,09099904568926565; -0,01640799061202413; -0,06461024429831146; -0,02323707317537121; -2,1358782797964437E-16; -0,016407990612024186; 0,06461024429831148; 0,09099904568926608; 
0,22405156909322543; -0,1016464061559761; -0,018381873553922002; -0,07289307762573395; -0,026163282915383064; -4,761815941556335E-16; -0,018381873553922123; 0,07289307762573392; 0,10164640615597713; 
0,22892225537786076; -0,10393375673244548; -0,018818833045535735; -0,07490977011236281; -0,02687981937711489; -2,1185310450366757E-16; -0,018818833045535794; 0,07490977011236283; 0,10393375673244587; 
0,2337929416624961; -0,09886578818250061; -0,01801658651524152; -0,07268308820723106; -0,025942559902512787; 2,1076890233118206E-16; -0,018016586515241458; 0,0726830882072311; 0,09886578818250019; 
0,23866362794713142; -0,09003559951489054; -0,01647455876931449; -0,06710229577328602; -0,023884931903206872; 3,874938564463193E-16; -0,016474558769314404; 0,06710229577328602; 0,0900355995148898; 
0,24353431423176675; -0,0800032339143567; -0,014669564412470932; -0,060051499873474565; -0,02135779706919617; -7,719519468096792E-17; -0,01466956441247094; 0,06005149987347459; 0,08000323391435683; 
0,24840500051640207; -0,07025408998165086; -0,012971699886528361; -0,05389436326589984; -0,019069831243193835; -4,0614213381306996E-16; -0,012971699886528468; 0,053894363265899844; 0,07025408998165165; 
0,2532756868010374; -0,06341930781135023; -0,011776253038147956; -0,04949049248306825; -0,01743915750415256; -3,2807957739411364E-16; -0,011776253038148029; 0,049490492483068256; 0,06341930781135088; 
0,25814637308567273; -0,061152552378517265; -0,011321410544034826; -0,047328999749848374; -0,016726608033952605; 2,0599841277224584E-16; -0,011321410544034781; 0,0473289997498484; 0,061152552378516835; 
0,26301705937030806; -0,0626403166698646; -0,011589557678225058; -0,04838284669018469; -0,017100990744365017; 3,756760527662273E-16; -0,011589557678224957; 0,0483828466901847; 0,06264031666986386; 
0,2678877456549434; -0,0676019106494581; -0,012493279141354847; -0,05195230181628307; -0,01836072597199752; 8,207410445715269E-17; -0,012493279141354828; 0,05195230181628308; 0,06760191064945792; 
0,2727584319395787; -0,07543089235389489; -0,01381120527833448; -0,056377355194713596; -0,02007027492862608; -3,8098864341140626E-16; -0,01381120527833458; 0,05637735519471362; 0,07543089235389563; 
0,27762911822421404; -0,08285071746657222; -0,015103027222003731; -0,06100876495960238; -0,021780504313260493; -4,508112633194727E-16; -0,01510302722200385; 0,0610087649596024; 0,08285071746657312; 
0,2824998045088494; -0,08753790288231175; -0,01592481950939917; -0,06400148881047597; -0,022869189277035643; -6,201636426617085E-17; -0,015924819509399186; 0,064001488810476; 0,08753790288231188; 
0,2873704907934847; -0,08791181077380442; -0,01589244842134344; -0,06299474274831017; -0,022621800002868737; 3,449931312848875E-16; -0,015892448421343346; 0,06299474274831018; 0,08791181077380375; 
0,29224117707812003; -0,08102278608141232; -0,014568309939591186; -0,057036685377800836; -0,02057098386299488; 3,447762908503904E-16; -0,014568309939591101; 0,05703668537780085; 0,08102278608141164; 
0,29711186336275536; -0,06503598794336601; -0,011663476212059608; -0,04535507251212303; -0,016374108094410856; -1,3910313872989022E-16; -0,011663476212059634; 0,045355072512123035; 0,06503598794336632; 
0,3019825496473907; -0,04038758147633302; -0,007142406774400326; -0,02682947437394313; -0,00979724351354743; -4,032147879473591E-16; -0,007142406774400437; 0,026829474373943132; 0,04038758147633382; 
0,306853235932026; -0,007159369274444913; -0,001062487901203928; -0,0021489730508324656; -0,0010222411855086266; -2,60587992156891E-16; -0,0010624879012039858; 0,0021489730508324665; 0,007159369274445439; 
0,31172392221666134; 0,033854384888132055; 0,006322820727681337; 0,026958931848078994; 0,009477293892039343; 2,808625727823699E-16; 0,006322820727681399; -0,026958931848079; -0,03385438488813261; 
0,31659460850129667; 0,07883652011119101; 0,014475502441628152; 0,05941351704169034; 0,02110635161814538; 4,0874421902703517E-16; 0,014475502441628261; -0,05941351704169034; -0,07883652011119187; 
0,321465294785932; 0,12457534765454113; 0,022775639751230155; 0,09257548615963948; 0,032967201413723723; 1,199127602768968E-16; 0,022775639751230176; -0,09257548615963954; -0,12457534765454137; 
0,3263359810705673; 0,16794188205327987; 0,030563282112369566; 0,12299970368107342; 0,043959765015652484; -3,148523108897905E-16; 0,030563282112369482; -0,12299970368107346; -0,1679418820532792; 
0,33120666735520266; 0,20398558218125237; 0,037044270448099874; 0,14837280311446654; 0,05310967485536825; -2,5500435096859064E-16; 0,03704427044809981; -0,14837280311446663; -0,2039855821812519; 
0,336077353639838; 0,22866119210446303; 0,041514229849335456; 0,16613821514923366; 0,05946460977900793; 2,7972416050126014E-16; 0,041514229849335525; -0,16613821514923363; -0,22866119210446362; 
0,3409480399244733; 0,23981679750082013; 0,043475287954754166; 0,17339816043552467; 0,06213621453486018; 5,464378949326942E-16; 0,04347528795475431; -0,17339816043552467; -0,23981679750082127; 
0,34581872620910864; 0,23488943071876378; 0,042515162304518836; 0,1690311773515715; 0,0606513664428717; 3,5084782301630923E-16; 0,04251516230451891; -0,16903117735157158; -0,2348894307187644; 
0,35068941249374397; 0,2123902467735807; 0,038462724467924064; 0,1530107598950571; 0,05486538607064424; -2,185751579730777E-16; 0,03846272446792404; -0,15301075989505705; -0,2123902467735804; 
0,3555600987783793; 0,174149130672558; 0,03150183242549402; 0,12503010152830352; 0,04487206368793813; -1,739060284666749E-16; 0,03150183242549398; -0,12503010152830357; -0,1741491306725576; 
0,3604307850630146; 0,1219693577135818; 0,022005584683770906; 0,08684220860208385; 0,031238815679592448; 1,7650811368064012E-16; 0,022005584683770948; -0,0868422086020839; -0,1219693577135821; 
0,36530147134764995; 0,058479435946598275; 0,010542242102610188; 0,04149516606227621; 0,014925547444366076; 3,5041414214731503E-16; 0,010542242102610285; -0,041495166062276156; -0,058479435946599115; 
0,3701721576322853; -0,010951456032803408; -0,0020252460960180963; -0,008456209306862857; -0,0029943690709853393; 2,2236986557677696E-16; -0,002025246096018049; 0,008456209306862791; 0,010951456032803132; 
0,3750428439169206; -0,08108559132855155; -0,014759299167563413; -0,059398981954806924; -0,021216854649194827; -2,7777259659078624E-16; -0,014759299167563475; 0,05939898195480697; 0,08108559132855199; 
0,37991353020155594; -0,14750561267002513; -0,026757477089947225; -0,1068736826750497; -0,03827984708764424; -4,128641872824801E-16; -0,026757477089947326; 0,10687368267504971; 0,147505612670026; 
0,38478421648619127; -0,2045808384368378; -0,03705976164661771; -0,1476180637647; -0,05293800894159531; -8,630249292984615E-17; -0,037059761646617735; 0,14761806376469994; 0,20458083843683803; 
0,3896549027708266; -0,24734530652993084; -0,04484987615822448; -0,17895472572264887; -0,06410951040186018; 2,255140518769849E-16; -0,04484987615822441; 0,17895472572264898; 0,2473453065299303; 
0,3945255890554619; -0,27365432436597165; -0,04959960373357249; -0,19775065911353515; -0,07087269106082625; 3,0184188481996443E-16; -0,04959960373357242; 0,19775065911353512; 0,2736543243659712; 
0,39939627534009725; -0,2812834783097315; -0,05095472967361487; -0,2029452337534354; -0,0727736464882587; -6,765421556309548E-17; -0,05095472967361489; 0,20294523375343548; 0,2812834783097316; 
0,4042669616247326; -0,2691503788160333; -0,04881172639690844; -0,19484659184437347; -0,06979927108133092; -5,273559366969494E-16; -0,048811726396908575; 0,19484659184437347; 0,2691503788160344; 
0,4091376479093679; -0,23947888417588106; -0,04345247563125493; -0,17367519327337425; -0,062192023154620815; -5,355958732078392E-16; -0,04345247563125507; 0,17367519327337427; 0,23947888417588228; 
0,41400833419400324; -0,19493066877346915; -0,03536715753016219; -0,1413534711532547; -0,05063269757911842; -1,5178830414797062E-16; -0,03536715753016223; 0,14135347115325478; 0,19493066877346937; 
0,41887902047863856; -0,13851184447883536; -0,02519093854511804; -0,10123395729337682; -0,03619367990030398; 2,981555974335137E-16; -0,025190938545117978; 0,10123395729337675; 0,13851184447883488; 
0,4237497067632739; -0,07545969285649991; -0,013808515249612806; -0,0562124878309596; -0,020002536550237874; 1,7845967759111403E-16; -0,013808515249612748; 0,05621248783095965; 0,07545969285649945; 
0,4286203930479092; -0,011292436028384645; -0,002146500407785738; -0,00950416710820412; -0,0033123314081650404; -9,730714498057402E-17; -0,0021465004077857682; 0,009504167108204118; 0,011292436028384843; 
0,43349107933254455; 0,05016675772371048; 0,008968167706834541; 0,03461505731334821; 0,012532766530134588; -3,1138286393783687E-16; 0,008968167706834458; -0,03461505731334826; -0,05016675772370977; 
0,4383617656171799; 0,10412474601917769; 0,018722591691907528; 0,07332015171261233; 0,02644148797216074; -1,474514954580286E-16; 0,018722591691907493; -0,07332015171261227; -0,10412474601917757; 
0,4432324519018152; 0,14640260485568296; 0,02644830502129541; 0,1046230927250195; 0,037580925654226986; 2,909998630951094E-16; 0,026448305021295478; -0,10462309272501956; -0,1464026048556834; 
0,44810313818645053; 0,17571889635102403; 0,031786813105952175; 0,12617266520740292; 0,04528002925337677; 3,8294020732188017E-16; 0,03178681310595227; -0,12617266520740292; -0,17571889635102486; 
0,45297382447108586; 0,19097714124094148; 0,034562319847915454; 0,13733716383984648; 0,049284340280045455; 1,1405806854547507E-16; 0,034562319847915475; -0,13733716383984645; -0,1909771412409417; 
0,4578445107557212; 0,19176433426257658; 0,03478178622057771; 0,13891401716510257; 0,04975970907089806; -2,632442874794805E-16; 0,03478178622057764; -0,13891401716510268; -0,19176433426257594; 
0,4627151970403565; 0,1802866535088226; 0,03277479036323538; 0,13152838811883713; 0,04703197655024447; -2,2898349882893854E-16; 0,03277479036323532; -0,13152838811883713; -0,18028665350882225; 
0,46758588332499185; 0,15949494740699544; 0,029013847234919128; 0,11667974300656661; 0,04171757236528825; 1,9038590148845458E-16; 0,029013847234919177; -0,11667974300656665; -0,15949494740699582; 
0,4724565696096272; 0,13151521507307046; 0,024011024381975183; 0,09732309207482776; 0,03470362106714227; 4,2457357074532354E-16; 0,02401102438197529; -0,09732309207482774; -0,13151521507307132; 
0,4773272558942625; 0,10026204937692569; 0,01841147302639097; 0,07555204937313648; 0,026822247887821195; 1,8301332671555315E-16; 0,018411473026391026; -0,07555204937313649; -0,10026204937692611; 
0,48219794217889783; 0,06968151567494926; 0,012846602842422493; 0,05323165445109081; 0,018862771889917994; -1,450662506785605E-16; 0,012846602842422446; -0,05323165445109085; -0,06968151567494887; 
0,48706862846353316; 0,04158687044371708; 0,007769528351443315; 0,033092597884792165; 0,011624497451416327; -3,233090878351774E-16; 0,007769528351443241; -0,03309259788479213; -0,04158687044371655; 
0,4919393147481685; 0,018254714431354957; 0,003557962555430593; 0,016443959647153335; 0,005629475215298446; 2,74574200181954E-17; 0,0035579625554305935; -0,01644395964715336; -0,018254714431354926; 
0,4968100010328038; 0,0015487022226248787; 0,0004691148602680744; 0,0035877300044467575; 0,0010941456938197006; 3,0663609130142377E-16; 0,0004691148602681537; -0,0035877300044467636; -0,001548702222625517; 
0,5016806873174392; -0,009105000963837512; -0,0015227008813814876; -0,004877039635372446; -0,0018718609479068935; 2,257037872571699E-16; -0,0015227008813814267; 0,004877039635372479; 0,009105000963837026; 
0,5065513736020746; -0,014809472727992963; -0,002574118931353846; -0,009288362581908205; -0,003450557064478097; -1,0614339268633088E-16; -0,002574118931353879; 0,009288362581908157; 0,014809472727993251; 
0,51142205988671; -0,01617124357455649; -0,0029104942517386117; -0,011423175934108243; -0,004115757446729693; -3,714205592392217E-16; -0,0029104942517386998; 0,011423175934108295; 0,01617124357455716; 
0,5162927461713454; -0,01578970860481248; -0,0029372243766357703; -0,012358231025812103; -0,004342464148588015; -1,3229977009754368E-16; -0,002937224376635809; 0,012358231025812075; 0,015789708604812793; 
0,5211634324559807; -0,01652542403842808; -0,003091376499185782; -0,01323970096574628; -0,0046540021534619315; 2,138317734684536E-16; -0,0030913764991857256; 0,013239700965746283; 0,01652542403842766; 
0,5260341187406161; -0,01946692765962797; -0,003695531210533807; -0,016255503280128727; -0,005655898830793918; 3,0704605524789486E-16; -0,0036955312105337278; 0,016255503280128758; 0,0194669276596273; 
0,5309048050252515; -0,0265542547447854; -0,005052038838230298; -0,02230585901838535; -0,007741089039505071; 3,230922474006803E-17; -0,0050520388382302925; 0,022305859018385294; 0,026554254744785427; 
0,5357754913098869; -0,03937222162275758; -0,007370126368222585; -0,03152507453512335; -0,01106071811947986; -3,264532741353854E-16; -0,007370126368222664; 0,0315250745351234; 0,03937222162275815; 
0,5406461775945223; -0,05717166787934942; -0,010595954474818897; -0,04439956381568179; -0,015679419850664296; -2,8124204354273985E-16; -0,010595954474818968; 0,044399563815681775; 0,05717166787935003; 
0,5455168638791577; -0,07881696534629283; -0,014546838186127559; -0,06036074185397143; -0,021355888030403503; 7,3075226425523E-17; -0,014546838186127545; 0,06036074185397142; 0,07881696534629273; 
0,550387550163793; -0,1033448867882298; -0,018941098188212522; -0,07742401430521524; -0,027533857347128966; 2,461138931542095E-16; -0,018941098188212453; 0,07742401430521528; 0,10334488678822926; 
0,5552582364484284; -0,12763159840862717; -0,02327594080933628; -0,09415047459521043; -0,03360496165223273; 1,0083080204115191E-16; -0,023275940809336256; 0,09415047459521039; 0,1276315984086271; 
0,5601289227330638; -0,1481062647389703; -0,02697979254344343; -0,10876441796284043; -0,03883469726924886; -2,975050761300224E-16; -0,0269797925434435; 0,10876441796284049; 0,1481062647389708; 
0,5649996090176992; -0,16266885391023775; -0,02954309740879117; -0,11834366600552403; -0,042351505120933226; -4,0679265511656126E-16; -0,029543097408791276; 0,11834366600552405; 0,16266885391023866; 
0,5698702953023346; -0,16806117533122722; -0,030436843877346572; -0,12114887870027095; -0,04345321195820118; -1,8344700758454735E-16; -0,030436843877346628; 0,12114887870027091; 0,1680611753312276; 
0,57474098158697; -0,16144192006551414; -0,02921670155737226; -0,11607648915940853; -0,04164350381009255; 9,75781955236954E-17; -0,02921670155737223; 0,11607648915940863; 0,16144192006551386; 
0,5796116678716053; -0,1422954678228347; -0,025706136897920367; -0,10169902323858282; -0,036531485268116004; 2,3115190317390955E-16; -0,025706136897920312; 0,10169902323858279; 0,14229546782283434; 
0,5844823541562407; -0,11057990670080868; -0,01988950497249405; -0,07792825120460686; -0,028094847440837938; -2,190088388420719E-17; -0,01988950497249405; 0,07792825120460692; 0,11057990670080867; 
0,5893530404408761; -0,06660289218996222; -0,011925403155666543; -0,04621933286695908; -0,016714923708497708; -2,435118079402443E-16; -0,011925403155666607; 0,04621933286695906; 0,06660289218996272; 
0,5942237267255115; -0,013349620147695865; -0,002290218027641502; -0,007909971942701318; -0,0029598600573553105; -2,074891907594134E-16; -0,002290218027641559; 0,007909971942701287; 0,013349620147696384; 
0,5990944130101469; 0,0452295130369022; 0,008362787607157612; 0,034806477317345215; 0,01229713156611243; 3,2634485391813683E-17; 0,008362787607157628; -0,03480647731734516; -0,045229513036902425; 
0,6039650992947823; 0,10583657795957431; 0,019307750892604312; 0,07813101139564062; 0,02787284513168746; 3,380542373809803E-16; 0,01930775089260439; -0,07813101139564067; -0,10583657795957485; 
0,6088357855794176; 0,16327137047922868; 0,029667548765405255; 0,1189862574960185; 0,04257622597251286; 2,3201926491189795E-16; 0,029667548765405317; -0,11898625749601852; -0,16327137047922924; 
0,613706471864053; 0,21221679403917043; 0,03854332703690522; 0,15438563495679397; 0,05524556239304269; -7,546047120499111E-17; 0,0385433270369052; -0,154385634956794; -0,2122167940391703; 
0,6185771581486884; 0,24915975662923576; 0,045208806489929865; 0,1806816317246904; 0,06470284407228408; -1,8865117801247777E-16; 0,04520880648992981; -0,18068163172469054; -0,24915975662923528; 
0,6234478444333238; 0,27061405209221534; 0,049038717712812506; 0,1954529019539171; 0,07006817763545622; -4,7704895589362195E-18; 0,0490387177128125; -0,19545290195391707; -0,27061405209221534; 
0,6283185307179592; 0,2735456781279322; 0,049577542683842374; 0,19765069868789542; 0,07084019899532062; 3,204901621867151E-16; 0,04957754268384245; -0,19765069868789548; -0,2735456781279328; 
0,6331892170025946; 0,2577634299608636; 0,046723895946768255; 0,18629663942901456; 0,06675638121703863; 3,859759734048396E-16; 0,046723895946768346; -0,18629663942901464; -0,25776342996086454; 
0,63805990328723; 0,22438066257192127; 0,040629077981576285; 0,16166555014359665; 0,05799101313841798; 6,678685382510707E-17; 0,0406290779815763; -0,1616655501435967; -0,22438066257192144; 
0,6429305895718653; 0,17468411320790989; 0,03165021317545983; 0,1260845543487602; 0,04520005562445208; -2,42861286636753E-16; 0,03165021317545976; -0,12608455434876026; -0,17468411320790936; 
0,6478012758565007; 0,11275280764615887; 0,02045986668691441; 0,08176476308708056; 0,029273413797877772; -2,3483819056036026E-16; 0,020459866686914355; -0,0817647630870805; -0,11275280764615847; 
0,6526719621411361; 0,043716844180331185; 0,007926348857346874; 0,031649555129316304; 0,011345496313596895; 1,496198998029996E-16; 0,007926348857346903; -0,03164955512931635; -0,04371684418033143; 
0,6575426484257715; -0,028043627601939243; -0,005058229229948246; -0,019938986697581096; -0,00716790314208023; 3,0487765090292385E-16; -0,005058229229948165; 0,019938986697581127; 0,028043627601938622; 
0,6624133347104069; -0,09700408954387747; -0,01751574765142098; -0,06924776693649556; -0,02489443436830626; 1,0755285551056204E-16; -0,01751574765142095; 0,06924776693649559; 0,09700408954387721; 
0,6672840209950422; -0,1574084211980036; -0,028484600689796552; -0,11316077385342012; -0,040601801406921975; -2,8406096919120216E-16; -0,028484600689796632; 0,11316077385342009; 0,15740842119800427; 
0,6721547072796776; -0,20558101680333812; -0,03723297315519129; -0,14815461639478136; -0,053121386421988895; -5,381979584218044E-16; -0,03723297315519141; 0,14815461639478136; 0,20558101680333915; 
0,677025393564313; -0,23864381125423226; -0,043196818524290095; -0,171745783756373; -0,06162117283179417; -1,1535911115245767E-16; -0,04319681852429012; 0,17174578375637306; 0,2386438112542326; 
0,6818960798489484; -0,25385171956815755; -0,0459999886897429; -0,18330263646561099; -0,06570632851950355; 2,949029909160572E-16; -0,04599998868974282; 0,18330263646561107; 0,2538517195681569; 
0,6867667661335838; -0,2514396146233804; -0,04561341105211976; -0,18220536793905442; -0,06525431016976856; 2,719179048593645E-16; -0,04561341105211968; 0,18220536793905445; 0,2514396146233799; 
0,6916374524182192; -0,23302750034952172; -0,04227554846471497; -0,16894182009966183; -0,06051433657395996; -1,465841337200402E-16; -0,04227554846471502; 0,1689418200996618; 0,23302750034952208; 
0,6965081387028546; -0,20021898188293044; -0,036378436106151164; -0,14585281687248577; -0,05218527516305916; -5,724587470723463E-16; -0,03637843610615131; 0,14585281687248586; 0,20021898188293152; 
0,7013788249874899; -0,15673546998809032; -0,028560141735189372; -0,11524553374568607; -0,041140328415468476; -3,7773603689394974E-16; -0,02856014173518947; 0,115245533745686; 0,15673546998809115; 
0,7062495112721253; -0,10733556799985021; -0,019610129923068136; -0,07960122142353677; -0,02837223288014995; 2,0686577451023425E-16; -0,019610129923068088; 0,07960122142353682; 0,10733556799984982; 
0,7111201975567607; -0,05574173315886671; -0,010268590044606167; -0,04248597996579996; -0,015062613412716289; 4,563406943991488E-16; -0,01026859004460604; 0,04248597996579999; 0,05574173315886574; 
0,7159908838413961; -0,0059048926227159935; -0,0012825763240797959; -0,007011455159249556; -0,0022869370854390943; 2,242265617971584E-16; -0,0012825763240797508; 0,007011455159249511; 0,00590489262271566; 
0,7208615701260315; 0,03768044487105646; 0,006651446071416293; 0,024885074861724928; 0,009101632165419572; -4,0050428251614534E-16; 0,006651446071416202; -0,024885074861724883; -0,037680444871055783; 
0,7257322564106669; 0,07289786316179112; 0,013075891742681301; 0,05086350296454331; 0,018362578434984688; -4,0484109120608736E-16; 0,013075891742681192; -0,05086350296454336; -0,07289786316179023; 
0,7306029426953022; 0,09852897543632681; 0,017723472120157586; 0,06946063533203965; 0,025040600521092252; 6,960577947356938E-17; 0,017723472120157603; -0,06946063533203967; -0,09852897543632697; 
0,7354736289799376; 0,11327137219870681; 0,02046116477346743; 0,08094709166987407; 0,02908378585786497; 4,896257010944538E-16; 0,02046116477346756; -0,08094709166987406; -0,11327137219870789; 
0,740344315264573; 0,11810500478334562; 0,021421579016869627; 0,08553244279611187; 0,0306328732888458; 4,373671563806525E-16; 0,02142157901686973; -0,0855324427961119; -0,11810500478334637; 
0,7452150015492084; 0,11521633108778483; 0,020933976687126644; 0,083932787156162; 0,03003196177137247; -1,3314002678121994E-16; 0,020933976687126616; -0,08393278715616197; -0,11521633108778467; 
0,7500856878338438; 0,1062277231193866; 0,019361549471181357; 0,07820639956800364; 0,027924069978766314; -3,9942008034365983E-16; 0,019361549471181246; -0,07820639956800365; -0,10622772311938573; 
0,7549563741184792; 0,09366692996092045; 0,017177446310768438; 0,07028321616173962; 0,024975434352366682; -1,9016906105395748E-16; 0,017177446310768386; -0,07028321616173962; -0,09366692996092012; 
0,7598270604031145; 0,08100949916849191; 0,014901056991440453; 0,061407307359223284; 0,021785651338095048; 3,1116602350333977E-16; 0,014901056991440531; -0,061407307359223263; -0,08100949916849255; 
0,7646977466877499; 0,06995114857306509; 0,012909555112244559; 0,05360551700753358; 0,018981732849820385; 5,001424621675632E-16; 0,012909555112244684; -0,05360551700753365; -0,06995114857306604; 
0,7695684329723853; 0,06180968050627744; 0,011481394376292132; 0,04828605156416425; 0,01701235761017874; 1,0798653637955624E-16; 0,011481394376292163; -0,04828605156416421; -0,06180968050627773; 
0,7744391192570207; 0,05828922637554992; 0,01081581464888831; 0,04541954811944122; 0,016020005089408356; -3,4011422150870274E-16; 0,010815814648888223; -0,04541954811944127; -0,05828922637554921; 
0,7793098055416561; 0,05892124641482321; 0,010880744020687547; 0,045232607044927126; 0,016010858554628568; -3,1951438023147816E-16; 0,01088074402068746; -0,04523260704492711; -0,05892124641482258; 
0,7841804918262915; 0,062240062116637344; 0,011466089384271447; 0,04740018043234759; 0,016794656621854292; 9,71445146547012E-17; 0,011466089384271478; -0,047400180432347574; -0,062240062116637615; 
0,7890511781109268; 0,0672254421808555; 0,012313754799182333; 0,05025396570830772; 0,017873312074609703; 5,187907395343139E-16; 0,012313754799182454; -0,05025396570830776; -0,06722544218085644; 
0,7939218643955622; 0,07169073988275114; 0,013023880430558726; 0,05222816896473113; 0,018696141903812264; 2,7690523485279783E-16; 0,013023880430558805; -0,05222816896473113; -0,07169073988275178; 
0,7987925506801976; 0,07245885363518137; 0,013121666984101759; 0,05221057609718254; 0,018721830964820316; -1,4246416546459528E-16; 0,013121666984101716; -0,05221057609718256; -0,07245885363518101; 
0,803663236964833; 0,06787795289558637; 0,012240320542137483; 0,048201770652810096; 0,017333954032414115; -3,841328297116142E-16; 0,012240320542137388; -0,04820177065281011; -0,06787795289558567; 
0,8085339232494684; 0,05646799016340355; 0,010078168206935561; 0,038790827309125954; 0,01407060595444548; -7,3075226425523E-17; 0,010078168206935545; -0,03879082730912593; -0,056467990163403446; 
0,8134046095341038; 0,03635121646395749; 0,006409958097182571; 0,023913405703857624; 0,008754756751170581; 3,877106968808164E-16; 0,006409958097182667; -0,023913405703857662; -0,036351216463958225; 
0,8182752958187391; 0,007961915443189959; 0,0012546022620541224; 0,0032731639114779937; 0,001360076887258141; 3,620693155015342E-16; 0,0012546022620542193; -0,003273163911477954; -0,007961915443190744; 
0,8231459821033745; -0,027237007516475228; -0,0051643347892311115; -0,022663067096745818; -0,00788377025583147; -6,293793611278353E-17; -0,005164334789231132; 0,022663067096745794; 0,0272370075164754; 
0,8280166683880099; -0,06784709093027774; -0,012516520002432955; -0,051885576058051525; -0,018367061922056654; -4,628459074340618E-16; -0,012516520002433067; 0,05188557605805154; 0,06784709093027867; 
0,8328873546726453; -0,11083336553362984; -0,02025439978357547; -0,08229729876547554; -0,029332174801839774; -2,8102520310824275E-16; -0,020254399783575548; 0,08229729876547558; 0,11083336553363038; 
0,8377580409572807; -0,15185492043332416; -0,02768229626470904; -0,11181452307842749; -0,03990931990739368; 1,478851763270228E-16; -0,02768229626470901; 0,1118145230784275; 0,1518549204333239; 
0,8426287272419161; -0,1876233248455214; -0,034133084336436366; -0,13721703446300296; -0,049042732889120685; 2,649790109554573E-16; -0,034133084336436297; 0,13721703446300298; 0,18762332484552083; 
0,8474994135265514; -0,2145498884401435; -0,03893004321919706; -0,1556456280307683; -0,055747049170893; -2,168404344971009E-17; -0,03893004321919706; 0,1556456280307683; 0,2145498884401436; 
0,8523700998111868; -0,22848437875982433; -0,04143332033546413; -0,16537294955716017; -0,059248139746271376; -3,694961003830599E-16; -0,041433320335464215; 0,16537294955716025; 0,22848437875982502; 
0,8572407860958222; -0,22751587330167664; -0,041232586773531026; -0,16434521318491105; -0,05890003520026898; -3,413068438984368E-16; -0,041232586773531095; 0,16434521318491108; 0,22751587330167733; 
0,8621114723804576; -0,21076586546226728; -0,038134881983623546; -0,1514507986228745; -0,05435350556227836; 9,584347204771859E-17; -0,03813488198362351; 0,15145079862287456; 0,21076586546226717; 
0,866982158665093; -0,17765693544307162; -0,03211780309128855; -0,1273182006716589; -0,0457183520485781; 3,404394821604484E-16; -0,03211780309128846; 0,12731820067165894; 0,17765693544307082; 
0,8718528449497284; -0,12987996790483733; -0,023476036937790302; -0,09298641073016423; -0,03338620919023115; 6,570265165262157E-17; -0,023476036937790292; 0,0929864107301642; 0,12987996790483736; 
0,8767235312343638; -0,0709869393973811; -0,012774882662991722; -0,050105500788563066; -0,018054166378912072; -4,696763811207205E-16; -0,012774882662991838; 0,05010550078856308; 0,07098693939738195; 
0,8815942175189991; -0,00437956948636438; -0,000704330612796879; -0,002017568755450489; -0,0008210736728960414; -4,713297894337609E-16; -0,0007043306127969995; 0,002017568755450508; 0,004379569486365356; 
0,8864649038036345; 0,06525781670710143; 0,011865732909216836; 0,04768852336569711; 0,0170609329854316; 6,657001339060997E-17; 0,011865732909216851; -0,047688523365697164; -0,06525781670710155; 
0,8913355900882699; 0,1318845808782967; 0,02394737600731324; 0,0958641230579119; 0,03431152086358179; 5,410168840702667E-16; 0,02394737600731339; -0,09586412305791184; -0,13188458087829788; 
0,8962062763729053; 0,19089580356146077; 0,03463789128460556; 0,138436875177309; 0,04957149314427335; 5,091413401991929E-16; 0,03463789128460568; -0,13843687517730907; -0,19089580356146174; 
0,9010769626575407; 0,2379951797809108; 0,04312915186225833; 0,1719089582459749; 0,06162491296479808; -6,331740687315346E-17; 0,04312915186225832; -0,17190895824597494; -0,23799517978091075; 
0,905947648942176; 0,26880476419470417; 0,048714654361160535; 0,19417862865386795; 0,06960260604532642; -3,8207284558389176E-16; 0,04871465436116044; -0,19417862865386798; -0,2688047641947035; 
0,9108183352268114; 0,28118424419074667; 0,05098196217507167; 0,20341117795904082; 0,07287791669230904; -1,1188966420050406E-16; 0,050981962175071636; -0,20341117795904085; -0,28118424419074634; 
0,9156890215114468; 0,27482517652361105; 0,04981037829321249; 0,19858551208877637; 0,0711783039513125; 3,4998046127832083E-16; 0,04981037829321259; -0,19858551208877637; -0,27482517652361177; 
0,9205597077960822; 0,24980078727037722; 0,045284430072290036; 0,1806550332828717; 0,0647435115197691; 6,2753621743461E-16; 0,04528443007229018; -0,1806550332828718; -0,2498007872703784; 
0,9254303940807176; 0,20820148524673196; 0,03780006096673656; 0,15125579261846062; 0,05413739300061969; 1,682681771697503E-16; 0,03780006096673662; -0,1512557926184606; -0,20820148524673238; 
0,930301080365353; 0,15429514534941458; 0,02802654546909768; 0,11231216003044232; 0,040192361171401625; -3,0487765090292385E-16; 0,028026545469097604; -0,11231216003044232; -0,15429514534941408; 
0,9351717666499884; 0,09192442224022586; 0,016733795257434337; 0,06739468938739471; 0,024085248696282514; -3,5366674866477155E-16; 0,016733795257434236; -0,06739468938739476; -0,0919244222402251; 
0,9400424529346237; 0,02580828997461073; 0,004798919608562375; 0,02022046875538571; 0,007116893209664478; -1,2630955309456127E-17; 0,004798919608562377; -0,02022046875538567; -0,025808289974610793; 
0,9449131392192591; -0,03828095125384229; -0,0068202754692749685; -0,026115733811494277; -0,009482749390714742; 4,1600837358268805E-16; -0,006820275469274867; 0,026115733811494242; 0,03828095125384152; 
0,9497838255038945; -0,09595937145357299; -0,017295958649415993; -0,0680643638265955; -0,024487116961239973; 2,723515857283587E-16; -0,017295958649415917; 0,06806436382659554; 0,09595937145357242; 
0,9546545117885299; -0,1438061868700645; -0,025954479232341187; -0,10247751178616561; -0,036845290085213374; -2,1206994493816467E-16; -0,025954479232341243; 0,10247751178616565; 0,1438061868700649; 
0,9595251980731653; -0,17837594074978505; -0,03224280050758078; -0,12778099135349083; -0,04589117403890489; -5,429684479807406E-16; -0,03224280050758092; 0,12778099135349083; 0,17837594074978627; 
0,9643958843578007; -0,1980981895913414; -0,03588743493822547; -0,14288686545528548; -0,051222073828363544; -3,3480163086352377E-16; -0,03588743493822555; 0,14288686545528553; 0,198098189591342; 
0,969266570642436; -0,2035578156709991; -0,036895346652158115; -0,14712722057048036; -0,05273191821049023; 2,45029690981724E-16; -0,03689534665215805; 0,14712722057048033; 0,2035578156709987; 
0,9741372569270714; -0,19526417368307697; -0,03543546065152317; -0,14169712728150607; -0,05074498322541005; 4,3194614551822497E-16; -0,03543546065152306; 0,14169712728150616; 0,1952641736830761; 
0,9790079432117068; -0,1752551814178893; -0,031891435101210786; -0,1282888388611013; -0,045842385303150546; 3,469446951953614E-18; -0,031891435101210786; 0,12828883886110132; 0,17525518141788918; 
0,9838786294963422; -0,14726921350628203; -0,026851510242260363; -0,10851114413986952; -0,03872713456602761; -5,316927453868914E-16; -0,026851510242260505; 0,10851114413986951; 0,1472692135062832; 
0,9887493157809776; -0,11441807941060882; -0,020918629097877832; -0,0850654341772999; -0,030307689564791237; -5,629177679544739E-16; -0,020918629097877964; 0,08506543417729995; 0,1144180794106098; 
0,993620002065613; -0,07979515801018855; -0,014696643007093156; -0,060724275918760014; -0,021519886904247724; 1,4333152720258369E-16; -0,014696643007093127; 0,06072427591875999; 0,07979515801018834; 
0,9984906883502483; -0,04723135084685323; -0,008804338868826625; -0,037306158042014814; -0,01311604609449153; 5,44811591673966E-16; -0,008804338868826483; 0,03730615804201482; 0,047231350846852115; 
1,0033613746348837; -0,019246460177862704; -0,0036942118005202185; -0,01663867461616695; -0,005759271719896577; 2,7419472942158407E-16; -0,003694211800520149; 0,016638674616166974; 0,019246460177862128; 
1,008232060919519; 0,0031717675884163064; 0,0003672183850782963; -0,00041708393490205107; 6,684673693633444E-05; -3,4866586614418216E-16; 0,00036721838507820434; 0,0004170839349020078; -0,003171767588415534; 
1,0131027472041543; 0,01872079908718638; 0,003221528039512438; 0,011294823947785826; 0,004229320303606026; -5,752234626121844E-16; 0,0032215280395122966; -0,011294823947785783; -0,018720799087185325; 
1,0179734334887895; 0,027569657441137273; 0,004911972267657562; 0,01878424710387886; 0,0068133555978386945; -4,732542482899227E-17; 0,004911972267657546; -0,0187842471038789; -0,027569657441137117; 
1,0228441197734248; 0,0316171966710815; 0,005691963711837633; 0,022348720221972245; 0,008050037405404992; 5,1949547094642945E-16; 0,005691963711837765; -0,022348720221972245; -0,031617196671082565; 
1,02771480605806; 0,03228085348411579; 0,005866741350465773; 0,023547574704503416; 0,008428561976200736; 4,769947457849977E-16; 0,005866741350465896; -0,023547574704503388; -0,032280853484116794; 
1,0325854923426954; 0,03141220156965782; 0,00580332395053759; 0,02413453395017449; 0,0085330537449272; -1,142206988713479E-16; 0,005803323950537556; -0,024134533950174546; -0,031412201569657516; 
1,0374561786273306; 0,03186755602401716; 0,005942775325297988; 0,025198836183033056; 0,008856474915273398; -5,916491255253398E-16; 0,005942775325297841; -0,025198836183033018; -0,031867556024016065; 
1,042326864911966; 0,03547420832115987; 0,006616831947989967; 0,02811794529161067; 0,009892506497956229; -2,9783033678176807E-16; 0,0066168319479898915; -0,0281179452916107; -0,03547420832115923; 
1,0471975511966012; 0,042929681128535756; 0,008027647274697252; 0,03424615278826415; 0,01201687737220186; 3,81530744497649E-16; 0,008027647274697347; -0,03424615278826417; -0,042929681128536505; 
1,0520682374812365; 0,055375896797254257; 0,010301544831176594; 0,04346931159983168; 0,015303252558981082; 5,9913012051548975E-16; 0,010301544831176752; -0,043469311599831674; -0,05537589679725551; 
1,0569389237658717; 0,07250494905043896; 0,013369938720333594; 0,05542076762659933; 0,019634160955040728; 1,5764299587939234E-16; 0,013369938720333626; -0,05542076762659938; -0,07250494905043921; 
1,061809610050507; 0,09228531422494639; 0,01695285022785286; 0,06964279217120183; 0,024726883008143095; -5,290906601729262E-16; 0,01695285022785273; -0,06964279217120181; -0,0922853142249454; 
1,0666802963351423; 0,11307617040473564; 0,020692844723501823; 0,08430214606978374; 0,030005110740456024; -4,761815941556335E-16; 0,020692844723501694; -0,08430214606978378; -0,11307617040473462; 
1,0715509826197775; 0,13244983727077056; 0,02412716455474719; 0,09730282592349261; 0,034754164900144324; 1,1037178115902435E-16; 0,024127164554747213; -0,09730282592349261; -0,13244983727077084; 
1,0764216689044128; 0,146829813575851; 0,02668080436700147; 0,10701551694942919; 0,03828668536847372; 5,555451931815725E-16; 0,026680804367001616; -0,10701551694942919; -0,1468298135758522; 
1,081292355189048; 0,15349171858981558; 0,027853444376743197; 0,1113274771957772; 0,039859440768337175; 4,367166350771612E-16; 0,0278534443767433; -0,11132747719577728; -0,1534917185898164; 
1,0861630414736834; 0,15059547760119982; 0,027243792152477752; 0,10816605181548615; 0,03882302007163108; -1,8995222061946038E-16; 0,027243792152477714; -0,1081660518154861; -0,15059547760119954; 
1,0910337277583186; 0,13587418905160475; 0,02452457768289041; 0,09686221136765619; 0,03482527787006069; -3,879275373153135E-16; 0,0245245776828903; -0,09686221136765627; -0,1358741890516039; 
1,095904414042954; 0,10870210220130382; 0,01959167527200163; 0,07707653353766787; 0,027731250053292113; -8,370040771588094E-17; 0,0195916752720016; -0,07707653353766789; -0,10870210220130364; 
1,1007751003275892; 0,0703713753768615; 0,012597369337021354; 0,04880447089368636; 0,01765516352831791; 3,710139834245396E-16; 0,012597369337021453; -0,048804470893686294; -0,0703713753768624; 
1,1056457866122245; 0,022210818637194634; 0,0038505738278593877; 0,013762290210347666; 0,005117273964648123; 4,765610649160035E-16; 0,0038505738278594966; -0,01376229021034774; -0,022210818637195432; 
1,1105164728968597; -0,0330060057894524; -0,006126824153309167; -0,025754387228297693; -0,009086650162209952; -1,0684812409844646E-16; -0,006126824153309183; 0,02575438722829776; 0,03300600578945248; 
1,115387159181495; -0,09077155413217644; -0,01658857576744065; -0,06739529087906587; -0,024015902030047484; -4,883246584874712E-16; -0,01658857576744078; 0,06739529087906589; 0,09077155413217744; 
1,1202578454661303; -0,1468194121524246; -0,026743789797666527; -0,10781622161575045; -0,03849885271672635; -3,7816971776294395E-16; -0,02674378979766662; 0,10781622161575043; 0,14681941215242544; 
1,1251285317507655; -0,19700036781372265; -0,03578074076019448; -0,14335317393845476; -0,0513046729442738; 1,0364972768961422E-16; -0,035780740760194454; 0,14335317393845484; 0,19700036781372235; 
1,1299992180354008; -0,23628480177329986; -0,04286899116208534; -0,17132535650423233; -0,06136363973137679; 3,391384395534658E-16; -0,04286899116208526; 0,17132535650423228; 0,2362848017732993; 
1,134869904320036; -0,2609707687333273; -0,04734214123206514; -0,1891055871335338; -0,06772621955719976; -7,806255641895632E-18; -0,04734214123206514; 0,1891055871335339; 0,26097076873332725; 
1,1397405906046714; -0,2690540894233892; -0,04875899318148386; -0,1943569120683001; -0,06966762509684718; -4,375839968151496E-16; -0,04875899318148397; 0,19435691206830016; 0,26905408942339004; 
1,1446112768893066; -0,2586770595252722; -0,04685596313627724; -0,18656195927424887; -0,06689804826048935; -3,634245682171411E-16; -0,04685596313627732; 0,18656195927424882; 0,2586770595252731; 
1,149481963173942; -0,2298778543923693; -0,041654935272585326; -0,165974787553166; -0,05949171229394976; 1,496198998029996E-16; -0,04165493527258529; 0,16597478755316614; 0,22987785439236888; 
1,1543526494585772; -0,1849832483618981; -0,03350769431569992; -0,13340686427463255; -0,04783303368351422; 4,102621020685149E-16; -0,033507694315699825; 0,13340686427463255; 0,18498324836189736; 
1,1592233357432125; -0,12682640101422013; -0,02295689283060147; -0,09127330184754306; -0,03274995071021137; 1,1535911115245767E-16; -0,022956892830601445; 0,09127330184754305; 0,12682640101422; 
1,1640940220278477; -0,05923029794815784; -0,010745048387264663; -0,042920541410047676; -0,015368918855643381; -3,563772540959853E-16; -0,010745048387264746; 0,04292054141004774; 0,05923029794815845; 
1,168964708312483; 0,012170809510237217; 0,002182578643639212; 0,00850709783427464; 0,0030759613152607904; -3,109762881231548E-16; 0,002182578643639124; -0,008507097834274687; -0,012170809510236469; 
1,1738353945971183; 0,08206953134714844; 0,014865480989469534; 0,05915072355494302; 0,021203048914973363; 6,223320470066795E-17; 0,014865480989469559; -0,059150723554943004; -0,08206953134714867; 
1,1787060808817535; 0,14587617823346014; 0,02639547302007115; 0,10485279731269159; 0,03762780699137958; 5,204170427930421E-16; 0,02639547302007128; -0,1048527973126916; -0,14587617823346113; 
1,1835767671663888; 0,19839026875540577; 0,035908525969335116; 0,14272408494403038; 0,05120756471265118; 4,701100619897147E-16; 0,03590852596933523; -0,14272408494403047; -0,19839026875540666; 
1,188447453451024; 0,23589894053099106; 0,042739425725762094; 0,1702358894379722; 0,06102533650625911; -1,7780915628762273E-17; 0,042739425725762094; -0,17023588943797213; -0,23589894053099109; 
1,1933181397356594; 0,25666702658050733; 0,04650637222180148; 0,18529161817339096; 0,06642339200848511; -2,3592239273284576E-16; 0,04650637222180143; -0,18529161817339107; -0,25666702658050683; 
1,1981888260202946; 0,25950433270897566; 0,04703036281450041; 0,18748777461056632; 0,0672063975347494; 6,418476861114186E-17; 0,04703036281450043; -0,18748777461056634; -0,25950433270897577; 
1,20305951230493; 0,2446898521943127; 0,04440296291919492; 0,1775145153727292; 0,06356285211181921; 4,536301889679351E-16; 0,04440296291919503; -0,17751451537272928; -0,2446898521943136; 
1,2079301985895652; 0,2148551806117; 0,03902762404102041; 0,15636633246260181; 0,055951918037206165; 4,601354020028481E-16; 0,03902762404102052; -0,15636633246260187; -0,21485518061170086; 
1,2128008848742005; 0,1730948352687155; 0,03146802843775458; 0,12636164779693987; 0,04519719789215215; 9,974659986866641E-18; 0,03146802843775459; -0,12636164779693984; -0,17309483526871566; 
1,2176715711588357; 0,12282495616627259; 0,022414512062629816; 0,09074040976709377; 0,03236192215431602; -1,734723475976807E-16; 0,02241451206262976; -0,09074040976709387; -0,12282495616627215; 
1,222542257443471; 0,06906173258752019; 0,012693666042409409; 0,05221406763424726; 0,018528495448063825; -1,5959455978986625E-16; 0,012693666042409363; -0,052214067634247255; -0,06906173258751992; 
1,2274129437281063; 0,0162301292087452; 0,0031045019055778566; 0,013876936313889643; 0,004811875398881495; 4,176888869500406E-17; 0,0031045019055778783; -0,013876936313889643; -0,016230129208745305; 
1,2322836300127415; -0,03228072119707624; -0,0056752767336154565; -0,021025858803850796; -0,007717084661622714; 3,0644974405302783E-16; -0,005675276733615394; 0,021025858803850765; 0,03228072119707574; 
1,2371543162973768; -0,07291220108427902; -0,013045379750026462; -0,050478506832994534; -0,01827095632923947; 2,6454533008646308E-17; -0,013045379750026438; 0,050478506832994596; 0,07291220108427884; 
1,242025002582012; -0,10321075964036536; -0,018595720761579514; -0,07311839974109317; -0,02631630385266118; -1,8279648628105605E-16; -0,018595720761579573; 0,07311839974109316; 0,10321075964036584; 
1,2468956888666474; -0,12277845631488261; -0,022183151849925104; -0,08779050570832561; -0,031534189341611854; -3,5388358909926865E-16; -0,02218315184992518; 0,08779050570832567; 0,12277845631488325; 
1,2517663751512826; -0,13165138448116273; -0,0238241355396497; -0,09467409201880382; -0,033976674118842275; -3,9898639947466563E-17; -0,023824135539649717; 0,09467409201880386; 0,13165138448116287; 
1,256637061435918; -0,1305340083907306; -0,023710090028045538; -0,09498091504714626; -0,03398544622711009; 1,6024508109335756E-16; -0,0237100900280455; 0,0949809150471462; 0,1305340083907304; 
1,2615077477205532; -0,12209445097673272; -0,022241881883446425; -0,08969752293491766; -0,03202923095278565; 2,2768245622195593E-17; -0,022241881883446415; 0,08969752293491776; 0,12209445097673256; 
1,2663784340051885; -0,10891154323874773; -0,019885300206424525; -0,08062683880000587; -0,028753070158895912; -2,0751629581372555E-16; -0,01988530020642459; 0,0806268388000058; 0,10891154323874823; 
1,2712491202898237; -0,09317944742641034; -0,0170992337162182; -0,07009074859243353; -0,024903098593657733; -3,8489177123235407E-16; -0,01709923371621829; 0,07009074859243357; 0,0931794474264111; 
1,276119806574459; -0,07790381083889211; -0,014372526567206714; -0,05959690069752198; -0,021095583111662902; -8,890457814381136E-17; -0,014372526567206735; 0,05959690069752201; 0,0779038108388922; 
1,2809904928590943; -0,06539493369876478; -0,012096115350714873; -0,05045675159024999; -0,017837738501407623; 3,0769657655138616E-16; -0,012096115350714795; 0,050456751590249954; 0,06539493369876433; 
1,2858611791437295; -0,05643415844568504; -0,010475368356283082; -0,044029112747103805; -0,015528285865904237; 3,015166241682188E-16; -0,010475368356283004; 0,044029112747103874; 0,056434158445684286; 
1,2907318654283648; -0,051679528139570885; -0,009611882678120184; -0,04053168078673596; -0,014268376482519324; -8,608565249534905E-17; -0,009611882678120204; 0,040531680786735934; 0,05167952813957119; 
1,295602551713; -0,05117473757878258; -0,009453364080262254; -0,039331405688846154; -0,013917406083947393; -3,861928138393367E-16; -0,009453364080262358; 0,039331405688846154; 0,05117473757878334; 
1,3004732379976354; -0,05305490880297751; -0,009742154811888405; -0,04000091174675884; -0,014209361398838471; -2,7755575615628914E-16; -0,009742154811888466; 0,040000911746758905; 0,053054908802978015; 
1,3053439242822706; -0,055480144923801156; -0,01014168933592974; -0,04119794829136106; -0,014671722021035373; 2,47198095326695E-16; -0,010141689335929686; 0,041197948291360996; 0,05548014492380078; 
1,310214610566906; -0,05675580181775899; -0,010284538642418729; -0,04099437521127227; -0,014696325370922114; 3,5691935518222806E-16; -0,010284538642418626; 0,040994375211272346; 0,05675580181775816; 
1,3150852968515412; -0,05413856008976287; -0,009737649158315162; -0,03814750019559376; -0,013753538183506655; 8,847089727481716E-17; -0,009737649158315145; 0,038147500195593737; 0,05413856008976276; 
1,3199559831361765; -0,045511116226717024; -0,008137381516452923; -0,03142090962319403; -0,01137125009813721; -3,7535079211448164E-16; -0,008137381516453022; 0,031420909623194014; 0,04551111622671779; 
1,3248266694208117; -0,030062539289947874; -0,0052804183889543855; -0,019504603438103695; -0,007162834156779642; -4,4007766181186625E-16; -0,00528041838895449; 0,019504603438103747; 0,030062539289948682; 
1,329697355705447; -0,007074822559824774; -0,0010615604534922884; -0,002245929614802327; -0,0010374437687038255; 7,502679033599691E-17; -0,0010615604534922802; 0,002245929614802258; 0,007074822559824734; 
1,3345680419900823; 0,0233803640891778; 0,004447648055070473; 0,019667031585547712; 0,006836458260320168; 3,934027582863653E-16; 0,004447648055070585; -0,019667031585547657; -0,023380364089178676; 
1,3394387282747175; 0,05915369055266685; 0,010934402198694916; 0,04554462842438896; 0,016107054080897635; 3,458604930228759E-16; 0,010934402198694997; -0,04554462842438901; -0,05915369055266752; 
1,3443094145593528; 0,09785843844620128; 0,01795425302639769; 0,07354782983387685; 0,026130245806068687; -1,6566609195578508E-16; 0,017954253026397648; -0,07354782983387687; -0,0978584384462009; 
1,349180100843988; 0,13678963149824988; 0,024957303365921106; 0,10101738877718104; 0,03603825779185431; -4,432218481120742E-16; 0,024957303365920988; -0,10101738877718103; -0,13678963149824913; 
1,3540507871286234; 0,17179513883205644; 0,03125687835309895; 0,1257162847196735; 0,04493802321921716; -1,5482407023093003E-16; 0,03125687835309891; -0,1257162847196736; -0,17179513883205602; 
1,3589214734132586; 0,19905932274988525; 0,03617368619927672; 0,14507930135852543; 0,05189523618249447; 4,575333167888829E-16; 0,036173686199276835; -0,14507930135852545; -0,19905932274988639; 
1,363792159697894; 0,2157169970933931; 0,0391339419510808; 0,15634403556726437; 0,05599720285690531; 5,607493636095029E-16; 0,03913394195108094; -0,1563440355672644; -0,2157169970933942; 
1,3686628459825292; 0,2188221634275914; 0,03963565777365602; 0,1578197878183407; 0,05659465870011577; -5,0306980803327406E-17; 0,03963565777365601; -0,15781978781834077; -0,2188221634275913; 
1,3735335322671645; 0,20635970507727644; 0,03736563101423181; 0,14862567967601203; 0,05330189335470592; -4,610027637408365E-16; 0,03736563101423169; -0,148625679676012; -0,2063597050772756; 
1,3784042185517997; 0,17855274658682052; 0,032292456101256764; 0,1281061186121353; 0,0459833298908714; -2,0079424234431542E-16; 0,03229245610125672; -0,1281061186121354; -0,17855274658682002; 
1,383274904836435; 0,13627664909461407; 0,024592663113373815; 0,09709494259152057; 0,034915420964146904; 5,121771062821523E-16; 0,02459266311337394; -0,09709494259152056; -0,13627664909461512; 
1,3881455911210703; 0,0814144416987625; 0,014667176917357597; 0,057652470252904736; 0,020751425944092006; 6,698201021615446E-16; 0,014667176917357772; -0,05765247025290477; -0,08141444169876379; 
1,3930162774057055; 0,018058223587395766; 0,0031908386487763873; 0,011966533575036662; 0,0043705757147852785; 1,334652874329656E-16; 0,003190838648776415; -0,011966533575036672; -0,018058223587395988; 
1,3978869636903408; -0,04926048168439364; -0,00901859103261784; -0,03676938553723276; -0,013081246669680606; -6,079121581126223E-16; -0,009018591032617988; 0,0367693855372328; 0,049260481684394765; 
1,402757649974976; -0,11601851212031121; -0,021086970318886036; -0,08460716771045641; -0,030262744387220156; -5,917575457425883E-16; -0,021086970318886192; 0,08460716771045639; 0,1160185121203125; 
1,4076283362596114; -0,17677312756996813; -0,032065310287298365; -0,12809638109060817; -0,04588927725546962; -3,903127820947816E-18; -0,032065310287298365; 0,12809638109060822; 0,17677312756996805; 
1,4124990225442466; -0,22645133209163212; -0,04107636647970454; -0,16405514660410347; -0,058760190114646255; 4,96564594998361E-16; -0,041076366479704425; 0,1640551466041035; 0,22645133209163118; 
1,417369708828882; -0,26165156400794776; -0,047436501593725984; -0,18923601220331118; -0,06780849568147218; 2,1510571102112408E-16; -0,047436501593725935; 0,18923601220331127; 0,26165156400794737; 
1,4222403951135172; -0,2794005015025107; -0,050626939174876935; -0,201748926037927; -0,07232730272968728; -5,412337245047638E-16; -0,05062693917487706; 0,2017489260379271; 0,27940050150251167; 
1,4271110813981525; -0,2778407497477867; -0,0503701074751846; -0,2009179936443205; -0,07199449375365978; -6,670011765130823E-16; -0,050370107475184764; 0,20091799364432053; 0,2778407497477881; 
1,4319817676827877; -0,2576717246869317; -0,04672256977926498; -0,18646443490634984; -0,06680622042325263; -1,240327285323417E-16; -0,046722569779265; 0,18646443490634998; 0,2576717246869318; 
1,436852453967423; -0,22055359366046803; -0,0399905553450054; -0,15959561431669714; -0,057188325140684115; 4,896257010944538E-16; -0,039990555345005285; 0,15959561431669714; 0,22055359366046712; 
1,4417231402520583; -0,16906044549976929; -0,030691751884934497; -0,12282542969558494; -0,043969297723577085; 3,0747973611688906E-16; -0,03069175188493441; 0,12282542969558488; 0,16906044549976879; 
1,4465938265366936; -0,1076747304975186; -0,019597276001416263; -0,0788606953215802; -0,028175668496713328; -3,0921445959286586E-16; -0,01959727600141634; 0,0788606953215803; 0,10767473049751912; 
1,4514645128213288; -0,0414851280736279; -0,007594608206311604; -0,030981508462128424; -0,011030582644480985; -6,143089509302868E-16; -0,007594608206311764; 0,030981508462128354; 0,04148512807362924; 
1,456335199105964; 0,02495823320994138; 0,004427935272535723; 0,016772240893451827; 0,00610852483386934; -2,1732832547471936E-16; 0,0044279352725356685; -0,016772240893451782; -0,024958233209941; 
1,4612058853905994; 0,08655378142653378; 0,015569967132695445; 0,06102904389284991; 0,02199940333969418; 4,744468706796567E-16; 0,01556996713269557; -0,06102904389284992; -0,08655378142653476; 
